-- MySQL dump 10.13  Distrib 5.7.25, for Linux (x86_64)
--
-- Host: localhost    Database: delta
-- ------------------------------------------------------
-- Server version	5.7.25-0ubuntu0.18.04.2

/*!40101 SET @OLD_CHARACTER_SET_CLIENT=@@CHARACTER_SET_CLIENT */;
/*!40101 SET @OLD_CHARACTER_SET_RESULTS=@@CHARACTER_SET_RESULTS */;
/*!40101 SET @OLD_COLLATION_CONNECTION=@@COLLATION_CONNECTION */;
/*!40101 SET NAMES utf8 */;
/*!40103 SET @OLD_TIME_ZONE=@@TIME_ZONE */;
/*!40103 SET TIME_ZONE='+00:00' */;
/*!40014 SET @OLD_UNIQUE_CHECKS=@@UNIQUE_CHECKS, UNIQUE_CHECKS=0 */;
/*!40014 SET @OLD_FOREIGN_KEY_CHECKS=@@FOREIGN_KEY_CHECKS, FOREIGN_KEY_CHECKS=0 */;
/*!40101 SET @OLD_SQL_MODE=@@SQL_MODE, SQL_MODE='NO_AUTO_VALUE_ON_ZERO' */;
/*!40111 SET @OLD_SQL_NOTES=@@SQL_NOTES, SQL_NOTES=0 */;

--
-- Table structure for table `DELmovsRepoOtrasActiv`
--

DROP TABLE IF EXISTS `DELmovsRepoOtrasActiv`;
/*!40101 SET @saved_cs_client     = @@character_set_client */;
/*!40101 SET character_set_client = utf8 */;
CREATE TABLE `DELmovsRepoOtrasActiv` (
  `id` int(11) NOT NULL DEFAULT '0',
  `idRepo` int(11) NOT NULL,
  `actividad` char(12) DEFAULT NULL,
  `cantidad` int(11) NOT NULL,
  `idEmpleado` int(11) NOT NULL COMMENT 'a quien se le paga el destajo'
) ENGINE=InnoDB DEFAULT CHARSET=latin1;
/*!40101 SET character_set_client = @saved_cs_client */;

--
-- Dumping data for table `DELmovsRepoOtrasActiv`
--

LOCK TABLES `DELmovsRepoOtrasActiv` WRITE;
/*!40000 ALTER TABLE `DELmovsRepoOtrasActiv` DISABLE KEYS */;
INSERT INTO `DELmovsRepoOtrasActiv` VALUES (3,6,'hra',1,35);
INSERT INTO `DELmovsRepoOtrasActiv` VALUES (4,6,'hra',1,19);
INSERT INTO `DELmovsRepoOtrasActiv` VALUES (5,8,'hra',1,13);
INSERT INTO `DELmovsRepoOtrasActiv` VALUES (6,8,'hra',1,14);
INSERT INTO `DELmovsRepoOtrasActiv` VALUES (7,9,'hra',1,4);
INSERT INTO `DELmovsRepoOtrasActiv` VALUES (8,9,'hra',1,2);
INSERT INTO `DELmovsRepoOtrasActiv` VALUES (9,10,'ctCORONA',66,12);
INSERT INTO `DELmovsRepoOtrasActiv` VALUES (10,10,'ct43 1/4 1/2',20,12);
INSERT INTO `DELmovsRepoOtrasActiv` VALUES (11,11,'ctCORONA',26,36);
INSERT INTO `DELmovsRepoOtrasActiv` VALUES (12,11,'ct43 1/4 1/2',12,36);
INSERT INTO `DELmovsRepoOtrasActiv` VALUES (13,12,'ctCORONA',6,38);
INSERT INTO `DELmovsRepoOtrasActiv` VALUES (14,12,'ct43 1/4 1/2',76,38);
INSERT INTO `DELmovsRepoOtrasActiv` VALUES (15,18,'ctDAL 38X38',48,46);
INSERT INTO `DELmovsRepoOtrasActiv` VALUES (16,19,'hra',1,15);
INSERT INTO `DELmovsRepoOtrasActiv` VALUES (17,19,'hra',1,26);
INSERT INTO `DELmovsRepoOtrasActiv` VALUES (19,20,'Caja 2',11,25);
INSERT INTO `DELmovsRepoOtrasActiv` VALUES (20,20,'Caja 2',11,5);
INSERT INTO `DELmovsRepoOtrasActiv` VALUES (21,20,'hra',1,25);
INSERT INTO `DELmovsRepoOtrasActiv` VALUES (22,20,'hra',1,5);
INSERT INTO `DELmovsRepoOtrasActiv` VALUES (23,21,'hra',1,8);
INSERT INTO `DELmovsRepoOtrasActiv` VALUES (24,21,'hra',1,48);
INSERT INTO `DELmovsRepoOtrasActiv` VALUES (26,23,'ct43 1/4 1/2',58,17);
INSERT INTO `DELmovsRepoOtrasActiv` VALUES (27,24,'ct43 1/4 1/2',42,10);
INSERT INTO `DELmovsRepoOtrasActiv` VALUES (30,25,'ct43 1/4 1/2',47,30);
INSERT INTO `DELmovsRepoOtrasActiv` VALUES (31,25,'ctDAL 36X48',12,30);
INSERT INTO `DELmovsRepoOtrasActiv` VALUES (32,25,'hra Clava1',3,30);
INSERT INTO `DELmovsRepoOtrasActiv` VALUES (33,24,'hra Clava1',3,10);
INSERT INTO `DELmovsRepoOtrasActiv` VALUES (34,23,'hra Clava1',3,17);
INSERT INTO `DELmovsRepoOtrasActiv` VALUES (36,11,'hra Clava2',1,36);
INSERT INTO `DELmovsRepoOtrasActiv` VALUES (37,12,'hra Clava2',2,38);
INSERT INTO `DELmovsRepoOtrasActiv` VALUES (38,13,'ctDAL 38X38',48,46);
INSERT INTO `DELmovsRepoOtrasActiv` VALUES (39,13,'hra Clava2',3,46);
INSERT INTO `DELmovsRepoOtrasActiv` VALUES (40,26,'ctCORONA',66,12);
INSERT INTO `DELmovsRepoOtrasActiv` VALUES (41,26,'ct43 1/4 1/2',20,12);
INSERT INTO `DELmovsRepoOtrasActiv` VALUES (42,26,'hra Clava1',2,12);
INSERT INTO `DELmovsRepoOtrasActiv` VALUES (43,22,'hra Barrer',2,49);
INSERT INTO `DELmovsRepoOtrasActiv` VALUES (44,33,'YUGO',1100,22);
/*!40000 ALTER TABLE `DELmovsRepoOtrasActiv` ENABLE KEYS */;
UNLOCK TABLES;

--
-- Table structure for table `actividades`
--

DROP TABLE IF EXISTS `actividades`;
/*!40101 SET @saved_cs_client     = @@character_set_client */;
/*!40101 SET character_set_client = utf8 */;
CREATE TABLE `actividades` (
  `clave` char(12) NOT NULL,
  `descrip` char(50) DEFAULT NULL,
  `costo` decimal(9,4) DEFAULT NULL,
  `unidad` char(10) DEFAULT NULL,
  `tipo` enum('tabla','tarima','otro') DEFAULT 'otro',
  `inventario` int(11) NOT NULL DEFAULT '0' COMMENT 'invent# de claveValor -> tabla inventario',
  `proceso` int(11) DEFAULT '0',
  PRIMARY KEY (`clave`)
) ENGINE=InnoDB DEFAULT CHARSET=latin1;
/*!40101 SET character_set_client = @saved_cs_client */;

--
-- Dumping data for table `actividades`
--

LOCK TABLES `actividades` WRITE;
/*!40000 ALTER TABLE `actividades` DISABLE KEYS */;
INSERT INTO `actividades` VALUES ('1-2 Rabr','Abrir Rollos',8.0000,'Pieza','otro',0,0);
INSERT INTO `actividades` VALUES ('1-3 Rarr','Arrimar Rollos',20.0000,'HORA','otro',0,0);
INSERT INTO `actividades` VALUES ('1-4','Encuerdar Rollizos',18.7300,'HORA','otro',0,0);
INSERT INTO `actividades` VALUES ('1-5 Rcort','Corte de Rollo',250.0000,'viaje','otro',0,0);
INSERT INTO `actividades` VALUES ('10-1 EnTGA','Entongado  A',19.7900,'HORA','otro',0,0);
INSERT INTO `actividades` VALUES ('10-1 EnTGB','Entongado B',18.7500,'HORA','otro',0,0);
INSERT INTO `actividades` VALUES ('10-1 EnTGC','Entongado C',17.0800,'HORA','otro',0,0);
INSERT INTO `actividades` VALUES ('10-1 EnTGD','Entongado D',15.0000,'HORA','otro',0,0);
INSERT INTO `actividades` VALUES ('10-2  CAvA','Clavador(A) -Act. Varias en Area Aserrio',20.0000,'HORA','otro',0,0);
INSERT INTO `actividades` VALUES ('10-2  CAvC',' Clavador(A)  -Act. Varias en Area Clavado',20.0000,'HORA','otro',0,0);
INSERT INTO `actividades` VALUES ('10-2  CAvE','Clavador(A) -Act. Varias en Area Embarques',20.0000,'HORA','otro',0,0);
INSERT INTO `actividades` VALUES ('10-2  CAvP','Clavador(A) -Act. Varias en Area Patios',20.0000,'HORA','otro',0,0);
INSERT INTO `actividades` VALUES ('10-2  SCAv','S.cintero(A)-Act. Varias  Area Patios',25.0000,'HORA','otro',0,0);
INSERT INTO `actividades` VALUES ('10-2  SCBC','S.cintero(B)-Act.varias Area Clavado',27.0000,'HORA','otro',0,0);
INSERT INTO `actividades` VALUES ('10-2  SCBE','S.cintero(B)-Act.Varias  Area Embarques',62.1000,'HORA','otro',0,0);
INSERT INTO `actividades` VALUES ('10-2  SCBP','S.cintero(B)-Act. Varias  Area Patios',62.1000,'HORA','otro',0,0);
INSERT INTO `actividades` VALUES ('10-2  SCNP','S.cintero(A)-Act.Varias No Proceso Produccion',62.1900,'HORAS','otro',0,0);
INSERT INTO `actividades` VALUES ('10-2 AMtM','Mantenimiento Maquinas SC',17.0800,'HORA','otro',0,0);
INSERT INTO `actividades` VALUES ('10-2CAvE','CLAVADOR EN AREA DE CLAVADO E',31.0000,'HORA','otro',0,0);
INSERT INTO `actividades` VALUES ('10-4 StC','Seleccion de tarimas compradas',20.0000,'HORA','otro',0,0);
INSERT INTO `actividades` VALUES ('103-MVMat','Movimiento de  Materiales',18.7500,'HORA','otro',0,0);
INSERT INTO `actividades` VALUES ('2-1 AsCB','Aserrio rollito Cedro Blanco',0.6000,'pie-tabla','tabla',1,1);
INSERT INTO `actividades` VALUES ('2-1 AsEN','Aserrio rollito Encino',0.6000,'pie-tabla','tabla',1,1);
INSERT INTO `actividades` VALUES ('2-1 AsEu','Aserrio rollito Eucalipto',0.6000,'pie-tabla','tabla',1,1);
INSERT INTO `actividades` VALUES ('2-1 AsML','Aserrio rollito Melina',0.6000,'pie-tabla','tabla',1,1);
INSERT INTO `actividades` VALUES ('2-1 AsOH','Aserrio rollito Otras Hojosas',0.6000,'pie-tabla','tabla',1,1);
INSERT INTO `actividades` VALUES ('2-1 AsOY','Aserrio rollito oyamel',0.6000,'pie-tabla','tabla',1,1);
INSERT INTO `actividades` VALUES ('2-1 AsP','Aserrio rollito pino',0.6000,'pie-tabla','tabla',1,1);
INSERT INTO `actividades` VALUES ('2-2 AsCB','Aserrio rollo LD Cedro Blanco-8',1.0000,'pie-tabla','tabla',1,1);
INSERT INTO `actividades` VALUES ('2-2 AsEN','Aserrio rollo LD Encino-8',1.0000,'pie-tabla','tabla',1,1);
INSERT INTO `actividades` VALUES ('2-2 AsOY','Aserrio rollo LD Oyamel-8',1.0000,'pie-tabla','tabla',1,1);
INSERT INTO `actividades` VALUES ('2-2 AsP','Aserrio rollo LD pino  -8',1.0000,'pie-tabla','tabla',1,1);
INSERT INTO `actividades` VALUES ('2-2-1 AsCB','Aserrio rollo LD Cedro Blanco-8 1/4',1.0000,'pie-tabla','tabla',1,1);
INSERT INTO `actividades` VALUES ('2-2-1 AsEN','Aserrio rollo LD Encino-8 1/4',1.0000,'pie-tabla','tabla',1,1);
INSERT INTO `actividades` VALUES ('2-2-1 AsP','Aserrio rollo LD pino  -8 1/4',1.0000,'pie-tabla','tabla',1,1);
INSERT INTO `actividades` VALUES ('2-3 AsCBZ','Aserrio cajas -Cabecera',5.0000,'bulto','otro',0,0);
INSERT INTO `actividades` VALUES ('2-3 AsCJD','Aserrio cajas -Duela',12.0000,'bulto','otro',0,0);
INSERT INTO `actividades` VALUES ('2-3 AsCJE','Aserrio cajas -Esquinero',18.0000,'bulto','otro',0,0);
INSERT INTO `actividades` VALUES ('2-4-Rec2','Rectificado dos lados y recortado',0.1800,'pie-tabla','tabla',0,0);
INSERT INTO `actividades` VALUES ('3-1HjPV','Hojeado Pino de Viga-Delta',0.2150,'pie-tabla','tabla',0,0);
INSERT INTO `actividades` VALUES ('4-1 RcAGUI','Recorte tabla Aguilares',0.0400,'pie-tabla','tabla',1,2);
INSERT INTO `actividades` VALUES ('4-1 RcCD','Recorte Tabla Corona-Delta',0.0400,'pie-tabla','tabla',0,2);
INSERT INTO `actividades` VALUES ('4-1 RcCF','Recorte Tabla Corona -comprada',0.0400,'pie-tabla','tabla',0,2);
INSERT INTO `actividades` VALUES ('4-1 RcCMC','Recorte Tabla Mainland -comprada',0.0400,'pie-tabla','tabla',0,2);
INSERT INTO `actividades` VALUES ('4-1 RcCMD','Recorte Tabla Mainland-Delta',0.0400,'pie-tabla','tabla',0,2);
INSERT INTO `actividades` VALUES ('4-1 RcDD','Recorte Tabla Daltile-Delta',0.0400,'pie-tabla','tabla',0,2);
INSERT INTO `actividades` VALUES ('4-1 RcDF','Recorte Tabla Daltile-comprada',0.0400,'pie-tabla','tabla',0,2);
INSERT INTO `actividades` VALUES ('4-1 RcIQC','Recorte Tabla IEQSA -comprada',0.0400,'pie-tabla','tabla',0,2);
INSERT INTO `actividades` VALUES ('4-1 RcIQD','Recorte Tabla IEQSA-Delta',0.0400,'pie-tabla','tabla',0,2);
INSERT INTO `actividades` VALUES ('4-1Rc','Recorte',20.8300,'HORA','otro',0,0);
INSERT INTO `actividades` VALUES ('4-1RcAGCr','recorte tabla aguilares comprada',0.4000,'pie-tabla','tabla',0,2);
INSERT INTO `actividades` VALUES ('5-1- BrA','Borcelado',30.8300,'HORAS','otro',0,0);
INSERT INTO `actividades` VALUES ('5-1- BrB','Borcelado',20.8500,'HORA','otro',0,0);
INSERT INTO `actividades` VALUES ('5-1- BrC','Borcelado',19.7900,'HORAS','otro',0,0);
INSERT INTO `actividades` VALUES ('5-2 Yg','Saque de Yugo y Corte 45',0.2500,'pie-tabla','tabla',0,1);
INSERT INTO `actividades` VALUES ('5-4 Mp','Marcado de polin',20.8300,'HORA','otro',0,0);
INSERT INTO `actividades` VALUES ('5-4 Mp1','Marcado de polin',18.7500,'HORA','otro',0,0);
INSERT INTO `actividades` VALUES ('5-4 Mp2','Marcado de polin',30.8300,'HORA','otro',0,0);
INSERT INTO `actividades` VALUES ('5-4 MpCD','Marcado de polin Corona-Delta',20.8300,'HORA','otro',0,0);
INSERT INTO `actividades` VALUES ('5-4 MpCF','Marcado de polin Corona-Foranea',20.8300,'HORA','otro',0,0);
INSERT INTO `actividades` VALUES ('5-4 MpDD','Marcado de polin Daltile-Delta',20.8300,'HORA','otro',0,0);
INSERT INTO `actividades` VALUES ('5-4 MpDF','Marcado de polin Daltile-Foranea',20.8300,'HORA','otro',0,0);
INSERT INTO `actividades` VALUES ('6-1 BTrA','Baño-Limpieza Maderas-A',37.7500,'HORA','otro',0,0);
INSERT INTO `actividades` VALUES ('6-1 BTrB','Baño-Limpieza Maderas-B',30.7500,'HORA','otro',0,0);
INSERT INTO `actividades` VALUES ('6-1 BTrC','Baño-Limpieza Maderas-C',20.8300,'HORA','otro',0,0);
INSERT INTO `actividades` VALUES ('6-1 BTrD','Baño-Limpieza Maderas-D',19.7900,'HORA','otro',0,0);
INSERT INTO `actividades` VALUES ('6-1 BTrE','Baño-Limpieza Maderas-E',18.8500,'HORA','otro',0,0);
INSERT INTO `actividades` VALUES ('6-1 BTrF','Baño-Limpieza Maderas-F',18.7500,'HORA','otro',0,0);
INSERT INTO `actividades` VALUES ('7-1 0259D','Daltile 39\"x39\"',2.6400,'tarima','tarima',0,3);
INSERT INTO `actividades` VALUES ('7-1 AGUI01','40\"x48\"  Americana',1.2500,'Pieza','tarima',0,3);
INSERT INTO `actividades` VALUES ('8-1 CrA','Estufado-Corona',150.0000,'HORA','otro',0,0);
INSERT INTO `actividades` VALUES ('8-1 CrB','Estufado-Corona',100.0000,'otro','otro',0,0);
INSERT INTO `actividades` VALUES ('8-1 CrF','Estufado-Corona',200.0000,'HORA','otro',0,0);
INSERT INTO `actividades` VALUES ('8-1 EST','ESTUFADO',18.7500,'HORA','otro',0,0);
INSERT INTO `actividades` VALUES ('8-1 IEQA','Estufado-IEQSA',150.0000,'DIA','otro',0,0);
INSERT INTO `actividades` VALUES ('8-1 IEQB','Estufado-IEQSA',100.0000,'DIA','otro',0,0);
INSERT INTO `actividades` VALUES ('8-1 IEQF','Estufado-IEQSA',200.0000,'DIA','otro',0,0);
INSERT INTO `actividades` VALUES ('8-2 Velar','velar',142.8600,'DIA','otro',0,0);
INSERT INTO `actividades` VALUES ('9-1 PEmbA','Preparar embarque',19.7900,'HORA','otro',0,0);
INSERT INTO `actividades` VALUES ('9-1 PEmbB','Preparar embarque',18.7500,'HORA','otro',0,0);
INSERT INTO `actividades` VALUES ('9-1 PembC','Preparar embarque',16.6600,'HORA','otro',0,0);
INSERT INTO `actividades` VALUES ('ct 0085D','Daltile-38\" x 42.5\"',2.4600,'tarima','tarima',0,3);
INSERT INTO `actividades` VALUES ('ct0043D','Daltile- 38\" x 38\"',2.2100,'tarima','tarima',0,3);
INSERT INTO `actividades` VALUES ('ct0139D','Daltile- 43.25 x 43.25 CON 3/4',2.2800,'tarima','tarima',0,3);
INSERT INTO `actividades` VALUES ('ct0141D','Daltile-38.5\" x 43.25\"',1.9400,'tarima','tarima',0,3);
INSERT INTO `actividades` VALUES ('ct0141D+','Daltile- 39\" x 44\"',1.9400,'tarima','tarima',0,3);
INSERT INTO `actividades` VALUES ('ct0174D','Daltile- 36\" x 48\"',2.9000,'tarima','tarima',0,3);
INSERT INTO `actividades` VALUES ('ct0203D','Daltile- 31\"  X  34\"',2.2000,'tarima','tarima',0,3);
INSERT INTO `actividades` VALUES ('ct0207D','Daltile- 44\" x 46\"',2.2900,'tarima','tarima',0,3);
INSERT INTO `actividades` VALUES ('ct0224D','Daltile-44\"x49\"',2.6400,'tarima','tarima',0,3);
INSERT INTO `actividades` VALUES ('ct0236D','Daltile- 31\"  X  42\"',2.7600,'tarima','tarima',0,3);
INSERT INTO `actividades` VALUES ('ct0260D','Daltile-42\"x42\"',2.4600,'tarima','otro',0,3);
INSERT INTO `actividades` VALUES ('ctAGUI01','Aguilares 40\"x48\" Americana',2.4300,'tarima','otro',0,3);
INSERT INTO `actividades` VALUES ('ctAGUI02','Aguilares 1.00x1.20 Euro',1.9000,'tarima','otro',0,3);
INSERT INTO `actividades` VALUES ('ctCOR01','Corona- 40 x 48 Euro',3.5700,'tarima','tarima',0,3);
INSERT INTO `actividades` VALUES ('ctIEQ','IEQSA  40\" x 48\"',3.1000,'tarima','tarima',0,3);
INSERT INTO `actividades` VALUES ('ctMAI01','MAINLAND- 40 x 48 CON TAQUETE DE  9 TABLAS',3.2000,'tarima','tarima',0,3);
/*!40000 ALTER TABLE `actividades` ENABLE KEYS */;
UNLOCK TABLES;

--
-- Table structure for table `claveValor`
--

DROP TABLE IF EXISTS `claveValor`;
/*!40101 SET @saved_cs_client     = @@character_set_client */;
/*!40101 SET character_set_client = utf8 */;
CREATE TABLE `claveValor` (
  `clave` char(20) NOT NULL,
  `valor` char(255) DEFAULT NULL,
  PRIMARY KEY (`clave`)
) ENGINE=InnoDB DEFAULT CHARSET=latin1;
/*!40101 SET character_set_client = @saved_cs_client */;

--
-- Dumping data for table `claveValor`
--

LOCK TABLES `claveValor` WRITE;
/*!40000 ALTER TABLE `claveValor` DISABLE KEYS */;
INSERT INTO `claveValor` VALUES ('invent0','-- NO --');
INSERT INTO `claveValor` VALUES ('invent1','tablas');
INSERT INTO `claveValor` VALUES ('proceso0','Otros destajos');
INSERT INTO `claveValor` VALUES ('proceso1','Aserrio');
INSERT INTO `claveValor` VALUES ('proceso2','Corte a Longitud');
INSERT INTO `claveValor` VALUES ('proceso3','Clavado de Tarima');
INSERT INTO `claveValor` VALUES ('rDestajSCf1','2019-03-21');
INSERT INTO `claveValor` VALUES ('rDestajSCf2','2019-03-27');
INSERT INTO `claveValor` VALUES ('rProdf1','2019-02-28');
INSERT INTO `claveValor` VALUES ('rProdf2','2019-03-06');
/*!40000 ALTER TABLE `claveValor` ENABLE KEYS */;
UNLOCK TABLES;

--
-- Table structure for table `comprasMA`
--

DROP TABLE IF EXISTS `comprasMA`;
/*!40101 SET @saved_cs_client     = @@character_set_client */;
/*!40101 SET character_set_client = utf8 */;
CREATE TABLE `comprasMA` (
  `id` int(11) NOT NULL AUTO_INCREMENT,
  `fecha` date DEFAULT NULL,
  `proveedor` char(80) DEFAULT NULL,
  `observ` char(80) DEFAULT NULL,
  `editable` char(1) DEFAULT 's' COMMENT 'al cambiar a no editable se aplica al inventario',
  PRIMARY KEY (`id`)
) ENGINE=InnoDB AUTO_INCREMENT=19 DEFAULT CHARSET=latin1;
/*!40101 SET character_set_client = @saved_cs_client */;

--
-- Dumping data for table `comprasMA`
--

LOCK TABLES `comprasMA` WRITE;
/*!40000 ALTER TABLE `comprasMA` DISABLE KEYS */;
INSERT INTO `comprasMA` VALUES (4,'2019-01-05','EMIGDIO ORNELAS LOPEZ','Aserrada L.A.B planta','s');
INSERT INTO `comprasMA` VALUES (5,'2019-01-09','EMIGDIO ORNELAS LOPEZ','Aserrada L.A.B planta','s');
INSERT INTO `comprasMA` VALUES (6,'2019-01-11','EMIGDIO ORNELAS LOPEZ','Aserrada L.A.B planta','s');
INSERT INTO `comprasMA` VALUES (7,'2019-01-12','EMIGDIO ORNELAS LOPEZ','Aserrada L.A.B planta','s');
INSERT INTO `comprasMA` VALUES (10,'2019-01-17','EMIGDIO ORNELAS LOPEZ','Aserrada L.A.B planta','s');
INSERT INTO `comprasMA` VALUES (11,'2019-01-18','EMIGDIO ORNELAS LOPEZ','Aserrada L.A.B planta','s');
INSERT INTO `comprasMA` VALUES (12,'2019-01-21','EMIGDIO ORNELAS LOPEZ','Aserrada L.A.B planta','s');
INSERT INTO `comprasMA` VALUES (13,'2019-01-30','EMIGDIO ORNELAS LOPEZ','Aserrada L.A.B planta','s');
INSERT INTO `comprasMA` VALUES (14,'2019-01-05','JUAN ROSALES SOBERANO','Aserrada L.A.B planta','s');
INSERT INTO `comprasMA` VALUES (15,'2019-01-17','JUAN ROSALES SOBERANO','Aserrada L.A.B planta','s');
INSERT INTO `comprasMA` VALUES (16,'2019-01-28','JUAN ROSALES SOBERANO','Aserrada L.A.B planta','s');
INSERT INTO `comprasMA` VALUES (17,'2019-01-03','VICTOR EFRAIN GALLARDO SOBERANO','Aserrada L.A.B planta','s');
INSERT INTO `comprasMA` VALUES (18,'2019-01-09','VICTOR EFRAIN GALLARDO SOBERANO','Aserrada L.A.B planta','s');
/*!40000 ALTER TABLE `comprasMA` ENABLE KEYS */;
UNLOCK TABLES;

--
-- Table structure for table `comprasMAmovs`
--

DROP TABLE IF EXISTS `comprasMAmovs`;
/*!40101 SET @saved_cs_client     = @@character_set_client */;
/*!40101 SET character_set_client = utf8 */;
CREATE TABLE `comprasMAmovs` (
  `id` int(11) NOT NULL AUTO_INCREMENT,
  `idComprasMA` int(11) NOT NULL,
  `idtabla` int(11) NOT NULL,
  `cantidad` int(11) NOT NULL,
  PRIMARY KEY (`id`),
  KEY `idComprasMA` (`idComprasMA`)
) ENGINE=InnoDB AUTO_INCREMENT=59 DEFAULT CHARSET=latin1;
/*!40101 SET character_set_client = @saved_cs_client */;

--
-- Dumping data for table `comprasMAmovs`
--

LOCK TABLES `comprasMAmovs` WRITE;
/*!40000 ALTER TABLE `comprasMAmovs` DISABLE KEYS */;
INSERT INTO `comprasMAmovs` VALUES (1,4,257,2832);
INSERT INTO `comprasMAmovs` VALUES (2,4,260,11504);
INSERT INTO `comprasMAmovs` VALUES (3,5,257,2179);
INSERT INTO `comprasMAmovs` VALUES (4,5,260,9990);
INSERT INTO `comprasMAmovs` VALUES (5,5,269,1360);
INSERT INTO `comprasMAmovs` VALUES (6,5,274,371);
INSERT INTO `comprasMAmovs` VALUES (7,5,258,499);
INSERT INTO `comprasMAmovs` VALUES (9,6,265,4682);
INSERT INTO `comprasMAmovs` VALUES (10,6,264,2184);
INSERT INTO `comprasMAmovs` VALUES (11,6,241,2198);
INSERT INTO `comprasMAmovs` VALUES (12,6,257,1188);
INSERT INTO `comprasMAmovs` VALUES (13,6,260,2573);
INSERT INTO `comprasMAmovs` VALUES (14,7,268,4679);
INSERT INTO `comprasMAmovs` VALUES (15,7,281,1766);
INSERT INTO `comprasMAmovs` VALUES (16,7,257,964);
INSERT INTO `comprasMAmovs` VALUES (17,7,274,891);
INSERT INTO `comprasMAmovs` VALUES (18,7,260,4619);
INSERT INTO `comprasMAmovs` VALUES (19,10,268,3352);
INSERT INTO `comprasMAmovs` VALUES (20,10,281,1850);
INSERT INTO `comprasMAmovs` VALUES (21,10,257,205);
INSERT INTO `comprasMAmovs` VALUES (23,10,260,2379);
INSERT INTO `comprasMAmovs` VALUES (24,10,271,1250);
INSERT INTO `comprasMAmovs` VALUES (25,10,272,3499);
INSERT INTO `comprasMAmovs` VALUES (26,10,273,1094);
INSERT INTO `comprasMAmovs` VALUES (27,11,257,673);
INSERT INTO `comprasMAmovs` VALUES (28,11,260,6673);
INSERT INTO `comprasMAmovs` VALUES (29,11,271,1260);
INSERT INTO `comprasMAmovs` VALUES (30,11,250,4549);
INSERT INTO `comprasMAmovs` VALUES (31,11,273,1998);
INSERT INTO `comprasMAmovs` VALUES (32,12,257,1341);
INSERT INTO `comprasMAmovs` VALUES (33,12,260,6701);
INSERT INTO `comprasMAmovs` VALUES (34,12,281,1927);
INSERT INTO `comprasMAmovs` VALUES (35,12,268,2999);
INSERT INTO `comprasMAmovs` VALUES (36,12,258,94);
INSERT INTO `comprasMAmovs` VALUES (37,13,274,1794);
INSERT INTO `comprasMAmovs` VALUES (38,13,260,993);
INSERT INTO `comprasMAmovs` VALUES (39,13,269,3414);
INSERT INTO `comprasMAmovs` VALUES (40,13,281,1007);
INSERT INTO `comprasMAmovs` VALUES (41,13,271,1150);
INSERT INTO `comprasMAmovs` VALUES (42,13,273,1179);
INSERT INTO `comprasMAmovs` VALUES (43,13,272,2278);
INSERT INTO `comprasMAmovs` VALUES (44,13,268,1615);
INSERT INTO `comprasMAmovs` VALUES (45,14,288,1780);
INSERT INTO `comprasMAmovs` VALUES (46,14,222,900);
INSERT INTO `comprasMAmovs` VALUES (47,15,288,1752);
INSERT INTO `comprasMAmovs` VALUES (50,15,222,876);
INSERT INTO `comprasMAmovs` VALUES (51,16,288,1769);
INSERT INTO `comprasMAmovs` VALUES (52,16,222,1360);
INSERT INTO `comprasMAmovs` VALUES (53,17,288,910);
INSERT INTO `comprasMAmovs` VALUES (54,17,222,490);
INSERT INTO `comprasMAmovs` VALUES (55,17,223,55);
INSERT INTO `comprasMAmovs` VALUES (56,18,288,980);
INSERT INTO `comprasMAmovs` VALUES (57,18,222,570);
INSERT INTO `comprasMAmovs` VALUES (58,18,223,60);
/*!40000 ALTER TABLE `comprasMAmovs` ENABLE KEYS */;
UNLOCK TABLES;

--
-- Table structure for table `deftarima`
--

DROP TABLE IF EXISTS `deftarima`;
/*!40101 SET @saved_cs_client     = @@character_set_client */;
/*!40101 SET character_set_client = utf8 */;
CREATE TABLE `deftarima` (
  `id` int(11) NOT NULL AUTO_INCREMENT,
  `idtarima` int(11) NOT NULL,
  `idtabla` int(11) NOT NULL,
  `cantidad` int(11) NOT NULL,
  PRIMARY KEY (`id`)
) ENGINE=InnoDB AUTO_INCREMENT=195 DEFAULT CHARSET=latin1;
/*!40101 SET character_set_client = @saved_cs_client */;

--
-- Dumping data for table `deftarima`
--

LOCK TABLES `deftarima` WRITE;
/*!40000 ALTER TABLE `deftarima` DISABLE KEYS */;
INSERT INTO `deftarima` VALUES (107,27,224,2);
INSERT INTO `deftarima` VALUES (108,27,225,6);
INSERT INTO `deftarima` VALUES (109,27,226,2);
INSERT INTO `deftarima` VALUES (110,27,227,2);
INSERT INTO `deftarima` VALUES (111,27,248,4);
INSERT INTO `deftarima` VALUES (115,29,243,9);
INSERT INTO `deftarima` VALUES (116,29,249,5);
INSERT INTO `deftarima` VALUES (117,29,245,4);
INSERT INTO `deftarima` VALUES (118,30,246,7);
INSERT INTO `deftarima` VALUES (119,30,246,4);
INSERT INTO `deftarima` VALUES (120,30,247,4);
INSERT INTO `deftarima` VALUES (121,31,228,9);
INSERT INTO `deftarima` VALUES (122,31,229,4);
INSERT INTO `deftarima` VALUES (123,31,228,4);
INSERT INTO `deftarima` VALUES (124,32,250,8);
INSERT INTO `deftarima` VALUES (125,32,248,4);
INSERT INTO `deftarima` VALUES (126,32,251,4);
INSERT INTO `deftarima` VALUES (127,33,242,8);
INSERT INTO `deftarima` VALUES (130,34,230,9);
INSERT INTO `deftarima` VALUES (131,34,231,4);
INSERT INTO `deftarima` VALUES (132,34,232,4);
INSERT INTO `deftarima` VALUES (133,35,254,11);
INSERT INTO `deftarima` VALUES (134,35,230,4);
INSERT INTO `deftarima` VALUES (136,36,235,6);
INSERT INTO `deftarima` VALUES (137,36,255,4);
INSERT INTO `deftarima` VALUES (139,36,236,3);
INSERT INTO `deftarima` VALUES (140,36,206,3);
INSERT INTO `deftarima` VALUES (141,36,256,6);
INSERT INTO `deftarima` VALUES (142,36,238,2);
INSERT INTO `deftarima` VALUES (143,36,239,3);
INSERT INTO `deftarima` VALUES (144,37,235,9);
INSERT INTO `deftarima` VALUES (145,37,236,3);
INSERT INTO `deftarima` VALUES (146,37,205,3);
INSERT INTO `deftarima` VALUES (147,37,206,6);
INSERT INTO `deftarima` VALUES (148,37,235,2);
INSERT INTO `deftarima` VALUES (149,37,237,3);
INSERT INTO `deftarima` VALUES (150,38,235,8);
INSERT INTO `deftarima` VALUES (151,38,236,3);
INSERT INTO `deftarima` VALUES (152,38,205,3);
INSERT INTO `deftarima` VALUES (153,38,206,6);
INSERT INTO `deftarima` VALUES (154,38,235,2);
INSERT INTO `deftarima` VALUES (155,38,237,3);
INSERT INTO `deftarima` VALUES (156,39,230,7);
INSERT INTO `deftarima` VALUES (157,39,230,4);
INSERT INTO `deftarima` VALUES (159,39,296,4);
INSERT INTO `deftarima` VALUES (160,40,299,11);
INSERT INTO `deftarima` VALUES (161,40,300,4);
INSERT INTO `deftarima` VALUES (162,40,299,4);
INSERT INTO `deftarima` VALUES (171,43,311,4);
INSERT INTO `deftarima` VALUES (172,43,312,7);
INSERT INTO `deftarima` VALUES (173,43,314,3);
INSERT INTO `deftarima` VALUES (174,43,312,4);
INSERT INTO `deftarima` VALUES (175,35,307,4);
INSERT INTO `deftarima` VALUES (177,33,240,4);
INSERT INTO `deftarima` VALUES (178,33,241,4);
INSERT INTO `deftarima` VALUES (179,44,325,10);
INSERT INTO `deftarima` VALUES (180,44,296,4);
INSERT INTO `deftarima` VALUES (181,44,326,2);
INSERT INTO `deftarima` VALUES (182,44,325,2);
INSERT INTO `deftarima` VALUES (183,46,327,10);
INSERT INTO `deftarima` VALUES (184,46,300,4);
INSERT INTO `deftarima` VALUES (185,46,327,2);
INSERT INTO `deftarima` VALUES (186,47,332,7);
INSERT INTO `deftarima` VALUES (187,47,333,3);
INSERT INTO `deftarima` VALUES (188,47,332,2);
INSERT INTO `deftarima` VALUES (189,47,334,3);
INSERT INTO `deftarima` VALUES (193,47,205,3);
INSERT INTO `deftarima` VALUES (194,47,206,6);
/*!40000 ALTER TABLE `deftarima` ENABLE KEYS */;
UNLOCK TABLES;

--
-- Table structure for table `destajos`
--

DROP TABLE IF EXISTS `destajos`;
/*!40101 SET @saved_cs_client     = @@character_set_client */;
/*!40101 SET character_set_client = utf8 */;
CREATE TABLE `destajos` (
  `id` int(11) NOT NULL AUTO_INCREMENT,
  `fecha` date DEFAULT NULL,
  `empleado` int(11) DEFAULT NULL,
  `nombre` char(60) DEFAULT NULL,
  `pctj` int(11) DEFAULT NULL,
  `idmov` int(11) NOT NULL DEFAULT '0' COMMENT 'id en movsRepoDimensionado',
  `idrepo` int(11) NOT NULL,
  `actividad` char(10) NOT NULL COMMENT 'aserrio u hojeado',
  `activ` char(50) DEFAULT NULL,
  `cantidad` decimal(13,3) DEFAULT NULL,
  `idtabla` int(11) NOT NULL COMMENT 'la tabla incluye la especie de madera',
  `especie` char(20) DEFAULT NULL,
  `medidas` char(50) DEFAULT NULL,
  `volpt` decimal(19,4) DEFAULT NULL,
  `costo` decimal(9,4) DEFAULT NULL,
  `destajo` decimal(33,2) DEFAULT NULL,
  `proceso` int(11) DEFAULT NULL,
  PRIMARY KEY (`id`),
  KEY `fecha` (`fecha`),
  KEY `empleado` (`empleado`)
) ENGINE=InnoDB AUTO_INCREMENT=427 DEFAULT CHARSET=latin1;
/*!40101 SET character_set_client = @saved_cs_client */;

--
-- Dumping data for table `destajos`
--

LOCK TABLES `destajos` WRITE;
/*!40000 ALTER TABLE `destajos` DISABLE KEYS */;
INSERT INTO `destajos` VALUES (1,'2019-03-21',87,'SERVIN GARFIAS GILDARDO',50,1647,502,'2-1 AsCB','Aserrio rollito Cedro Blanco',1000.000,181,'CEDRO BLANCO','1/2x4x105',574.1000,0.6000,172.23,1);
INSERT INTO `destajos` VALUES (2,'2019-03-21',87,'SERVIN GARFIAS GILDARDO',50,1648,502,'2-1 AsCB','Aserrio rollito Cedro Blanco',750.000,179,'CEDRO BLANCO','1/2x3 1/2x105',376.8000,0.6000,113.04,1);
INSERT INTO `destajos` VALUES (3,'2019-03-21',87,'SERVIN GARFIAS GILDARDO',50,1649,502,'2-1 AsCB','Aserrio rollito Cedro Blanco',90.000,176,'CEDRO BLANCO','1/2x3x105',38.7540,0.6000,11.63,1);
INSERT INTO `destajos` VALUES (4,'2019-03-21',88,' TALAVERA MORALES ANTONIO',50,1650,503,'2-1 AsCB','Aserrio rollito Cedro Blanco',900.000,181,'CEDRO BLANCO','1/2x4x105',516.6900,0.6000,155.01,1);
INSERT INTO `destajos` VALUES (5,'2019-03-21',88,' TALAVERA MORALES ANTONIO',50,1651,503,'2-1 AsCB','Aserrio rollito Cedro Blanco',416.000,179,'CEDRO BLANCO','1/2x3 1/2x105',208.9984,0.6000,62.70,1);
INSERT INTO `destajos` VALUES (6,'2019-03-21',88,' TALAVERA MORALES ANTONIO',50,1716,503,'2-1 AsCB','Aserrio rollito Cedro Blanco',70.000,176,'CEDRO BLANCO','1/2x3x105',30.1420,0.6000,9.04,1);
INSERT INTO `destajos` VALUES (7,'2019-03-21',88,' TALAVERA MORALES ANTONIO',50,1717,503,'2-1 AsCB','Aserrio rollito Cedro Blanco',240.000,195,'CEDRO BLANCO','5/8x4x115',188.6400,0.6000,56.59,1);
INSERT INTO `destajos` VALUES (8,'2019-03-21',88,' TALAVERA MORALES ANTONIO',50,1718,503,'2-1 AsCB','Aserrio rollito Cedro Blanco',70.000,192,'CEDRO BLANCO','5/8x3x115',41.2650,0.6000,12.38,1);
INSERT INTO `destajos` VALUES (9,'2019-03-21',93,'TALAVERA MORALES ERASMO',50,1655,504,'2-1 AsP','Aserrio rollito pino',884.000,218,'PINO','5/8x4x115',694.8240,0.6000,208.45,1);
INSERT INTO `destajos` VALUES (10,'2019-03-21',93,'TALAVERA MORALES ERASMO',50,1656,504,'2-1 AsP','Aserrio rollito pino',660.000,291,'PINO','1/2x3x115',311.2560,0.6000,93.38,1);
INSERT INTO `destajos` VALUES (11,'2019-03-21',93,'TALAVERA MORALES ERASMO',50,1657,504,'2-1 AsP','Aserrio rollito pino',600.000,222,'PINO','3 1/2x3 1/2x5',255.1800,0.6000,76.55,1);
INSERT INTO `destajos` VALUES (12,'2019-03-21',93,'TALAVERA MORALES ERASMO',50,1658,504,'2-1 AsP','Aserrio rollito pino',300.000,223,'PINO','3 1/2x3 1/2x3 1/2',89.3100,0.6000,26.79,1);
INSERT INTO `destajos` VALUES (13,'2019-03-21',72,'MONTAÑO PAHUA RAFAEL',50,1659,505,'2-1 AsP','Aserrio rollito pino',500.000,280,'PINO','1/2x3 1/2x115',275.1000,0.6000,82.53,1);
INSERT INTO `destajos` VALUES (14,'2019-03-21',72,'MONTAÑO PAHUA RAFAEL',50,1660,505,'2-1 AsP','Aserrio rollito pino',310.000,291,'PINO','1/2x3x115',146.1960,0.6000,43.86,1);
INSERT INTO `destajos` VALUES (15,'2019-03-21',72,'MONTAÑO PAHUA RAFAEL',50,1661,505,'2-1 AsP','Aserrio rollito pino',140.000,319,'PINO','1/2x2 1/2x115',55.0200,0.6000,16.51,1);
INSERT INTO `destajos` VALUES (16,'2019-03-21',72,'MONTAÑO PAHUA RAFAEL',50,1662,505,'2-1 AsP','Aserrio rollito pino',600.000,222,'PINO','3 1/2x3 1/2x5',255.1800,0.6000,76.55,1);
INSERT INTO `destajos` VALUES (17,'2019-03-21',72,'MONTAÑO PAHUA RAFAEL',50,1663,505,'2-1 AsP','Aserrio rollito pino',300.000,223,'PINO','3 1/2x3 1/2x3 1/2',89.3100,0.6000,26.79,1);
INSERT INTO `destajos` VALUES (18,'2019-03-22',93,'TALAVERA MORALES ERASMO',50,1664,506,'2-1 AsCB','Aserrio rollito Cedro Blanco',1500.000,230,'CEDRO BLANCO','5/8x4x44',1145.8500,0.6000,343.76,1);
INSERT INTO `destajos` VALUES (19,'2019-03-22',93,'TALAVERA MORALES ERASMO',50,1665,506,'2-1 AsCB','Aserrio rollito Cedro Blanco',160.000,180,'CEDRO BLANCO','1/2x3 1/2x115',88.0320,0.6000,26.41,1);
INSERT INTO `destajos` VALUES (20,'2019-03-22',72,'MONTAÑO PAHUA RAFAEL',50,1666,507,'2-1 AsP','Aserrio rollito pino',900.000,218,'PINO','5/8x4x115',707.4000,0.6000,212.22,1);
INSERT INTO `destajos` VALUES (21,'2019-03-22',72,'MONTAÑO PAHUA RAFAEL',50,1719,507,'2-1 AsP','Aserrio rollito pino',180.000,280,'PINO','1/2x3 1/2x115',99.0360,0.6000,29.71,1);
INSERT INTO `destajos` VALUES (22,'2019-03-22',72,'MONTAÑO PAHUA RAFAEL',50,1720,507,'2-1 AsP','Aserrio rollito pino',50.000,319,'PINO','1/2x2 1/2x115',19.6500,0.6000,5.90,1);
INSERT INTO `destajos` VALUES (23,'2019-03-22',87,'SERVIN GARFIAS GILDARDO',50,1673,509,'2-1 AsP','Aserrio rollito pino',274.000,213,'PINO','1 1/4x3 1/2x105',344.1166,0.6000,103.23,1);
INSERT INTO `destajos` VALUES (24,'2019-03-22',87,'SERVIN GARFIAS GILDARDO',50,1674,509,'2-1 AsP','Aserrio rollito pino',1320.000,212,'PINO','1/2x4x105',757.8120,0.6000,227.34,1);
INSERT INTO `destajos` VALUES (25,'2019-03-22',87,'SERVIN GARFIAS GILDARDO',50,1675,509,'2-1 AsP','Aserrio rollito pino',283.000,211,'PINO','1/2x3 1/2x105',142.1792,0.6000,42.65,1);
INSERT INTO `destajos` VALUES (26,'2019-03-22',87,'SERVIN GARFIAS GILDARDO',50,1676,509,'2-1 AsP','Aserrio rollito pino',180.000,286,'PINO','1/2x3x105',77.5080,0.6000,23.25,1);
INSERT INTO `destajos` VALUES (27,'2019-03-22',88,' TALAVERA MORALES ANTONIO',50,1677,510,'2-1 AsCB','Aserrio rollito Cedro Blanco',600.000,195,'CEDRO BLANCO','5/8x4x115',471.6000,0.6000,141.48,1);
INSERT INTO `destajos` VALUES (28,'2019-03-22',88,' TALAVERA MORALES ANTONIO',50,1678,510,'2-1 AsCB','Aserrio rollito Cedro Blanco',80.000,192,'CEDRO BLANCO','5/8x3x115',47.1600,0.6000,14.15,1);
INSERT INTO `destajos` VALUES (29,'2019-03-22',88,' TALAVERA MORALES ANTONIO',50,1679,510,'2-1 AsP','Aserrio rollito pino',441.000,213,'PINO','1 1/4x3 1/2x105',553.8519,0.6000,166.16,1);
INSERT INTO `destajos` VALUES (30,'2019-03-22',88,' TALAVERA MORALES ANTONIO',50,1680,510,'2-1 AsP','Aserrio rollito pino',100.000,211,'PINO','1/2x3 1/2x105',50.2400,0.6000,15.07,1);
INSERT INTO `destajos` VALUES (31,'2019-03-22',88,' TALAVERA MORALES ANTONIO',50,1681,510,'2-1 AsP','Aserrio rollito pino',120.000,286,'PINO','1/2x3x105',51.6720,0.6000,15.50,1);
INSERT INTO `destajos` VALUES (32,'2019-03-23',87,'SERVIN GARFIAS GILDARDO',50,1682,511,'2-1 AsP','Aserrio rollito pino',539.000,213,'PINO','1 1/4x3 1/2x105',676.9301,0.6000,203.08,1);
INSERT INTO `destajos` VALUES (33,'2019-03-23',87,'SERVIN GARFIAS GILDARDO',50,1683,511,'2-1 AsP','Aserrio rollito pino',74.000,211,'PINO','1/2x3 1/2x105',37.1776,0.6000,11.15,1);
INSERT INTO `destajos` VALUES (34,'2019-03-23',87,'SERVIN GARFIAS GILDARDO',50,1684,511,'2-1 AsP','Aserrio rollito pino',20.000,286,'PINO','1/2x3x105',8.6120,0.6000,2.58,1);
INSERT INTO `destajos` VALUES (35,'2019-03-23',88,' TALAVERA MORALES ANTONIO',50,1685,513,'2-1 AsP','Aserrio rollito pino',338.000,213,'PINO','1 1/4x3 1/2x105',424.4942,0.6000,127.35,1);
INSERT INTO `destajos` VALUES (36,'2019-03-23',88,' TALAVERA MORALES ANTONIO',50,1686,513,'2-1 AsP','Aserrio rollito pino',87.000,211,'PINO','1/2x3 1/2x105',43.7088,0.6000,13.11,1);
INSERT INTO `destajos` VALUES (37,'2019-03-23',88,' TALAVERA MORALES ANTONIO',50,1687,513,'2-1 AsP','Aserrio rollito pino',100.000,286,'PINO','1/2x3x105',43.0600,0.6000,12.92,1);
INSERT INTO `destajos` VALUES (38,'2019-03-23',88,' TALAVERA MORALES ANTONIO',50,1688,513,'2-1 AsCB','Aserrio rollito Cedro Blanco',237.000,195,'CEDRO BLANCO','5/8x4x115',186.2820,0.6000,55.88,1);
INSERT INTO `destajos` VALUES (39,'2019-03-23',88,' TALAVERA MORALES ANTONIO',50,1689,513,'2-1 AsCB','Aserrio rollito Cedro Blanco',80.000,192,'CEDRO BLANCO','5/8x3x115',47.1600,0.6000,14.15,1);
INSERT INTO `destajos` VALUES (40,'2019-03-23',54,'ALONSO NAMBO IGNACIO',50,1690,514,'2-1 AsCB','Aserrio rollito Cedro Blanco',500.000,206,'CEDRO BLANCO','3 1/2x3 1/2x5',212.6500,0.6000,63.80,1);
INSERT INTO `destajos` VALUES (41,'2019-03-23',54,'ALONSO NAMBO IGNACIO',50,1691,514,'2-1 AsCB','Aserrio rollito Cedro Blanco',150.000,192,'CEDRO BLANCO','5/8x3x115',88.4250,0.6000,26.53,1);
INSERT INTO `destajos` VALUES (42,'2019-03-23',54,'ALONSO NAMBO IGNACIO',50,1692,514,'2-1 AsCB','Aserrio rollito Cedro Blanco',400.000,195,'CEDRO BLANCO','5/8x4x115',314.4000,0.6000,94.32,1);
INSERT INTO `destajos` VALUES (43,'2019-03-23',93,'TALAVERA MORALES ERASMO',50,1693,515,'2-1 AsCB','Aserrio rollito Cedro Blanco',631.000,209,'CEDRO BLANCO','3/4x3 1/2x125',566.0701,0.6000,169.82,1);
INSERT INTO `destajos` VALUES (44,'2019-03-23',93,'TALAVERA MORALES ERASMO',50,1694,515,'2-1 AsCB','Aserrio rollito Cedro Blanco',57.000,193,'CEDRO BLANCO','5/8x3x125',36.5256,0.6000,10.96,1);
INSERT INTO `destajos` VALUES (45,'2019-03-23',72,'MONTAÑO PAHUA RAFAEL',50,1696,516,'2-1 AsP','Aserrio rollito pino',350.000,222,'PINO','3 1/2x3 1/2x5',148.8550,0.6000,44.66,1);
INSERT INTO `destajos` VALUES (46,'2019-03-23',72,'MONTAÑO PAHUA RAFAEL',50,1697,516,'2-1 AsP','Aserrio rollito pino',28.000,223,'PINO','3 1/2x3 1/2x3 1/2',8.3356,0.6000,2.50,1);
INSERT INTO `destajos` VALUES (47,'2019-03-25',88,' TALAVERA MORALES ANTONIO',50,1698,517,'2-1 AsCB','Aserrio rollito Cedro Blanco',500.000,192,'CEDRO BLANCO','5/8x3x115',294.7500,0.6000,88.43,1);
INSERT INTO `destajos` VALUES (48,'2019-03-25',88,' TALAVERA MORALES ANTONIO',50,1699,517,'2-1 AsP','Aserrio rollito pino',604.000,213,'PINO','1 1/4x3 1/2x105',758.5636,0.6000,227.57,1);
INSERT INTO `destajos` VALUES (49,'2019-03-25',88,' TALAVERA MORALES ANTONIO',50,1700,517,'2-1 AsP','Aserrio rollito pino',200.000,286,'PINO','1/2x3x105',86.1200,0.6000,25.84,1);
INSERT INTO `destajos` VALUES (50,'2019-03-25',88,' TALAVERA MORALES ANTONIO',50,1701,517,'2-1 AsP','Aserrio rollito pino',150.000,211,'PINO','1/2x3 1/2x105',75.3600,0.6000,22.61,1);
INSERT INTO `destajos` VALUES (51,'2019-03-25',87,'SERVIN GARFIAS GILDARDO',50,1702,518,'2-1 AsP','Aserrio rollito pino',600.000,213,'PINO','1 1/4x3 1/2x105',753.5400,0.6000,226.06,1);
INSERT INTO `destajos` VALUES (52,'2019-03-25',87,'SERVIN GARFIAS GILDARDO',50,1703,518,'2-1 AsP','Aserrio rollito pino',108.000,211,'PINO','1/2x3 1/2x105',54.2592,0.6000,16.28,1);
INSERT INTO `destajos` VALUES (53,'2019-03-25',87,'SERVIN GARFIAS GILDARDO',50,1704,518,'2-1 AsCB','Aserrio rollito Cedro Blanco',267.000,187,'CEDRO BLANCO','1 1/4x3 1/2x125',399.2184,0.6000,119.77,1);
INSERT INTO `destajos` VALUES (54,'2019-03-25',87,'SERVIN GARFIAS GILDARDO',50,1705,518,'2-1 AsCB','Aserrio rollito Cedro Blanco',37.000,209,'CEDRO BLANCO','3/4x3 1/2x125',33.1927,0.6000,9.96,1);
INSERT INTO `destajos` VALUES (55,'2019-03-25',87,'SERVIN GARFIAS GILDARDO',50,1706,518,'2-1 AsCB','Aserrio rollito Cedro Blanco',32.000,289,'CEDRO BLANCO','1/2x3 1/2x125',19.1392,0.6000,5.74,1);
INSERT INTO `destajos` VALUES (56,'2019-03-25',54,'ALONSO NAMBO IGNACIO',50,1707,519,'2-1 AsCB','Aserrio rollito Cedro Blanco',810.000,195,'CEDRO BLANCO','5/8x4x115',636.6600,0.6000,191.00,1);
INSERT INTO `destajos` VALUES (57,'2019-03-25',54,'ALONSO NAMBO IGNACIO',50,1708,519,'2-1 AsCB','Aserrio rollito Cedro Blanco',760.000,192,'CEDRO BLANCO','5/8x3x115',448.0200,0.6000,134.41,1);
INSERT INTO `destajos` VALUES (58,'2019-03-26',88,' TALAVERA MORALES ANTONIO',50,1727,522,'2-1 AsP','Aserrio rollito pino',500.000,215,'PINO','5/8x3x115',294.7500,0.6000,88.43,1);
INSERT INTO `destajos` VALUES (59,'2019-03-26',88,' TALAVERA MORALES ANTONIO',50,1728,522,'2-1 AsP','Aserrio rollito pino',604.000,213,'PINO','1 1/4x3 1/2x105',758.5636,0.6000,227.57,1);
INSERT INTO `destajos` VALUES (60,'2019-03-26',88,' TALAVERA MORALES ANTONIO',50,1729,522,'2-1 AsP','Aserrio rollito pino',200.000,286,'PINO','1/2x3x105',86.1200,0.6000,25.84,1);
INSERT INTO `destajos` VALUES (61,'2019-03-26',88,' TALAVERA MORALES ANTONIO',50,1730,522,'2-1 AsP','Aserrio rollito pino',150.000,211,'PINO','1/2x3 1/2x105',75.3600,0.6000,22.61,1);
INSERT INTO `destajos` VALUES (62,'2019-03-26',87,'SERVIN GARFIAS GILDARDO',50,1731,523,'2-1 AsP','Aserrio rollito pino',600.000,213,'PINO','1 1/4x3 1/2x105',753.5400,0.6000,226.06,1);
INSERT INTO `destajos` VALUES (63,'2019-03-26',87,'SERVIN GARFIAS GILDARDO',50,1732,523,'2-1 AsP','Aserrio rollito pino',108.000,211,'PINO','1/2x3 1/2x105',54.2592,0.6000,16.28,1);
INSERT INTO `destajos` VALUES (64,'2019-03-26',87,'SERVIN GARFIAS GILDARDO',50,1733,523,'2-1 AsCB','Aserrio rollito Cedro Blanco',267.000,187,'CEDRO BLANCO','1 1/4x3 1/2x125',399.2184,0.6000,119.77,1);
INSERT INTO `destajos` VALUES (65,'2019-03-26',87,'SERVIN GARFIAS GILDARDO',50,1734,523,'2-1 AsCB','Aserrio rollito Cedro Blanco',37.000,209,'CEDRO BLANCO','3/4x3 1/2x125',33.1927,0.6000,9.96,1);
INSERT INTO `destajos` VALUES (66,'2019-03-26',87,'SERVIN GARFIAS GILDARDO',50,1735,523,'2-1 AsCB','Aserrio rollito Cedro Blanco',32.000,289,'CEDRO BLANCO','1/2x3 1/2x125',19.1392,0.6000,5.74,1);
INSERT INTO `destajos` VALUES (67,'2019-03-26',54,'ALONSO NAMBO IGNACIO',50,1736,524,'2-1 AsCB','Aserrio rollito Cedro Blanco',810.000,195,'CEDRO BLANCO','5/8x4x115',636.6600,0.6000,191.00,1);
INSERT INTO `destajos` VALUES (68,'2019-03-26',54,'ALONSO NAMBO IGNACIO',50,1737,524,'2-1 AsCB','Aserrio rollito Cedro Blanco',760.000,192,'CEDRO BLANCO','5/8x3x115',448.0200,0.6000,134.41,1);
INSERT INTO `destajos` VALUES (128,'2019-03-21',90,'VELEZ PIÑA JUAN CARLOS',50,1647,502,'2-1 AsCB','Aserrio rollito Cedro Blanco',1000.000,181,'CEDRO BLANCO','1/2x4x105',574.1000,0.6000,172.23,1);
INSERT INTO `destajos` VALUES (129,'2019-03-21',90,'VELEZ PIÑA JUAN CARLOS',50,1648,502,'2-1 AsCB','Aserrio rollito Cedro Blanco',750.000,179,'CEDRO BLANCO','1/2x3 1/2x105',376.8000,0.6000,113.04,1);
INSERT INTO `destajos` VALUES (130,'2019-03-21',90,'VELEZ PIÑA JUAN CARLOS',50,1649,502,'2-1 AsCB','Aserrio rollito Cedro Blanco',90.000,176,'CEDRO BLANCO','1/2x3x105',38.7540,0.6000,11.63,1);
INSERT INTO `destajos` VALUES (131,'2019-03-21',74,' OLIVO SIXTOS FERNANDO',50,1650,503,'2-1 AsCB','Aserrio rollito Cedro Blanco',900.000,181,'CEDRO BLANCO','1/2x4x105',516.6900,0.6000,155.01,1);
INSERT INTO `destajos` VALUES (132,'2019-03-21',74,' OLIVO SIXTOS FERNANDO',50,1651,503,'2-1 AsCB','Aserrio rollito Cedro Blanco',416.000,179,'CEDRO BLANCO','1/2x3 1/2x105',208.9984,0.6000,62.70,1);
INSERT INTO `destajos` VALUES (133,'2019-03-21',74,' OLIVO SIXTOS FERNANDO',50,1716,503,'2-1 AsCB','Aserrio rollito Cedro Blanco',70.000,176,'CEDRO BLANCO','1/2x3x105',30.1420,0.6000,9.04,1);
INSERT INTO `destajos` VALUES (134,'2019-03-21',74,' OLIVO SIXTOS FERNANDO',50,1717,503,'2-1 AsCB','Aserrio rollito Cedro Blanco',240.000,195,'CEDRO BLANCO','5/8x4x115',188.6400,0.6000,56.59,1);
INSERT INTO `destajos` VALUES (135,'2019-03-21',74,' OLIVO SIXTOS FERNANDO',50,1718,503,'2-1 AsCB','Aserrio rollito Cedro Blanco',70.000,192,'CEDRO BLANCO','5/8x3x115',41.2650,0.6000,12.38,1);
INSERT INTO `destajos` VALUES (136,'2019-03-21',106,'LEDEZMA FUERTE JOSE',50,1655,504,'2-1 AsP','Aserrio rollito pino',884.000,218,'PINO','5/8x4x115',694.8240,0.6000,208.45,1);
INSERT INTO `destajos` VALUES (137,'2019-03-21',106,'LEDEZMA FUERTE JOSE',50,1656,504,'2-1 AsP','Aserrio rollito pino',660.000,291,'PINO','1/2x3x115',311.2560,0.6000,93.38,1);
INSERT INTO `destajos` VALUES (138,'2019-03-21',106,'LEDEZMA FUERTE JOSE',50,1657,504,'2-1 AsP','Aserrio rollito pino',600.000,222,'PINO','3 1/2x3 1/2x5',255.1800,0.6000,76.55,1);
INSERT INTO `destajos` VALUES (139,'2019-03-21',106,'LEDEZMA FUERTE JOSE',50,1658,504,'2-1 AsP','Aserrio rollito pino',300.000,223,'PINO','3 1/2x3 1/2x3 1/2',89.3100,0.6000,26.79,1);
INSERT INTO `destajos` VALUES (140,'2019-03-21',79,'PURECO SAAVEDRA MAXIMILIANO',50,1659,505,'2-1 AsP','Aserrio rollito pino',500.000,280,'PINO','1/2x3 1/2x115',275.1000,0.6000,82.53,1);
INSERT INTO `destajos` VALUES (141,'2019-03-21',79,'PURECO SAAVEDRA MAXIMILIANO',50,1660,505,'2-1 AsP','Aserrio rollito pino',310.000,291,'PINO','1/2x3x115',146.1960,0.6000,43.86,1);
INSERT INTO `destajos` VALUES (142,'2019-03-21',79,'PURECO SAAVEDRA MAXIMILIANO',50,1661,505,'2-1 AsP','Aserrio rollito pino',140.000,319,'PINO','1/2x2 1/2x115',55.0200,0.6000,16.51,1);
INSERT INTO `destajos` VALUES (143,'2019-03-21',79,'PURECO SAAVEDRA MAXIMILIANO',50,1662,505,'2-1 AsP','Aserrio rollito pino',600.000,222,'PINO','3 1/2x3 1/2x5',255.1800,0.6000,76.55,1);
INSERT INTO `destajos` VALUES (144,'2019-03-21',79,'PURECO SAAVEDRA MAXIMILIANO',50,1663,505,'2-1 AsP','Aserrio rollito pino',300.000,223,'PINO','3 1/2x3 1/2x3 1/2',89.3100,0.6000,26.79,1);
INSERT INTO `destajos` VALUES (145,'2019-03-22',106,'LEDEZMA FUERTE JOSE',50,1664,506,'2-1 AsCB','Aserrio rollito Cedro Blanco',1500.000,230,'CEDRO BLANCO','5/8x4x44',1145.8500,0.6000,343.76,1);
INSERT INTO `destajos` VALUES (146,'2019-03-22',106,'LEDEZMA FUERTE JOSE',50,1665,506,'2-1 AsCB','Aserrio rollito Cedro Blanco',160.000,180,'CEDRO BLANCO','1/2x3 1/2x115',88.0320,0.6000,26.41,1);
INSERT INTO `destajos` VALUES (147,'2019-03-22',79,'PURECO SAAVEDRA MAXIMILIANO',50,1666,507,'2-1 AsP','Aserrio rollito pino',900.000,218,'PINO','5/8x4x115',707.4000,0.6000,212.22,1);
INSERT INTO `destajos` VALUES (148,'2019-03-22',79,'PURECO SAAVEDRA MAXIMILIANO',50,1719,507,'2-1 AsP','Aserrio rollito pino',180.000,280,'PINO','1/2x3 1/2x115',99.0360,0.6000,29.71,1);
INSERT INTO `destajos` VALUES (149,'2019-03-22',79,'PURECO SAAVEDRA MAXIMILIANO',50,1720,507,'2-1 AsP','Aserrio rollito pino',50.000,319,'PINO','1/2x2 1/2x115',19.6500,0.6000,5.90,1);
INSERT INTO `destajos` VALUES (150,'2019-03-22',90,'VELEZ PIÑA JUAN CARLOS',50,1673,509,'2-1 AsP','Aserrio rollito pino',274.000,213,'PINO','1 1/4x3 1/2x105',344.1166,0.6000,103.23,1);
INSERT INTO `destajos` VALUES (151,'2019-03-22',90,'VELEZ PIÑA JUAN CARLOS',50,1674,509,'2-1 AsP','Aserrio rollito pino',1320.000,212,'PINO','1/2x4x105',757.8120,0.6000,227.34,1);
INSERT INTO `destajos` VALUES (152,'2019-03-22',90,'VELEZ PIÑA JUAN CARLOS',50,1675,509,'2-1 AsP','Aserrio rollito pino',283.000,211,'PINO','1/2x3 1/2x105',142.1792,0.6000,42.65,1);
INSERT INTO `destajos` VALUES (153,'2019-03-22',90,'VELEZ PIÑA JUAN CARLOS',50,1676,509,'2-1 AsP','Aserrio rollito pino',180.000,286,'PINO','1/2x3x105',77.5080,0.6000,23.25,1);
INSERT INTO `destajos` VALUES (154,'2019-03-22',74,' OLIVO SIXTOS FERNANDO',50,1677,510,'2-1 AsCB','Aserrio rollito Cedro Blanco',600.000,195,'CEDRO BLANCO','5/8x4x115',471.6000,0.6000,141.48,1);
INSERT INTO `destajos` VALUES (155,'2019-03-22',74,' OLIVO SIXTOS FERNANDO',50,1678,510,'2-1 AsCB','Aserrio rollito Cedro Blanco',80.000,192,'CEDRO BLANCO','5/8x3x115',47.1600,0.6000,14.15,1);
INSERT INTO `destajos` VALUES (156,'2019-03-22',74,' OLIVO SIXTOS FERNANDO',50,1679,510,'2-1 AsP','Aserrio rollito pino',441.000,213,'PINO','1 1/4x3 1/2x105',553.8519,0.6000,166.16,1);
INSERT INTO `destajos` VALUES (157,'2019-03-22',74,' OLIVO SIXTOS FERNANDO',50,1680,510,'2-1 AsP','Aserrio rollito pino',100.000,211,'PINO','1/2x3 1/2x105',50.2400,0.6000,15.07,1);
INSERT INTO `destajos` VALUES (158,'2019-03-22',74,' OLIVO SIXTOS FERNANDO',50,1681,510,'2-1 AsP','Aserrio rollito pino',120.000,286,'PINO','1/2x3x105',51.6720,0.6000,15.50,1);
INSERT INTO `destajos` VALUES (159,'2019-03-23',90,'VELEZ PIÑA JUAN CARLOS',50,1682,511,'2-1 AsP','Aserrio rollito pino',539.000,213,'PINO','1 1/4x3 1/2x105',676.9301,0.6000,203.08,1);
INSERT INTO `destajos` VALUES (160,'2019-03-23',90,'VELEZ PIÑA JUAN CARLOS',50,1683,511,'2-1 AsP','Aserrio rollito pino',74.000,211,'PINO','1/2x3 1/2x105',37.1776,0.6000,11.15,1);
INSERT INTO `destajos` VALUES (161,'2019-03-23',90,'VELEZ PIÑA JUAN CARLOS',50,1684,511,'2-1 AsP','Aserrio rollito pino',20.000,286,'PINO','1/2x3x105',8.6120,0.6000,2.58,1);
INSERT INTO `destajos` VALUES (162,'2019-03-23',74,' OLIVO SIXTOS FERNANDO',50,1685,513,'2-1 AsP','Aserrio rollito pino',338.000,213,'PINO','1 1/4x3 1/2x105',424.4942,0.6000,127.35,1);
INSERT INTO `destajos` VALUES (163,'2019-03-23',74,' OLIVO SIXTOS FERNANDO',50,1686,513,'2-1 AsP','Aserrio rollito pino',87.000,211,'PINO','1/2x3 1/2x105',43.7088,0.6000,13.11,1);
INSERT INTO `destajos` VALUES (164,'2019-03-23',74,' OLIVO SIXTOS FERNANDO',50,1687,513,'2-1 AsP','Aserrio rollito pino',100.000,286,'PINO','1/2x3x105',43.0600,0.6000,12.92,1);
INSERT INTO `destajos` VALUES (165,'2019-03-23',74,' OLIVO SIXTOS FERNANDO',50,1688,513,'2-1 AsCB','Aserrio rollito Cedro Blanco',237.000,195,'CEDRO BLANCO','5/8x4x115',186.2820,0.6000,55.88,1);
INSERT INTO `destajos` VALUES (166,'2019-03-23',74,' OLIVO SIXTOS FERNANDO',50,1689,513,'2-1 AsCB','Aserrio rollito Cedro Blanco',80.000,192,'CEDRO BLANCO','5/8x3x115',47.1600,0.6000,14.15,1);
INSERT INTO `destajos` VALUES (167,'2019-03-23',55,' ALONSO NAMBO SANTIAGO',50,1690,514,'2-1 AsCB','Aserrio rollito Cedro Blanco',500.000,206,'CEDRO BLANCO','3 1/2x3 1/2x5',212.6500,0.6000,63.80,1);
INSERT INTO `destajos` VALUES (168,'2019-03-23',55,' ALONSO NAMBO SANTIAGO',50,1691,514,'2-1 AsCB','Aserrio rollito Cedro Blanco',150.000,192,'CEDRO BLANCO','5/8x3x115',88.4250,0.6000,26.53,1);
INSERT INTO `destajos` VALUES (169,'2019-03-23',55,' ALONSO NAMBO SANTIAGO',50,1692,514,'2-1 AsCB','Aserrio rollito Cedro Blanco',400.000,195,'CEDRO BLANCO','5/8x4x115',314.4000,0.6000,94.32,1);
INSERT INTO `destajos` VALUES (170,'2019-03-23',106,'LEDEZMA FUERTE JOSE',50,1693,515,'2-1 AsCB','Aserrio rollito Cedro Blanco',631.000,209,'CEDRO BLANCO','3/4x3 1/2x125',566.0701,0.6000,169.82,1);
INSERT INTO `destajos` VALUES (171,'2019-03-23',106,'LEDEZMA FUERTE JOSE',50,1694,515,'2-1 AsCB','Aserrio rollito Cedro Blanco',57.000,193,'CEDRO BLANCO','5/8x3x125',36.5256,0.6000,10.96,1);
INSERT INTO `destajos` VALUES (172,'2019-03-23',79,'PURECO SAAVEDRA MAXIMILIANO',50,1696,516,'2-1 AsP','Aserrio rollito pino',350.000,222,'PINO','3 1/2x3 1/2x5',148.8550,0.6000,44.66,1);
INSERT INTO `destajos` VALUES (173,'2019-03-23',79,'PURECO SAAVEDRA MAXIMILIANO',50,1697,516,'2-1 AsP','Aserrio rollito pino',28.000,223,'PINO','3 1/2x3 1/2x3 1/2',8.3356,0.6000,2.50,1);
INSERT INTO `destajos` VALUES (174,'2019-03-25',74,' OLIVO SIXTOS FERNANDO',50,1698,517,'2-1 AsCB','Aserrio rollito Cedro Blanco',500.000,192,'CEDRO BLANCO','5/8x3x115',294.7500,0.6000,88.43,1);
INSERT INTO `destajos` VALUES (175,'2019-03-25',74,' OLIVO SIXTOS FERNANDO',50,1699,517,'2-1 AsP','Aserrio rollito pino',604.000,213,'PINO','1 1/4x3 1/2x105',758.5636,0.6000,227.57,1);
INSERT INTO `destajos` VALUES (176,'2019-03-25',74,' OLIVO SIXTOS FERNANDO',50,1700,517,'2-1 AsP','Aserrio rollito pino',200.000,286,'PINO','1/2x3x105',86.1200,0.6000,25.84,1);
INSERT INTO `destajos` VALUES (177,'2019-03-25',74,' OLIVO SIXTOS FERNANDO',50,1701,517,'2-1 AsP','Aserrio rollito pino',150.000,211,'PINO','1/2x3 1/2x105',75.3600,0.6000,22.61,1);
INSERT INTO `destajos` VALUES (178,'2019-03-25',90,'VELEZ PIÑA JUAN CARLOS',50,1702,518,'2-1 AsP','Aserrio rollito pino',600.000,213,'PINO','1 1/4x3 1/2x105',753.5400,0.6000,226.06,1);
INSERT INTO `destajos` VALUES (179,'2019-03-25',90,'VELEZ PIÑA JUAN CARLOS',50,1703,518,'2-1 AsP','Aserrio rollito pino',108.000,211,'PINO','1/2x3 1/2x105',54.2592,0.6000,16.28,1);
INSERT INTO `destajos` VALUES (180,'2019-03-25',90,'VELEZ PIÑA JUAN CARLOS',50,1704,518,'2-1 AsCB','Aserrio rollito Cedro Blanco',267.000,187,'CEDRO BLANCO','1 1/4x3 1/2x125',399.2184,0.6000,119.77,1);
INSERT INTO `destajos` VALUES (181,'2019-03-25',90,'VELEZ PIÑA JUAN CARLOS',50,1705,518,'2-1 AsCB','Aserrio rollito Cedro Blanco',37.000,209,'CEDRO BLANCO','3/4x3 1/2x125',33.1927,0.6000,9.96,1);
INSERT INTO `destajos` VALUES (182,'2019-03-25',90,'VELEZ PIÑA JUAN CARLOS',50,1706,518,'2-1 AsCB','Aserrio rollito Cedro Blanco',32.000,289,'CEDRO BLANCO','1/2x3 1/2x125',19.1392,0.6000,5.74,1);
INSERT INTO `destajos` VALUES (183,'2019-03-25',55,' ALONSO NAMBO SANTIAGO',50,1707,519,'2-1 AsCB','Aserrio rollito Cedro Blanco',810.000,195,'CEDRO BLANCO','5/8x4x115',636.6600,0.6000,191.00,1);
INSERT INTO `destajos` VALUES (184,'2019-03-25',55,' ALONSO NAMBO SANTIAGO',50,1708,519,'2-1 AsCB','Aserrio rollito Cedro Blanco',760.000,192,'CEDRO BLANCO','5/8x3x115',448.0200,0.6000,134.41,1);
INSERT INTO `destajos` VALUES (185,'2019-03-26',74,' OLIVO SIXTOS FERNANDO',50,1727,522,'2-1 AsP','Aserrio rollito pino',500.000,215,'PINO','5/8x3x115',294.7500,0.6000,88.43,1);
INSERT INTO `destajos` VALUES (186,'2019-03-26',74,' OLIVO SIXTOS FERNANDO',50,1728,522,'2-1 AsP','Aserrio rollito pino',604.000,213,'PINO','1 1/4x3 1/2x105',758.5636,0.6000,227.57,1);
INSERT INTO `destajos` VALUES (187,'2019-03-26',74,' OLIVO SIXTOS FERNANDO',50,1729,522,'2-1 AsP','Aserrio rollito pino',200.000,286,'PINO','1/2x3x105',86.1200,0.6000,25.84,1);
INSERT INTO `destajos` VALUES (188,'2019-03-26',74,' OLIVO SIXTOS FERNANDO',50,1730,522,'2-1 AsP','Aserrio rollito pino',150.000,211,'PINO','1/2x3 1/2x105',75.3600,0.6000,22.61,1);
INSERT INTO `destajos` VALUES (189,'2019-03-26',90,'VELEZ PIÑA JUAN CARLOS',50,1731,523,'2-1 AsP','Aserrio rollito pino',600.000,213,'PINO','1 1/4x3 1/2x105',753.5400,0.6000,226.06,1);
INSERT INTO `destajos` VALUES (190,'2019-03-26',90,'VELEZ PIÑA JUAN CARLOS',50,1732,523,'2-1 AsP','Aserrio rollito pino',108.000,211,'PINO','1/2x3 1/2x105',54.2592,0.6000,16.28,1);
INSERT INTO `destajos` VALUES (191,'2019-03-26',90,'VELEZ PIÑA JUAN CARLOS',50,1733,523,'2-1 AsCB','Aserrio rollito Cedro Blanco',267.000,187,'CEDRO BLANCO','1 1/4x3 1/2x125',399.2184,0.6000,119.77,1);
INSERT INTO `destajos` VALUES (192,'2019-03-26',90,'VELEZ PIÑA JUAN CARLOS',50,1734,523,'2-1 AsCB','Aserrio rollito Cedro Blanco',37.000,209,'CEDRO BLANCO','3/4x3 1/2x125',33.1927,0.6000,9.96,1);
INSERT INTO `destajos` VALUES (193,'2019-03-26',90,'VELEZ PIÑA JUAN CARLOS',50,1735,523,'2-1 AsCB','Aserrio rollito Cedro Blanco',32.000,289,'CEDRO BLANCO','1/2x3 1/2x125',19.1392,0.6000,5.74,1);
INSERT INTO `destajos` VALUES (194,'2019-03-26',55,' ALONSO NAMBO SANTIAGO',50,1736,524,'2-1 AsCB','Aserrio rollito Cedro Blanco',810.000,195,'CEDRO BLANCO','5/8x4x115',636.6600,0.6000,191.00,1);
INSERT INTO `destajos` VALUES (195,'2019-03-26',55,' ALONSO NAMBO SANTIAGO',50,1737,524,'2-1 AsCB','Aserrio rollito Cedro Blanco',760.000,192,'CEDRO BLANCO','5/8x3x115',448.0200,0.6000,134.41,1);
INSERT INTO `destajos` VALUES (255,'2019-03-21',56,' BASTIDA GUZMAN JOSE',100,854,116,'4-1 RcDD','Recorte Tabla Daltile-Delta',2658.000,275,'PINO','5/8x4x44',2030.4462,0.0400,81.22,2);
INSERT INTO `destajos` VALUES (256,'2019-03-21',56,' BASTIDA GUZMAN JOSE',100,855,116,'4-1 RcDF','Recorte Tabla Daltile-comprada',1434.000,298,'PINO','1 1/4x3 1/2x39',1699.1466,0.0400,67.97,2);
INSERT INTO `destajos` VALUES (257,'2019-03-21',56,' BASTIDA GUZMAN JOSE',100,856,116,'4-1 RcDD','Recorte Tabla Daltile-Delta',1549.000,275,'PINO','5/8x4x44',1183.2811,0.0400,47.33,2);
INSERT INTO `destajos` VALUES (258,'2019-03-21',94,'LARA VELEZ VICTOR',100,873,119,'4-1RcAGCr','recorte tabla aguilares comprada',480.000,214,'PINO','1 1/4x3 1/2x125',717.6960,0.4000,287.08,2);
INSERT INTO `destajos` VALUES (259,'2019-03-21',94,'LARA VELEZ VICTOR',100,874,119,'4-1 RcIQC','Recorte Tabla IEQSA -comprada',1300.000,261,'PINO','3/4x3 1/2x41',971.6200,0.0400,38.86,2);
INSERT INTO `destajos` VALUES (260,'2019-03-21',94,'LARA VELEZ VICTOR',100,875,119,'4-1 RcIQC','Recorte Tabla IEQSA -comprada',200.000,260,'PINO','3/4x3 1/2x40',145.8400,0.0400,5.83,2);
INSERT INTO `destajos` VALUES (261,'2019-03-21',94,'LARA VELEZ VICTOR',100,876,119,'4-1 RcDD','Recorte Tabla Daltile-Delta',340.000,230,'CEDRO BLANCO','5/8x4x44',259.7260,0.0400,10.39,2);
INSERT INTO `destajos` VALUES (262,'2019-03-21',94,'LARA VELEZ VICTOR',100,877,119,'4-1 RcIQC','Recorte Tabla IEQSA -comprada',560.000,257,'PINO','3/4x3 1/2x48',490.0000,0.0400,19.60,2);
INSERT INTO `destajos` VALUES (263,'2019-03-22',56,' BASTIDA GUZMAN JOSE',100,857,117,'4-1 RcDD','Recorte Tabla Daltile-Delta',980.000,230,'CEDRO BLANCO','5/8x4x44',748.6220,0.0400,29.94,2);
INSERT INTO `destajos` VALUES (264,'2019-03-22',56,' BASTIDA GUZMAN JOSE',100,858,117,'4-1 RcDD','Recorte Tabla Daltile-Delta',1216.000,273,'PINO','1/2x3 1/2x38',561.5488,0.0400,22.46,2);
INSERT INTO `destajos` VALUES (265,'2019-03-22',56,' BASTIDA GUZMAN JOSE',100,859,117,'4-1 RcDD','Recorte Tabla Daltile-Delta',3428.000,272,'PINO','1/2x4x38',1809.2984,0.0400,72.37,2);
INSERT INTO `destajos` VALUES (266,'2019-03-22',56,' BASTIDA GUZMAN JOSE',100,860,117,'4-1 RcDD','Recorte Tabla Daltile-Delta',700.000,271,'PINO','1 1/4x3 1/2x38',808.1500,0.0400,32.33,2);
INSERT INTO `destajos` VALUES (267,'2019-03-22',56,' BASTIDA GUZMAN JOSE',100,861,117,'4-1 RcDD','Recorte Tabla Daltile-Delta',205.000,271,'PINO','1 1/4x3 1/2x38',236.6725,0.0400,9.47,2);
INSERT INTO `destajos` VALUES (268,'2019-03-23',56,' BASTIDA GUZMAN JOSE',100,867,118,'4-1 RcDD','Recorte Tabla Daltile-Delta',570.000,271,'PINO','1 1/4x3 1/2x38',658.0650,0.0400,26.32,2);
INSERT INTO `destajos` VALUES (269,'2019-03-23',56,' BASTIDA GUZMAN JOSE',100,868,118,'4-1 RcDD','Recorte Tabla Daltile-Delta',1200.000,272,'PINO','1/2x4x38',633.3600,0.0400,25.33,2);
INSERT INTO `destajos` VALUES (270,'2019-03-23',56,' BASTIDA GUZMAN JOSE',100,869,118,'4-1 RcDD','Recorte Tabla Daltile-Delta',740.000,273,'PINO','1/2x3 1/2x38',341.7320,0.0400,13.67,2);
INSERT INTO `destajos` VALUES (286,'2019-03-21',82,' REYES AGUILAR DANIEL ALBERTO',100,2259,191,'ctAGUI01','Aguilares 40\"x48\" Americana',67.000,0,NULL,NULL,NULL,2.4300,162.81,3);
INSERT INTO `destajos` VALUES (287,'2019-03-21',82,' REYES AGUILAR DANIEL ALBERTO',100,2260,191,'ctAGUI02','Aguilares 1.00x1.20 Euro',38.000,0,NULL,NULL,NULL,1.9000,72.20,3);
INSERT INTO `destajos` VALUES (288,'2019-03-21',81,' REYES AGUILAR CARLOS ALBERTO',100,2261,191,'ct0141D+','Daltile- 39\" x 44\"',100.000,0,NULL,NULL,NULL,1.9400,194.00,3);
INSERT INTO `destajos` VALUES (289,'2019-03-21',83,'SANCHEZ SANCHEZ  LUIS FELIPE',100,2262,191,'ct0141D+','Daltile- 39\" x 44\"',100.000,0,NULL,NULL,NULL,1.9400,194.00,3);
INSERT INTO `destajos` VALUES (290,'2019-03-22',82,' REYES AGUILAR DANIEL ALBERTO',100,2267,192,'ctIEQ','IEQSA  40\" x 48\"',30.000,0,NULL,NULL,NULL,3.1000,93.00,3);
INSERT INTO `destajos` VALUES (291,'2019-03-22',82,' REYES AGUILAR DANIEL ALBERTO',100,2268,192,'ctAGUI02','Aguilares 1.00x1.20 Euro',65.000,0,NULL,NULL,NULL,1.9000,123.50,3);
INSERT INTO `destajos` VALUES (292,'2019-03-22',81,' REYES AGUILAR CARLOS ALBERTO',100,2269,192,'ctIEQ','IEQSA  40\" x 48\"',86.000,0,NULL,NULL,NULL,3.1000,266.60,3);
INSERT INTO `destajos` VALUES (293,'2019-03-22',83,'SANCHEZ SANCHEZ  LUIS FELIPE',100,2270,192,'ct0141D+','Daltile- 39\" x 44\"',65.000,0,NULL,NULL,NULL,1.9400,126.10,3);
INSERT INTO `destajos` VALUES (294,'2019-03-22',83,'SANCHEZ SANCHEZ  LUIS FELIPE',100,2271,192,'ctIEQ','IEQSA  40\" x 48\"',53.000,0,NULL,NULL,NULL,3.1000,164.30,3);
INSERT INTO `destajos` VALUES (295,'2019-03-22',60,'BARRIGA PIÑA ADOLFO',100,2272,193,'ct0043D','Daltile- 38\" x 38\"',166.000,0,NULL,NULL,NULL,2.2100,366.86,3);
INSERT INTO `destajos` VALUES (296,'2019-03-22',76,'PIÑA PIÑA ARMANDO',100,2273,193,'ct0207D','Daltile- 44\" x 46\"',127.000,0,NULL,NULL,NULL,2.2900,290.83,3);
INSERT INTO `destajos` VALUES (297,'2019-03-22',76,'PIÑA PIÑA ARMANDO',100,2274,193,'ct0043D','Daltile- 38\" x 38\"',21.000,0,NULL,NULL,NULL,2.2100,46.41,3);
INSERT INTO `destajos` VALUES (298,'2019-03-22',70,'MELCHOR LOPEZ JOSE LUIS',100,2275,193,'ct0043D','Daltile- 38\" x 38\"',144.000,0,NULL,NULL,NULL,2.2100,318.24,3);
INSERT INTO `destajos` VALUES (299,'2019-03-23',76,'PIÑA PIÑA ARMANDO',100,2287,194,'ctAGUI01','Aguilares 40\"x48\" Americana',15.000,0,NULL,NULL,NULL,2.4300,36.45,3);
INSERT INTO `destajos` VALUES (300,'2019-03-23',82,' REYES AGUILAR DANIEL ALBERTO',100,2288,194,'ctIEQ','IEQSA  40\" x 48\"',72.000,0,NULL,NULL,NULL,3.1000,223.20,3);
INSERT INTO `destajos` VALUES (301,'2019-03-23',81,' REYES AGUILAR CARLOS ALBERTO',100,2289,194,'ctIEQ','IEQSA  40\" x 48\"',65.000,0,NULL,NULL,NULL,3.1000,201.50,3);
INSERT INTO `destajos` VALUES (302,'2019-03-23',83,'SANCHEZ SANCHEZ  LUIS FELIPE',100,2290,194,'ctIEQ','IEQSA  40\" x 48\"',80.000,0,NULL,NULL,NULL,3.1000,248.00,3);
INSERT INTO `destajos` VALUES (303,'2019-03-23',60,'BARRIGA PIÑA ADOLFO',100,2291,195,'ct0043D','Daltile- 38\" x 38\"',75.000,0,NULL,NULL,NULL,2.2100,165.75,3);
INSERT INTO `destajos` VALUES (304,'2019-03-23',76,'PIÑA PIÑA ARMANDO',100,2292,195,'ct0043D','Daltile- 38\" x 38\"',66.000,0,NULL,NULL,NULL,2.2100,145.86,3);
INSERT INTO `destajos` VALUES (305,'2019-03-23',70,'MELCHOR LOPEZ JOSE LUIS',100,2293,195,'ct0043D','Daltile- 38\" x 38\"',65.000,0,NULL,NULL,NULL,2.2100,143.65,3);
INSERT INTO `destajos` VALUES (306,'2019-03-25',60,'BARRIGA PIÑA ADOLFO',100,2296,196,'ct0043D','Daltile- 38\" x 38\"',50.000,0,NULL,NULL,NULL,2.2100,110.50,3);
INSERT INTO `destajos` VALUES (307,'2019-03-25',60,'BARRIGA PIÑA ADOLFO',100,2297,196,'ct0207D','Daltile- 44\" x 46\"',67.000,0,NULL,NULL,NULL,2.2900,153.43,3);
INSERT INTO `destajos` VALUES (308,'2019-03-25',76,'PIÑA PIÑA ARMANDO',100,2298,196,'ct0043D','Daltile- 38\" x 38\"',46.000,0,NULL,NULL,NULL,2.2100,101.66,3);
INSERT INTO `destajos` VALUES (309,'2019-03-25',76,'PIÑA PIÑA ARMANDO',100,2299,196,'ct0207D','Daltile- 44\" x 46\"',63.000,0,NULL,NULL,NULL,2.2900,144.27,3);
INSERT INTO `destajos` VALUES (310,'2019-03-25',70,'MELCHOR LOPEZ JOSE LUIS',100,2300,196,'ct0043D','Daltile- 38\" x 38\"',27.000,0,NULL,NULL,NULL,2.2100,59.67,3);
INSERT INTO `destajos` VALUES (311,'2019-03-25',70,'MELCHOR LOPEZ JOSE LUIS',100,2301,196,'ct0043D','Daltile- 38\" x 38\"',63.000,0,NULL,NULL,NULL,2.2100,139.23,3);
INSERT INTO `destajos` VALUES (312,'2019-03-26',60,'BARRIGA PIÑA ADOLFO',100,2310,197,'ct0043D','Daltile- 38\" x 38\"',50.000,0,NULL,NULL,NULL,2.2100,110.50,3);
INSERT INTO `destajos` VALUES (313,'2019-03-26',60,'BARRIGA PIÑA ADOLFO',100,2311,197,'ct0207D','Daltile- 44\" x 46\"',67.000,0,NULL,NULL,NULL,2.2900,153.43,3);
INSERT INTO `destajos` VALUES (314,'2019-03-26',76,'PIÑA PIÑA ARMANDO',100,2312,197,'ct0043D','Daltile- 38\" x 38\"',46.000,0,NULL,NULL,NULL,2.2100,101.66,3);
INSERT INTO `destajos` VALUES (315,'2019-03-26',76,'PIÑA PIÑA ARMANDO',100,2313,197,'ct0207D','Daltile- 44\" x 46\"',63.000,0,NULL,NULL,NULL,2.2900,144.27,3);
INSERT INTO `destajos` VALUES (316,'2019-03-26',70,'MELCHOR LOPEZ JOSE LUIS',100,2314,197,'ct0043D','Daltile- 38\" x 38\"',27.000,0,NULL,NULL,NULL,2.2100,59.67,3);
INSERT INTO `destajos` VALUES (317,'2019-03-26',70,'MELCHOR LOPEZ JOSE LUIS',100,2315,197,'ct0207D','Daltile- 44\" x 46\"',63.000,0,NULL,NULL,NULL,2.2900,144.27,3);
INSERT INTO `destajos` VALUES (318,'2019-03-26',82,' REYES AGUILAR DANIEL ALBERTO',100,2319,198,'ctIEQ','IEQSA  40\" x 48\"',42.000,0,NULL,NULL,NULL,3.1000,130.20,3);
INSERT INTO `destajos` VALUES (319,'2019-03-26',82,' REYES AGUILAR DANIEL ALBERTO',100,2320,198,'ct0141D+','Daltile- 39\" x 44\"',26.000,0,NULL,NULL,NULL,1.9400,50.44,3);
INSERT INTO `destajos` VALUES (320,'2019-03-26',81,' REYES AGUILAR CARLOS ALBERTO',100,2321,198,'ct0141D+','Daltile- 39\" x 44\"',126.000,0,NULL,NULL,NULL,1.9400,244.44,3);
INSERT INTO `destajos` VALUES (321,'2019-03-26',83,'SANCHEZ SANCHEZ  LUIS FELIPE',100,2322,198,'ctIEQ','IEQSA  40\" x 48\"',90.000,0,NULL,NULL,NULL,3.1000,279.00,3);
INSERT INTO `destajos` VALUES (349,'2019-03-21',68,'LARA VELEZ MARIA DEL CARMEN',100,2326,122,'4-1Rc','Recorte',10.500,0,NULL,NULL,NULL,20.8300,218.72,0);
INSERT INTO `destajos` VALUES (350,'2019-03-21',57,' BEDOLLA CORONA BELEN',100,2327,122,'6-1 BTrC','Baño-Limpieza Maderas-C',9.000,0,NULL,NULL,NULL,20.8300,187.47,0);
INSERT INTO `destajos` VALUES (351,'2019-03-21',77,' PIÑA PIÑA MARINA',100,2328,122,'6-1 BTrC','Baño-Limpieza Maderas-C',9.000,0,NULL,NULL,NULL,20.8300,187.47,0);
INSERT INTO `destajos` VALUES (352,'2019-03-22',68,'LARA VELEZ MARIA DEL CARMEN',100,2329,123,'4-1Rc','Recorte',9.000,0,NULL,NULL,NULL,20.8300,187.47,0);
INSERT INTO `destajos` VALUES (353,'2019-03-22',68,'LARA VELEZ MARIA DEL CARMEN',100,2330,123,'6-1 BTrC','Baño-Limpieza Maderas-C',1.500,0,NULL,NULL,NULL,20.8300,31.25,0);
INSERT INTO `destajos` VALUES (354,'2019-03-22',57,' BEDOLLA CORONA BELEN',100,2331,123,'6-1 BTrC','Baño-Limpieza Maderas-C',6.000,0,NULL,NULL,NULL,20.8300,124.98,0);
INSERT INTO `destajos` VALUES (355,'2019-03-22',57,' BEDOLLA CORONA BELEN',100,2332,123,'9-1 PEmbA','Preparar embarque',3.000,0,NULL,NULL,NULL,19.7900,59.37,0);
INSERT INTO `destajos` VALUES (356,'2019-03-22',77,' PIÑA PIÑA MARINA',100,2333,123,'5-4 Mp','Marcado de polin',7.000,0,NULL,NULL,NULL,20.8300,145.81,0);
INSERT INTO `destajos` VALUES (357,'2019-03-22',77,' PIÑA PIÑA MARINA',100,2334,123,'6-1 BTrD','Baño-Limpieza Maderas-D',2.000,0,NULL,NULL,NULL,19.7900,39.58,0);
INSERT INTO `destajos` VALUES (358,'2019-03-23',68,'LARA VELEZ MARIA DEL CARMEN',100,1728,79,'5-4 Mp','Marcado de polin',2.000,0,NULL,NULL,NULL,20.8300,41.66,0);
INSERT INTO `destajos` VALUES (359,'2019-03-23',68,'LARA VELEZ MARIA DEL CARMEN',100,1729,79,'6-1 BTrC','Baño-Limpieza Maderas-C',3.000,0,NULL,NULL,NULL,20.8300,62.49,0);
INSERT INTO `destajos` VALUES (360,'2019-03-23',57,' BEDOLLA CORONA BELEN',100,1730,79,'6-1 BTrC','Baño-Limpieza Maderas-C',4.000,0,NULL,NULL,NULL,20.8300,83.32,0);
INSERT INTO `destajos` VALUES (361,'2019-03-23',77,' PIÑA PIÑA MARINA',100,1731,79,'6-1 BTrC','Baño-Limpieza Maderas-C',4.000,0,NULL,NULL,NULL,20.8300,83.32,0);
INSERT INTO `destajos` VALUES (362,'2019-03-23',58,'BARRERA SERVIN JOSE',100,1732,79,'8-1 EST','ESTUFADO',3.000,0,NULL,NULL,NULL,18.7500,56.25,0);
INSERT INTO `destajos` VALUES (363,'2019-03-23',102,'BUENROSTRO GUTIERREZ RAFAEL',100,1733,79,'103-MVMat','Movimiento de  Materiales',3.000,0,NULL,NULL,NULL,18.7500,56.25,0);
INSERT INTO `destajos` VALUES (364,'2019-03-23',68,'LARA VELEZ MARIA DEL CARMEN',100,2335,124,'4-1Rc','Recorte',6.000,0,NULL,NULL,NULL,20.8300,124.98,0);
INSERT INTO `destajos` VALUES (365,'2019-03-23',57,' BEDOLLA CORONA BELEN',100,2336,124,'5-4 Mp','Marcado de polin',6.000,0,NULL,NULL,NULL,20.8300,124.98,0);
INSERT INTO `destajos` VALUES (366,'2019-03-23',77,' PIÑA PIÑA MARINA',100,2337,124,'6-1 BTrD','Baño-Limpieza Maderas-D',6.000,0,NULL,NULL,NULL,19.7900,118.74,0);
INSERT INTO `destajos` VALUES (367,'2019-03-25',68,'LARA VELEZ MARIA DEL CARMEN',100,2338,125,'4-1Rc','Recorte',10.500,0,NULL,NULL,NULL,20.8300,218.72,0);
INSERT INTO `destajos` VALUES (368,'2019-03-25',57,' BEDOLLA CORONA BELEN',100,2339,125,'5-4 Mp','Marcado de polin',9.000,0,NULL,NULL,NULL,20.8300,187.47,0);
INSERT INTO `destajos` VALUES (369,'2019-03-26',68,'LARA VELEZ MARIA DEL CARMEN',100,1756,82,'4-1Rc','Recorte',6.000,0,NULL,NULL,NULL,20.8300,124.98,0);
INSERT INTO `destajos` VALUES (370,'2019-03-26',68,'LARA VELEZ MARIA DEL CARMEN',100,1757,82,'6-1 BTrC','Baño-Limpieza Maderas-C',5.300,0,NULL,NULL,NULL,20.8300,110.40,0);
INSERT INTO `destajos` VALUES (371,'2019-03-26',58,'BARRERA SERVIN JOSE',100,1758,82,'8-1 EST','ESTUFADO',9.000,0,NULL,NULL,NULL,18.7500,168.75,0);
INSERT INTO `destajos` VALUES (372,'2019-03-26',66,'GONZALEZ VELEZ ALMA DELIA',100,2304,121,'4-1Rc','Recorte',3.000,0,NULL,NULL,NULL,20.8300,62.49,0);
INSERT INTO `destajos` VALUES (373,'2019-03-26',66,'GONZALEZ VELEZ ALMA DELIA',100,2305,121,'6-1 BTrC','Baño-Limpieza Maderas-C',6.000,0,NULL,NULL,NULL,20.8300,124.98,0);
INSERT INTO `destajos` VALUES (374,'2019-03-26',63,' DOMINGO CORONA GLORIA',100,2306,121,'6-1 BTrD','Baño-Limpieza Maderas-D',9.000,0,NULL,NULL,NULL,19.7900,178.11,0);
INSERT INTO `destajos` VALUES (375,'2019-03-26',73,'MOTA LOPEZ MARIA ESTHER',100,2307,121,'9-1 PEmbA','Preparar embarque',9.000,0,NULL,NULL,NULL,19.7900,178.11,0);
INSERT INTO `destajos` VALUES (376,'2019-03-26',59,'BARRIGA MOTA CRISTINA',100,2308,121,'9-1 PembC','Preparar embarque',9.000,0,NULL,NULL,NULL,16.6600,149.94,0);
INSERT INTO `destajos` VALUES (377,'2019-03-26',58,'BARRERA SERVIN JOSE',100,2309,121,'5-4 Mp','Marcado de polin',9.000,0,NULL,NULL,NULL,20.8300,187.47,0);
INSERT INTO `destajos` VALUES (378,'2019-03-26',68,'LARA VELEZ MARIA DEL CARMEN',100,2340,126,'4-1Rc','Recorte',10.450,0,NULL,NULL,NULL,20.8300,217.67,0);
INSERT INTO `destajos` VALUES (379,'2019-03-26',57,' BEDOLLA CORONA BELEN',100,2341,126,'6-1 BTrC','Baño-Limpieza Maderas-C',9.000,0,NULL,NULL,NULL,20.8300,187.47,0);
INSERT INTO `destajos` VALUES (380,'2019-03-26',77,' PIÑA PIÑA MARINA',100,2342,126,'5-4 Mp','Marcado de polin',6.000,0,NULL,NULL,NULL,20.8300,124.98,0);
INSERT INTO `destajos` VALUES (381,'2019-03-26',77,' PIÑA PIÑA MARINA',100,2343,126,'6-1 BTrD','Baño-Limpieza Maderas-D',3.000,0,NULL,NULL,NULL,19.7900,59.37,0);
INSERT INTO `destajos` VALUES (412,'2019-03-22',93,'TALAVERA MORALES ERASMO',100,2277,506,'2-3 AsCJD','Aserrio cajas -Duela',5.000,0,NULL,NULL,NULL,12.0000,60.00,0);
INSERT INTO `destajos` VALUES (413,'2019-03-22',106,'LEDEZMA FUERTE JOSE',100,2278,506,'2-3 AsCJD','Aserrio cajas -Duela',5.000,0,NULL,NULL,NULL,12.0000,60.00,0);
INSERT INTO `destajos` VALUES (414,'2019-03-22',72,'MONTAÑO PAHUA RAFAEL',100,2279,507,'2-3 AsCJE','Aserrio cajas -Esquinero',5.000,0,NULL,NULL,NULL,18.0000,90.00,0);
INSERT INTO `destajos` VALUES (415,'2019-03-22',79,'PURECO SAAVEDRA MAXIMILIANO',100,2280,507,'2-3 AsCJE','Aserrio cajas -Esquinero',5.000,0,NULL,NULL,NULL,18.0000,90.00,0);
INSERT INTO `destajos` VALUES (416,'2019-03-22',87,'SERVIN GARFIAS GILDARDO',100,2285,509,'2-3 AsCJE','Aserrio cajas -Esquinero',5.000,0,NULL,NULL,NULL,18.0000,90.00,0);
INSERT INTO `destajos` VALUES (417,'2019-03-22',90,'VELEZ PIÑA JUAN CARLOS',100,2286,509,'2-3 AsCJE','Aserrio cajas -Esquinero',5.000,0,NULL,NULL,NULL,18.0000,90.00,0);
INSERT INTO `destajos` VALUES (418,'2019-03-23',87,'SERVIN GARFIAS GILDARDO',100,2294,511,'2-3 AsCJD','Aserrio cajas -Duela',5.500,0,NULL,NULL,NULL,12.0000,66.00,0);
INSERT INTO `destajos` VALUES (419,'2019-03-23',90,'VELEZ PIÑA JUAN CARLOS',100,2295,511,'2-3 AsCJD','Aserrio cajas -Duela',5.500,0,NULL,NULL,NULL,12.0000,66.00,0);
INSERT INTO `destajos` VALUES (420,'2019-03-26',79,'PURECO SAAVEDRA MAXIMILIANO',100,2303,525,'10-2  SCBC','S.cintero(B)-Act.varias Area Clavado',8.300,0,NULL,NULL,NULL,27.0000,224.10,0);
/*!40000 ALTER TABLE `destajos` ENABLE KEYS */;
UNLOCK TABLES;

--
-- Table structure for table `empleados`
--

DROP TABLE IF EXISTS `empleados`;
/*!40101 SET @saved_cs_client     = @@character_set_client */;
/*!40101 SET character_set_client = utf8 */;
CREATE TABLE `empleados` (
  `id` int(11) NOT NULL AUTO_INCREMENT,
  `nombre` char(60) DEFAULT NULL,
  `baja` char(1) DEFAULT '',
  PRIMARY KEY (`id`),
  KEY `nombre` (`nombre`)
) ENGINE=InnoDB AUTO_INCREMENT=109 DEFAULT CHARSET=latin1;
/*!40101 SET character_set_client = @saved_cs_client */;

--
-- Dumping data for table `empleados`
--

LOCK TABLES `empleados` WRITE;
/*!40000 ALTER TABLE `empleados` DISABLE KEYS */;
INSERT INTO `empleados` VALUES (2,'TALAVERA MEJIA JESUS','s');
INSERT INTO `empleados` VALUES (9,'BARRIGA PIÑA ANTONIO','s');
INSERT INTO `empleados` VALUES (54,'ALONSO NAMBO IGNACIO','');
INSERT INTO `empleados` VALUES (55,' ALONSO NAMBO SANTIAGO','');
INSERT INTO `empleados` VALUES (56,' BASTIDA GUZMAN JOSE','');
INSERT INTO `empleados` VALUES (57,' BEDOLLA CORONA BELEN','');
INSERT INTO `empleados` VALUES (58,'BARRERA SERVIN JOSE','');
INSERT INTO `empleados` VALUES (59,'BARRIGA MOTA CRISTINA','');
INSERT INTO `empleados` VALUES (60,'BARRIGA PIÑA ADOLFO','');
INSERT INTO `empleados` VALUES (61,'BARRIGA RODRIGUEZ ADRIAN','');
INSERT INTO `empleados` VALUES (62,'DIAZ IBAÑEZ ARTURO','');
INSERT INTO `empleados` VALUES (63,' DOMINGO CORONA GLORIA','');
INSERT INTO `empleados` VALUES (64,'GARCIA ONOFRE EDUARDO','');
INSERT INTO `empleados` VALUES (65,' GONZALEZ FRAGA UBALDO','');
INSERT INTO `empleados` VALUES (66,'GONZALEZ VELEZ ALMA DELIA','');
INSERT INTO `empleados` VALUES (67,'HERNANDEZ ACOSTA ROSA ELENA','');
INSERT INTO `empleados` VALUES (68,'LARA VELEZ MARIA DEL CARMEN','');
INSERT INTO `empleados` VALUES (69,'LEDEZMA FUERTE ANGEL','');
INSERT INTO `empleados` VALUES (70,'MELCHOR LOPEZ JOSE LUIS','');
INSERT INTO `empleados` VALUES (71,' MELCHOR MOTA ZENAIDA','');
INSERT INTO `empleados` VALUES (72,'MONTAÑO PAHUA RAFAEL','');
INSERT INTO `empleados` VALUES (73,'MOTA LOPEZ MARIA ESTHER','');
INSERT INTO `empleados` VALUES (74,' OLIVO SIXTOS FERNANDO','');
INSERT INTO `empleados` VALUES (75,' ORTEGA ALVAREZ FRANCISCO','');
INSERT INTO `empleados` VALUES (76,'PIÑA PIÑA ARMANDO','');
INSERT INTO `empleados` VALUES (77,' PIÑA PIÑA MARINA','');
INSERT INTO `empleados` VALUES (78,' PIÑA TORRES GUADALUPE','');
INSERT INTO `empleados` VALUES (79,'PURECO SAAVEDRA MAXIMILIANO','');
INSERT INTO `empleados` VALUES (80,'RAFAEL BUENROSTRO GUTIERREZ','');
INSERT INTO `empleados` VALUES (81,' REYES AGUILAR CARLOS ALBERTO','');
INSERT INTO `empleados` VALUES (82,' REYES AGUILAR DANIEL ALBERTO','');
INSERT INTO `empleados` VALUES (83,'SANCHEZ SANCHEZ  LUIS FELIPE','');
INSERT INTO `empleados` VALUES (84,'SANCHEZ SANCHEZ SUSANA','');
INSERT INTO `empleados` VALUES (85,' SAAVEDRA MOLINERO JORGE','');
INSERT INTO `empleados` VALUES (87,'SERVIN GARFIAS GILDARDO','');
INSERT INTO `empleados` VALUES (88,' TALAVERA MORALES ANTONIO','');
INSERT INTO `empleados` VALUES (89,'TINOCO CAMPOS ROBERTO','');
INSERT INTO `empleados` VALUES (90,'VELEZ PIÑA JUAN CARLOS','');
INSERT INTO `empleados` VALUES (93,'TALAVERA MORALES ERASMO','');
INSERT INTO `empleados` VALUES (94,'LARA VELEZ VICTOR','');
INSERT INTO `empleados` VALUES (95,'CALVILLO SOTO GILDARDO','');
INSERT INTO `empleados` VALUES (96,'HERNANDEZ ACOSTA ROSA ELENA','');
INSERT INTO `empleados` VALUES (98,'PIÑA TORRES J GUADALUPE','');
INSERT INTO `empleados` VALUES (99,'BARRIGA PIÑA ALFONSO','');
INSERT INTO `empleados` VALUES (100,'BARRIGA PIÑA LEONEL','');
INSERT INTO `empleados` VALUES (101,'ALVAREZ CARLOS ALBERTO','');
INSERT INTO `empleados` VALUES (102,'BUENROSTRO GUTIERREZ RAFAEL','');
INSERT INTO `empleados` VALUES (103,'MONROY PONCE GILBERTO','');
INSERT INTO `empleados` VALUES (104,'SANDOVAL LEOPOLDO','');
INSERT INTO `empleados` VALUES (105,'X','');
INSERT INTO `empleados` VALUES (106,'LEDEZMA FUERTE JOSE','');
INSERT INTO `empleados` VALUES (107,'HERRERA OLIVO FERNANDO','');
INSERT INTO `empleados` VALUES (108,'FABIAN TALAVERA JAVIER','');
/*!40000 ALTER TABLE `empleados` ENABLE KEYS */;
UNLOCK TABLES;

--
-- Table structure for table `favoritablas`
--

DROP TABLE IF EXISTS `favoritablas`;
/*!40101 SET @saved_cs_client     = @@character_set_client */;
/*!40101 SET character_set_client = utf8 */;
CREATE TABLE `favoritablas` (
  `idtabla` int(11) NOT NULL,
  `usuario` char(50) NOT NULL,
  PRIMARY KEY (`usuario`,`idtabla`)
) ENGINE=InnoDB DEFAULT CHARSET=latin1;
/*!40101 SET character_set_client = @saved_cs_client */;

--
-- Dumping data for table `favoritablas`
--

LOCK TABLES `favoritablas` WRITE;
/*!40000 ALTER TABLE `favoritablas` DISABLE KEYS */;
INSERT INTO `favoritablas` VALUES (22,'sam');
INSERT INTO `favoritablas` VALUES (24,'sam');
INSERT INTO `favoritablas` VALUES (40,'sam');
/*!40000 ALTER TABLE `favoritablas` ENABLE KEYS */;
UNLOCK TABLES;

--
-- Table structure for table `movsRepoCL`
--

DROP TABLE IF EXISTS `movsRepoCL`;
/*!40101 SET @saved_cs_client     = @@character_set_client */;
/*!40101 SET character_set_client = utf8 */;
CREATE TABLE `movsRepoCL` (
  `id` int(11) NOT NULL AUTO_INCREMENT,
  `idRepoCL` int(11) DEFAULT NULL,
  `actividad` char(10) NOT NULL COMMENT 'aserrio u hojeado',
  `cantidad` int(11) NOT NULL,
  `idtabla` int(11) NOT NULL COMMENT 'la tabla incluye la especie de madera',
  `tipomov` enum('descontar','agregar') DEFAULT NULL,
  PRIMARY KEY (`id`),
  KEY `idRepoCL` (`idRepoCL`),
  KEY `actividad` (`actividad`,`idtabla`)
) ENGINE=InnoDB AUTO_INCREMENT=879 DEFAULT CHARSET=latin1;
/*!40101 SET character_set_client = @saved_cs_client */;

--
-- Dumping data for table `movsRepoCL`
--

LOCK TABLES `movsRepoCL` WRITE;
/*!40000 ALTER TABLE `movsRepoCL` DISABLE KEYS */;
INSERT INTO `movsRepoCL` VALUES (212,39,'4-1 RcDD',780,258,'agregar');
INSERT INTO `movsRepoCL` VALUES (213,39,'4-1 RcDD',500,259,'agregar');
INSERT INTO `movsRepoCL` VALUES (214,39,'4-1 RcDD',190,244,'agregar');
INSERT INTO `movsRepoCL` VALUES (215,39,'4-1 RcCF',1710,257,'agregar');
INSERT INTO `movsRepoCL` VALUES (216,39,'4-1 RcCF',360,260,'agregar');
INSERT INTO `movsRepoCL` VALUES (217,40,'4-1 RcDD',602,214,'agregar');
INSERT INTO `movsRepoCL` VALUES (218,40,'4-1 RcDD',350,259,'agregar');
INSERT INTO `movsRepoCL` VALUES (219,40,'4-1 RcDD',540,258,'agregar');
INSERT INTO `movsRepoCL` VALUES (220,40,'4-1 RcCMC',864,261,'agregar');
INSERT INTO `movsRepoCL` VALUES (221,40,'4-1 RcCMC',886,260,'agregar');
INSERT INTO `movsRepoCL` VALUES (222,40,'4-1 RcCMC',320,257,'agregar');
INSERT INTO `movsRepoCL` VALUES (223,41,'4-1 RcDD',200,243,'agregar');
INSERT INTO `movsRepoCL` VALUES (224,41,'4-1 RcDD',1163,243,'agregar');
INSERT INTO `movsRepoCL` VALUES (225,41,'4-1 RcDD',1060,249,'agregar');
INSERT INTO `movsRepoCL` VALUES (226,41,'4-1 RcCD',100,249,'agregar');
INSERT INTO `movsRepoCL` VALUES (227,42,'4-1 RcCMC',510,261,'agregar');
INSERT INTO `movsRepoCL` VALUES (228,42,'4-1 RcCMC',980,260,'agregar');
INSERT INTO `movsRepoCL` VALUES (229,42,'4-1 RcCMD',600,243,'agregar');
INSERT INTO `movsRepoCL` VALUES (230,42,'4-1 RcCMD',340,249,'agregar');
INSERT INTO `movsRepoCL` VALUES (231,43,'4-1 RcDD',1646,243,'agregar');
INSERT INTO `movsRepoCL` VALUES (232,43,'4-1 RcDD',1000,249,'agregar');
INSERT INTO `movsRepoCL` VALUES (233,43,'4-1 RcDD',1047,245,'agregar');
INSERT INTO `movsRepoCL` VALUES (234,44,'4-1 RcDD',1535,249,'agregar');
INSERT INTO `movsRepoCL` VALUES (235,44,'4-1 RcDD',2763,243,'agregar');
INSERT INTO `movsRepoCL` VALUES (236,44,'4-1 RcDD',1128,245,'agregar');
INSERT INTO `movsRepoCL` VALUES (248,46,'4-1 RcDF',195,263,'agregar');
INSERT INTO `movsRepoCL` VALUES (249,46,'4-1 RcDF',445,264,'agregar');
INSERT INTO `movsRepoCL` VALUES (250,46,'4-1 RcDF',743,265,'agregar');
INSERT INTO `movsRepoCL` VALUES (251,46,'4-1 RcDF',300,266,'agregar');
INSERT INTO `movsRepoCL` VALUES (252,47,'4-1 RcDF',1200,263,'agregar');
INSERT INTO `movsRepoCL` VALUES (255,48,'4-1 RcDF',118,264,'agregar');
INSERT INTO `movsRepoCL` VALUES (256,48,'4-1 RcDF',514,265,'agregar');
INSERT INTO `movsRepoCL` VALUES (257,49,'4-1 RcCD',2300,228,'agregar');
INSERT INTO `movsRepoCL` VALUES (258,49,'4-1 RcCD',870,229,'agregar');
INSERT INTO `movsRepoCL` VALUES (260,49,'4-1 RcCD',100,241,'agregar');
INSERT INTO `movsRepoCL` VALUES (261,49,'4-1 RcCD',200,251,'agregar');
INSERT INTO `movsRepoCL` VALUES (262,50,'4-1 RcDD',700,232,'agregar');
INSERT INTO `movsRepoCL` VALUES (263,50,'4-1 RcCD',1291,248,'agregar');
INSERT INTO `movsRepoCL` VALUES (264,50,'4-1 RcCD',1800,250,'agregar');
INSERT INTO `movsRepoCL` VALUES (265,50,'4-1 RcCD',700,251,'agregar');
INSERT INTO `movsRepoCL` VALUES (266,51,'4-1 RcCD',328,227,'agregar');
INSERT INTO `movsRepoCL` VALUES (267,51,'4-1 RcCD',1000,226,'agregar');
INSERT INTO `movsRepoCL` VALUES (268,51,'4-1 RcCD',190,248,'agregar');
INSERT INTO `movsRepoCL` VALUES (269,51,'4-1 RcCD',390,250,'agregar');
INSERT INTO `movsRepoCL` VALUES (270,51,'4-1 RcCD',315,251,'agregar');
INSERT INTO `movsRepoCL` VALUES (271,51,'4-1 RcCD',900,247,'agregar');
INSERT INTO `movsRepoCL` VALUES (276,53,'4-1 RcCF',3500,260,'agregar');
INSERT INTO `movsRepoCL` VALUES (278,53,'4-1 RcDF',500,266,'agregar');
INSERT INTO `movsRepoCL` VALUES (279,53,'4-1 RcDF',667,268,'agregar');
INSERT INTO `movsRepoCL` VALUES (280,54,'4-1 RcCF',3087,260,'agregar');
INSERT INTO `movsRepoCL` VALUES (282,54,'4-1 RcCF',458,257,'agregar');
INSERT INTO `movsRepoCL` VALUES (283,54,'4-1 RcCF',375,269,'agregar');
INSERT INTO `movsRepoCL` VALUES (284,54,'4-1 RcDD',305,270,'agregar');
INSERT INTO `movsRepoCL` VALUES (286,55,'4-1 RcDF',564,268,'agregar');
INSERT INTO `movsRepoCL` VALUES (287,55,'4-1 RcDD',590,227,'agregar');
INSERT INTO `movsRepoCL` VALUES (288,55,'4-1 RcDD',1043,247,'agregar');
INSERT INTO `movsRepoCL` VALUES (289,55,'4-1 RcDF',455,271,'agregar');
INSERT INTO `movsRepoCL` VALUES (290,55,'4-1 RcDF',903,225,'agregar');
INSERT INTO `movsRepoCL` VALUES (291,56,'4-1 RcDD',832,248,'agregar');
INSERT INTO `movsRepoCL` VALUES (292,56,'4-1 RcDD',758,224,'agregar');
INSERT INTO `movsRepoCL` VALUES (293,56,'4-1 RcDD',1160,225,'agregar');
INSERT INTO `movsRepoCL` VALUES (294,56,'4-1 RcDD',660,226,'agregar');
INSERT INTO `movsRepoCL` VALUES (295,56,'4-1 RcDD',255,271,'agregar');
INSERT INTO `movsRepoCL` VALUES (296,56,'4-1 RcCD',250,272,'agregar');
INSERT INTO `movsRepoCL` VALUES (297,57,'4-1 RcCF',1150,257,'agregar');
INSERT INTO `movsRepoCL` VALUES (299,57,'4-1 RcCF',1250,260,'agregar');
INSERT INTO `movsRepoCL` VALUES (300,57,'4-1 RcDF',170,271,'agregar');
INSERT INTO `movsRepoCL` VALUES (303,57,'4-1 RcDF',276,272,'agregar');
INSERT INTO `movsRepoCL` VALUES (305,57,'4-1 RcDF',220,273,'agregar');
INSERT INTO `movsRepoCL` VALUES (306,57,'4-1 RcDD',530,225,'agregar');
INSERT INTO `movsRepoCL` VALUES (309,57,'4-1 RcDF',417,266,'agregar');
INSERT INTO `movsRepoCL` VALUES (310,58,'4-1 RcDD',120,226,'agregar');
INSERT INTO `movsRepoCL` VALUES (311,58,'4-1 RcDD',945,225,'agregar');
INSERT INTO `movsRepoCL` VALUES (312,58,'4-1 RcDD',131,248,'agregar');
INSERT INTO `movsRepoCL` VALUES (313,58,'4-1 RcDF',440,272,'agregar');
INSERT INTO `movsRepoCL` VALUES (316,58,'4-1 RcDF',260,273,'agregar');
INSERT INTO `movsRepoCL` VALUES (317,58,'4-1 RcDF',130,271,'agregar');
INSERT INTO `movsRepoCL` VALUES (318,59,'4-1 RcCF',370,260,'agregar');
INSERT INTO `movsRepoCL` VALUES (319,59,'4-1 RcCF',160,269,'agregar');
INSERT INTO `movsRepoCL` VALUES (320,59,'4-1 RcCF',370,271,'agregar');
INSERT INTO `movsRepoCL` VALUES (321,59,'4-1 RcCF',366,258,'agregar');
INSERT INTO `movsRepoCL` VALUES (322,59,'4-1 RcCF',680,266,'agregar');
INSERT INTO `movsRepoCL` VALUES (323,59,'4-1 RcCF',330,274,'agregar');
INSERT INTO `movsRepoCL` VALUES (329,60,'4-1 RcDF',1292,272,'agregar');
INSERT INTO `movsRepoCL` VALUES (332,60,'4-1 RcCD',812,236,'agregar');
INSERT INTO `movsRepoCL` VALUES (333,60,'4-1 RcCD',280,235,'agregar');
INSERT INTO `movsRepoCL` VALUES (334,60,'4-1 RcCD',620,255,'agregar');
INSERT INTO `movsRepoCL` VALUES (335,60,'4-1 RcCD',305,248,'agregar');
INSERT INTO `movsRepoCL` VALUES (336,60,'4-1 RcDF',374,273,'agregar');
INSERT INTO `movsRepoCL` VALUES (337,60,'4-1 RcDF',672,271,'agregar');
INSERT INTO `movsRepoCL` VALUES (342,62,'4-1 RcDF',410,271,'agregar');
INSERT INTO `movsRepoCL` VALUES (343,62,'4-1 RcCF',555,257,'agregar');
INSERT INTO `movsRepoCL` VALUES (344,62,'4-1 RcDD',370,226,'agregar');
INSERT INTO `movsRepoCL` VALUES (345,62,'4-1 RcCD',975,238,'agregar');
INSERT INTO `movsRepoCL` VALUES (346,62,'4-1 RcCD',565,235,'agregar');
INSERT INTO `movsRepoCL` VALUES (347,62,'4-1 RcCF',382,260,'agregar');
INSERT INTO `movsRepoCL` VALUES (348,63,'4-1 RcDD',252,232,'agregar');
INSERT INTO `movsRepoCL` VALUES (349,63,'4-1 RcDD',620,230,'agregar');
INSERT INTO `movsRepoCL` VALUES (350,63,'4-1 RcCF',980,266,'agregar');
INSERT INTO `movsRepoCL` VALUES (351,63,'4-1 RcCF',2000,260,'agregar');
INSERT INTO `movsRepoCL` VALUES (352,64,'4-1 RcDD',1346,247,'agregar');
INSERT INTO `movsRepoCL` VALUES (353,64,'4-1 RcDD',1050,268,'agregar');
INSERT INTO `movsRepoCL` VALUES (354,64,'4-1 RcDF',2064,268,'agregar');
INSERT INTO `movsRepoCL` VALUES (355,64,'4-1 RcCD',100,255,'agregar');
INSERT INTO `movsRepoCL` VALUES (356,65,'4-1 RcCF',2540,260,'agregar');
INSERT INTO `movsRepoCL` VALUES (357,65,'4-1 RcCF',540,257,'agregar');
INSERT INTO `movsRepoCL` VALUES (358,65,'4-1 RcCF',576,266,'agregar');
INSERT INTO `movsRepoCL` VALUES (359,65,'4-1 RcCF',73,261,'agregar');
INSERT INTO `movsRepoCL` VALUES (360,67,'4-1 RcDD',2794,268,'agregar');
INSERT INTO `movsRepoCL` VALUES (361,67,'4-1 RcDD',1456,247,'agregar');
INSERT INTO `movsRepoCL` VALUES (362,67,'4-1 RcDF',1156,268,'agregar');
INSERT INTO `movsRepoCL` VALUES (363,68,'4-1 RcDF',1450,275,'agregar');
INSERT INTO `movsRepoCL` VALUES (365,68,'4-1 RcCF',540,257,'agregar');
INSERT INTO `movsRepoCL` VALUES (366,68,'4-1 RcDD',715,234,'agregar');
INSERT INTO `movsRepoCL` VALUES (367,68,'4-1 RcDD',580,232,'agregar');
INSERT INTO `movsRepoCL` VALUES (368,68,'4-1 RcDD',191,247,'agregar');
INSERT INTO `movsRepoCL` VALUES (369,68,'4-1 RcCF',878,260,'agregar');
INSERT INTO `movsRepoCL` VALUES (370,68,'4-1 RcDD',626,231,'agregar');
INSERT INTO `movsRepoCL` VALUES (371,68,'4-1 RcCF',262,266,'agregar');
INSERT INTO `movsRepoCL` VALUES (372,68,'4-1 RcCD',268,255,'agregar');
INSERT INTO `movsRepoCL` VALUES (373,69,'4-1 RcDD',655,247,'agregar');
INSERT INTO `movsRepoCL` VALUES (374,69,'4-1 RcDD',1100,268,'agregar');
INSERT INTO `movsRepoCL` VALUES (375,69,'4-1 RcDD',450,275,'agregar');
INSERT INTO `movsRepoCL` VALUES (376,69,'4-1 RcDD',266,263,'agregar');
INSERT INTO `movsRepoCL` VALUES (377,69,'4-1 RcDD',235,274,'agregar');
INSERT INTO `movsRepoCL` VALUES (378,69,'4-1 RcCD',190,269,'agregar');
INSERT INTO `movsRepoCL` VALUES (379,69,'4-1 RcDF',542,268,'agregar');
INSERT INTO `movsRepoCL` VALUES (380,69,'4-1 RcDD',267,281,'agregar');
INSERT INTO `movsRepoCL` VALUES (382,70,'4-1 RcCF',1702,260,'agregar');
INSERT INTO `movsRepoCL` VALUES (383,70,'4-1 RcCD',180,255,'agregar');
INSERT INTO `movsRepoCL` VALUES (384,70,'4-1 RcCF',47,274,'agregar');
INSERT INTO `movsRepoCL` VALUES (386,70,'4-1 RcDD',408,275,'agregar');
INSERT INTO `movsRepoCL` VALUES (387,70,'4-1 RcDD',241,229,'agregar');
INSERT INTO `movsRepoCL` VALUES (388,70,'4-1 RcCMC',300,261,'agregar');
INSERT INTO `movsRepoCL` VALUES (389,71,'4-1 RcDD',1380,272,'agregar');
INSERT INTO `movsRepoCL` VALUES (390,71,'4-1 RcDD',760,273,'agregar');
INSERT INTO `movsRepoCL` VALUES (391,71,'4-1 RcDD',894,271,'agregar');
INSERT INTO `movsRepoCL` VALUES (392,71,'4-1 RcDD',40,275,'agregar');
INSERT INTO `movsRepoCL` VALUES (393,71,'4-1 RcDD',1150,285,'agregar');
INSERT INTO `movsRepoCL` VALUES (394,71,'4-1 RcCD',180,236,'agregar');
INSERT INTO `movsRepoCL` VALUES (395,71,'4-1 RcCD',217,235,'agregar');
INSERT INTO `movsRepoCL` VALUES (396,72,'4-1 RcDD',1800,272,'agregar');
INSERT INTO `movsRepoCL` VALUES (397,72,'4-1 RcDD',770,250,'agregar');
INSERT INTO `movsRepoCL` VALUES (398,72,'4-1 RcDD',479,273,'agregar');
INSERT INTO `movsRepoCL` VALUES (399,72,'4-1 RcDF',1003,273,'agregar');
INSERT INTO `movsRepoCL` VALUES (400,72,'4-1 RcDF',1046,272,'agregar');
INSERT INTO `movsRepoCL` VALUES (401,72,'4-1 RcDF',1286,271,'agregar');
INSERT INTO `movsRepoCL` VALUES (402,73,'4-1 RcDD',1810,250,'agregar');
INSERT INTO `movsRepoCL` VALUES (403,73,'4-1 RcDD',1168,251,'agregar');
INSERT INTO `movsRepoCL` VALUES (404,73,'4-1 RcDD',166,248,'agregar');
INSERT INTO `movsRepoCL` VALUES (405,74,'4-1 RcDD',1045,250,'agregar');
INSERT INTO `movsRepoCL` VALUES (408,74,'4-1 RcDD',230,251,'agregar');
INSERT INTO `movsRepoCL` VALUES (409,74,'4-1 RcDD',156,248,'agregar');
INSERT INTO `movsRepoCL` VALUES (410,74,'4-1 RcCD',350,269,'agregar');
INSERT INTO `movsRepoCL` VALUES (411,74,'4-1 RcCD',30,260,'agregar');
INSERT INTO `movsRepoCL` VALUES (412,75,'4-1 RcDD',990,250,'agregar');
INSERT INTO `movsRepoCL` VALUES (413,75,'4-1 RcDD',58,270,'agregar');
INSERT INTO `movsRepoCL` VALUES (414,75,'4-1 RcDD',1223,248,'agregar');
INSERT INTO `movsRepoCL` VALUES (415,75,'4-1 RcDD',338,226,'agregar');
INSERT INTO `movsRepoCL` VALUES (416,77,'4-1 RcCMC',860,257,'agregar');
INSERT INTO `movsRepoCL` VALUES (417,77,'4-1 RcCMC',645,261,'agregar');
INSERT INTO `movsRepoCL` VALUES (419,77,'4-1 RcCMC',2350,260,'agregar');
INSERT INTO `movsRepoCL` VALUES (420,77,'4-1 RcDD',206,250,'agregar');
INSERT INTO `movsRepoCL` VALUES (421,77,'4-1 RcDD',50,251,'agregar');
INSERT INTO `movsRepoCL` VALUES (422,77,'4-1 RcDD',530,225,'agregar');
INSERT INTO `movsRepoCL` VALUES (423,78,'4-1 RcIQC',550,257,'agregar');
INSERT INTO `movsRepoCL` VALUES (424,78,'4-1 RcIQC',713,261,'agregar');
INSERT INTO `movsRepoCL` VALUES (425,78,'4-1 RcIQC',1040,260,'agregar');
INSERT INTO `movsRepoCL` VALUES (426,78,'4-1 RcIQC',500,271,'agregar');
INSERT INTO `movsRepoCL` VALUES (433,80,'4-1 RcDD',2050,272,'agregar');
INSERT INTO `movsRepoCL` VALUES (434,80,'4-1 RcDD',780,251,'agregar');
INSERT INTO `movsRepoCL` VALUES (435,80,'4-1 RcDD',485,248,'agregar');
INSERT INTO `movsRepoCL` VALUES (436,81,'4-1 RcIQC',571,257,'agregar');
INSERT INTO `movsRepoCL` VALUES (437,81,'4-1 RcIQC',7,260,'agregar');
INSERT INTO `movsRepoCL` VALUES (438,81,'4-1 RcIQC',11,269,'agregar');
INSERT INTO `movsRepoCL` VALUES (439,81,'4-1 RcIQC',114,274,'agregar');
INSERT INTO `movsRepoCL` VALUES (440,81,'4-1 RcIQC',260,270,'agregar');
INSERT INTO `movsRepoCL` VALUES (441,81,'4-1 RcIQC',765,271,'agregar');
INSERT INTO `movsRepoCL` VALUES (442,81,'4-1 RcIQC',607,295,'agregar');
INSERT INTO `movsRepoCL` VALUES (443,82,'4-1 RcDF',740,270,'agregar');
INSERT INTO `movsRepoCL` VALUES (444,82,'4-1 RcIQC',704,260,'agregar');
INSERT INTO `movsRepoCL` VALUES (445,82,'4-1 RcIQC',215,271,'agregar');
INSERT INTO `movsRepoCL` VALUES (446,83,'4-1 RcIQC',615,257,'agregar');
INSERT INTO `movsRepoCL` VALUES (447,83,'4-1 RcIQC',440,260,'agregar');
INSERT INTO `movsRepoCL` VALUES (448,83,'4-1 RcIQC',1361,261,'agregar');
INSERT INTO `movsRepoCL` VALUES (449,83,'4-1 RcIQC',730,270,'agregar');
INSERT INTO `movsRepoCL` VALUES (450,84,'4-1 RcCF',1097,257,'agregar');
INSERT INTO `movsRepoCL` VALUES (451,84,'4-1 RcCF',1895,260,'agregar');
INSERT INTO `movsRepoCL` VALUES (452,84,'4-1 RcCF',900,266,'agregar');
INSERT INTO `movsRepoCL` VALUES (453,84,'4-1 RcDF',418,270,'agregar');
INSERT INTO `movsRepoCL` VALUES (454,85,'4-1 RcCF',440,260,'agregar');
INSERT INTO `movsRepoCL` VALUES (455,85,'4-1 RcCF',390,257,'agregar');
INSERT INTO `movsRepoCL` VALUES (456,85,'4-1 RcCF',93,266,'agregar');
INSERT INTO `movsRepoCL` VALUES (459,85,'4-1 RcDF',666,272,'agregar');
INSERT INTO `movsRepoCL` VALUES (460,85,'4-1 RcDF',393,273,'agregar');
INSERT INTO `movsRepoCL` VALUES (461,86,'4-1 RcDD',1942,230,'agregar');
INSERT INTO `movsRepoCL` VALUES (463,86,'4-1 RcCD',1520,298,'agregar');
INSERT INTO `movsRepoCL` VALUES (465,86,'4-1 RcDF',540,275,'agregar');
INSERT INTO `movsRepoCL` VALUES (466,87,'4-1 RcDD',1640,230,'agregar');
INSERT INTO `movsRepoCL` VALUES (467,87,'4-1 RcDD',496,296,'agregar');
INSERT INTO `movsRepoCL` VALUES (468,87,'4-1 RcCMD',553,237,'agregar');
INSERT INTO `movsRepoCL` VALUES (469,87,'4-1 RcCMD',800,235,'agregar');
INSERT INTO `movsRepoCL` VALUES (470,87,'4-1 RcCMD',760,260,'agregar');
INSERT INTO `movsRepoCL` VALUES (471,88,'4-1 RcDD',800,300,'agregar');
INSERT INTO `movsRepoCL` VALUES (472,88,'4-1 RcDD',310,237,'agregar');
INSERT INTO `movsRepoCL` VALUES (473,88,'4-1 RcDD',2050,235,'agregar');
INSERT INTO `movsRepoCL` VALUES (474,88,'4-1 RcDD',334,230,'agregar');
INSERT INTO `movsRepoCL` VALUES (475,88,'4-1 RcDD',280,231,'agregar');
INSERT INTO `movsRepoCL` VALUES (476,89,'4-1 RcDD',320,237,'agregar');
INSERT INTO `movsRepoCL` VALUES (477,89,'4-1 RcDD',1060,235,'agregar');
INSERT INTO `movsRepoCL` VALUES (478,89,'4-1 RcDD',420,235,'agregar');
INSERT INTO `movsRepoCL` VALUES (479,89,'4-1 RcDD',660,230,'agregar');
INSERT INTO `movsRepoCL` VALUES (480,89,'4-1 RcDD',120,231,'agregar');
INSERT INTO `movsRepoCL` VALUES (481,89,'4-1 RcDD',170,303,'agregar');
INSERT INTO `movsRepoCL` VALUES (482,90,'4-1 RcIQD',330,237,'agregar');
INSERT INTO `movsRepoCL` VALUES (483,90,'4-1 RcIQD',720,235,'agregar');
INSERT INTO `movsRepoCL` VALUES (484,90,'4-1 RcIQC',662,257,'agregar');
INSERT INTO `movsRepoCL` VALUES (485,90,'4-1 RcDD',950,230,'agregar');
INSERT INTO `movsRepoCL` VALUES (486,90,'4-1 RcDD',960,299,'agregar');
INSERT INTO `movsRepoCL` VALUES (488,90,'4-1 RcDD',720,300,'agregar');
INSERT INTO `movsRepoCL` VALUES (490,91,'4-1 RcDD',480,304,'agregar');
INSERT INTO `movsRepoCL` VALUES (491,91,'4-1 RcDD',1044,230,'agregar');
INSERT INTO `movsRepoCL` VALUES (492,91,'4-1 RcCD',541,296,'agregar');
INSERT INTO `movsRepoCL` VALUES (493,39,'',780,214,'descontar');
INSERT INTO `movsRepoCL` VALUES (494,39,'',500,219,'descontar');
INSERT INTO `movsRepoCL` VALUES (496,39,'',190,214,'descontar');
INSERT INTO `movsRepoCL` VALUES (499,40,'',602,214,'descontar');
INSERT INTO `movsRepoCL` VALUES (501,40,'',540,214,'descontar');
INSERT INTO `movsRepoCL` VALUES (502,40,'',35,219,'descontar');
INSERT INTO `movsRepoCL` VALUES (503,41,'',200,194,'descontar');
INSERT INTO `movsRepoCL` VALUES (504,41,'',1163,262,'descontar');
INSERT INTO `movsRepoCL` VALUES (505,41,'',1060,185,'descontar');
INSERT INTO `movsRepoCL` VALUES (506,41,'',100,187,'descontar');
INSERT INTO `movsRepoCL` VALUES (507,42,'',600,194,'descontar');
INSERT INTO `movsRepoCL` VALUES (509,42,'',340,185,'descontar');
INSERT INTO `movsRepoCL` VALUES (510,43,'',1646,194,'descontar');
INSERT INTO `movsRepoCL` VALUES (511,43,'',1000,185,'descontar');
INSERT INTO `movsRepoCL` VALUES (512,43,'',1047,187,'descontar');
INSERT INTO `movsRepoCL` VALUES (513,44,'',1535,185,'descontar');
INSERT INTO `movsRepoCL` VALUES (514,44,'',2763,194,'descontar');
INSERT INTO `movsRepoCL` VALUES (515,44,'',1128,185,'descontar');
INSERT INTO `movsRepoCL` VALUES (516,92,'4-1 RcDD',442,245,'agregar');
INSERT INTO `movsRepoCL` VALUES (517,92,'4-1 RcDD',1395,243,'agregar');
INSERT INTO `movsRepoCL` VALUES (518,92,'4-1 RcDD',457,232,'agregar');
INSERT INTO `movsRepoCL` VALUES (519,92,'4-1 RcCD',250,230,'agregar');
INSERT INTO `movsRepoCL` VALUES (521,92,'',1395,194,'descontar');
INSERT INTO `movsRepoCL` VALUES (524,92,'',250,195,'descontar');
INSERT INTO `movsRepoCL` VALUES (525,92,'',560,185,'descontar');
INSERT INTO `movsRepoCL` VALUES (526,92,'',442,187,'descontar');
INSERT INTO `movsRepoCL` VALUES (527,92,'',457,187,'descontar');
INSERT INTO `movsRepoCL` VALUES (528,93,'4-1 RcDD',1690,230,'agregar');
INSERT INTO `movsRepoCL` VALUES (531,93,'4-1 RcDD',590,254,'agregar');
INSERT INTO `movsRepoCL` VALUES (532,93,'4-1 RcDD',400,232,'agregar');
INSERT INTO `movsRepoCL` VALUES (533,93,'4-1 RcDD',975,307,'agregar');
INSERT INTO `movsRepoCL` VALUES (534,93,'',1690,195,'descontar');
INSERT INTO `movsRepoCL` VALUES (535,93,'',590,190,'descontar');
INSERT INTO `movsRepoCL` VALUES (536,93,'',400,187,'descontar');
INSERT INTO `movsRepoCL` VALUES (538,93,'',975,187,'descontar');
INSERT INTO `movsRepoCL` VALUES (539,94,'4-1 RcDD',660,232,'agregar');
INSERT INTO `movsRepoCL` VALUES (540,94,'4-1 RcDD',670,307,'agregar');
INSERT INTO `movsRepoCL` VALUES (541,94,'',660,187,'descontar');
INSERT INTO `movsRepoCL` VALUES (542,94,'',670,187,'descontar');
INSERT INTO `movsRepoCL` VALUES (545,49,'',2300,201,'descontar');
INSERT INTO `movsRepoCL` VALUES (546,49,'',870,186,'descontar');
INSERT INTO `movsRepoCL` VALUES (547,49,'',100,183,'descontar');
INSERT INTO `movsRepoCL` VALUES (548,49,'',100,180,'descontar');
INSERT INTO `movsRepoCL` VALUES (549,49,'',100,289,'descontar');
INSERT INTO `movsRepoCL` VALUES (550,50,'',700,187,'descontar');
INSERT INTO `movsRepoCL` VALUES (551,50,'',1291,185,'descontar');
INSERT INTO `movsRepoCL` VALUES (552,50,'',1800,181,'descontar');
INSERT INTO `movsRepoCL` VALUES (553,50,'',700,179,'descontar');
INSERT INTO `movsRepoCL` VALUES (554,51,'',100,191,'descontar');
INSERT INTO `movsRepoCL` VALUES (555,51,'',100,192,'descontar');
INSERT INTO `movsRepoCL` VALUES (556,51,'',128,193,'descontar');
INSERT INTO `movsRepoCL` VALUES (557,51,'',1000,196,'descontar');
INSERT INTO `movsRepoCL` VALUES (558,51,'',190,185,'descontar');
INSERT INTO `movsRepoCL` VALUES (559,51,'',390,181,'descontar');
INSERT INTO `movsRepoCL` VALUES (560,51,'',315,179,'descontar');
INSERT INTO `movsRepoCL` VALUES (561,55,'',1043,185,'descontar');
INSERT INTO `movsRepoCL` VALUES (562,55,'',200,191,'descontar');
INSERT INTO `movsRepoCL` VALUES (563,55,'',200,192,'descontar');
INSERT INTO `movsRepoCL` VALUES (564,55,'',190,193,'descontar');
INSERT INTO `movsRepoCL` VALUES (565,55,'',903,177,'descontar');
INSERT INTO `movsRepoCL` VALUES (566,56,'',832,185,'descontar');
INSERT INTO `movsRepoCL` VALUES (567,56,'',758,267,'descontar');
INSERT INTO `movsRepoCL` VALUES (569,56,'',1160,177,'descontar');
INSERT INTO `movsRepoCL` VALUES (570,56,'',660,196,'descontar');
INSERT INTO `movsRepoCL` VALUES (571,58,'',120,196,'descontar');
INSERT INTO `movsRepoCL` VALUES (572,58,'',945,177,'descontar');
INSERT INTO `movsRepoCL` VALUES (573,58,'',131,185,'descontar');
INSERT INTO `movsRepoCL` VALUES (574,60,'',812,209,'descontar');
INSERT INTO `movsRepoCL` VALUES (575,60,'',280,209,'descontar');
INSERT INTO `movsRepoCL` VALUES (576,60,'',620,197,'descontar');
INSERT INTO `movsRepoCL` VALUES (577,60,'',305,185,'descontar');
INSERT INTO `movsRepoCL` VALUES (579,62,'',370,196,'descontar');
INSERT INTO `movsRepoCL` VALUES (580,62,'',975,202,'descontar');
INSERT INTO `movsRepoCL` VALUES (581,62,'',565,200,'descontar');
INSERT INTO `movsRepoCL` VALUES (582,63,'',252,187,'descontar');
INSERT INTO `movsRepoCL` VALUES (583,63,'',620,195,'descontar');
INSERT INTO `movsRepoCL` VALUES (584,64,'',1346,185,'descontar');
INSERT INTO `movsRepoCL` VALUES (586,64,'',1050,195,'descontar');
INSERT INTO `movsRepoCL` VALUES (587,64,'',100,197,'descontar');
INSERT INTO `movsRepoCL` VALUES (588,67,'',2794,195,'descontar');
INSERT INTO `movsRepoCL` VALUES (589,67,'',1456,185,'descontar');
INSERT INTO `movsRepoCL` VALUES (590,68,'',268,197,'descontar');
INSERT INTO `movsRepoCL` VALUES (591,68,'',715,187,'descontar');
INSERT INTO `movsRepoCL` VALUES (592,68,'',191,185,'descontar');
INSERT INTO `movsRepoCL` VALUES (593,68,'',626,192,'descontar');
INSERT INTO `movsRepoCL` VALUES (594,68,'',580,187,'descontar');
INSERT INTO `movsRepoCL` VALUES (595,69,'',655,185,'descontar');
INSERT INTO `movsRepoCL` VALUES (596,69,'',1100,195,'descontar');
INSERT INTO `movsRepoCL` VALUES (597,69,'',450,195,'descontar');
INSERT INTO `movsRepoCL` VALUES (598,69,'',266,184,'descontar');
INSERT INTO `movsRepoCL` VALUES (599,69,'',235,203,'descontar');
INSERT INTO `movsRepoCL` VALUES (600,69,'',190,199,'descontar');
INSERT INTO `movsRepoCL` VALUES (601,70,'',180,197,'descontar');
INSERT INTO `movsRepoCL` VALUES (602,70,'',120,187,'descontar');
INSERT INTO `movsRepoCL` VALUES (603,70,'',408,195,'descontar');
INSERT INTO `movsRepoCL` VALUES (604,70,'',241,187,'descontar');
INSERT INTO `movsRepoCL` VALUES (605,71,'',1380,212,'descontar');
INSERT INTO `movsRepoCL` VALUES (606,71,'',400,211,'descontar');
INSERT INTO `movsRepoCL` VALUES (607,71,'',360,280,'descontar');
INSERT INTO `movsRepoCL` VALUES (609,71,'',894,213,'descontar');
INSERT INTO `movsRepoCL` VALUES (611,71,'',40,218,'descontar');
INSERT INTO `movsRepoCL` VALUES (612,71,'',1150,217,'descontar');
INSERT INTO `movsRepoCL` VALUES (616,71,'',100,200,'descontar');
INSERT INTO `movsRepoCL` VALUES (617,71,'',117,208,'descontar');
INSERT INTO `movsRepoCL` VALUES (618,71,'',180,209,'descontar');
INSERT INTO `movsRepoCL` VALUES (619,72,'',1800,181,'descontar');
INSERT INTO `movsRepoCL` VALUES (620,72,'',770,181,'descontar');
INSERT INTO `movsRepoCL` VALUES (621,72,'',479,179,'descontar');
INSERT INTO `movsRepoCL` VALUES (626,95,'4-1 RcDD',1529,212,'agregar');
INSERT INTO `movsRepoCL` VALUES (627,95,'4-1 RcDD',420,273,'agregar');
INSERT INTO `movsRepoCL` VALUES (631,95,'4-1 RcDD',616,271,'agregar');
INSERT INTO `movsRepoCL` VALUES (632,95,'',1529,181,'descontar');
INSERT INTO `movsRepoCL` VALUES (633,95,'',420,179,'descontar');
INSERT INTO `movsRepoCL` VALUES (634,95,'',616,185,'descontar');
INSERT INTO `movsRepoCL` VALUES (635,95,'4-1 RcCF',410,272,'agregar');
INSERT INTO `movsRepoCL` VALUES (637,95,'4-1 RcCF',136,273,'agregar');
INSERT INTO `movsRepoCL` VALUES (638,95,'4-1 RcCF',371,271,'agregar');
INSERT INTO `movsRepoCL` VALUES (641,95,'4-1 RcCF',471,269,'agregar');
INSERT INTO `movsRepoCL` VALUES (642,95,'4-1 RcCF',100,260,'agregar');
INSERT INTO `movsRepoCL` VALUES (643,96,'4-1 RcIQC',3243,260,'agregar');
INSERT INTO `movsRepoCL` VALUES (644,96,'4-1 RcIQC',310,261,'agregar');
INSERT INTO `movsRepoCL` VALUES (645,96,'4-1 RcIQC',340,257,'agregar');
INSERT INTO `movsRepoCL` VALUES (646,97,'4-1 RcDD',3660,230,'agregar');
INSERT INTO `movsRepoCL` VALUES (648,97,'4-1 RcDD',250,249,'agregar');
INSERT INTO `movsRepoCL` VALUES (649,97,'4-1 RcDD',110,243,'agregar');
INSERT INTO `movsRepoCL` VALUES (650,97,'4-1 RcIQD',370,235,'agregar');
INSERT INTO `movsRepoCL` VALUES (651,97,'4-1 RcIQC',100,274,'agregar');
INSERT INTO `movsRepoCL` VALUES (653,73,'',1810,181,'descontar');
INSERT INTO `movsRepoCL` VALUES (654,73,'',168,179,'descontar');
INSERT INTO `movsRepoCL` VALUES (656,73,'',1000,180,'descontar');
INSERT INTO `movsRepoCL` VALUES (657,73,'',166,185,'descontar');
INSERT INTO `movsRepoCL` VALUES (658,74,'',1045,181,'descontar');
INSERT INTO `movsRepoCL` VALUES (659,74,'',100,179,'descontar');
INSERT INTO `movsRepoCL` VALUES (660,74,'',130,180,'descontar');
INSERT INTO `movsRepoCL` VALUES (662,74,'',350,208,'descontar');
INSERT INTO `movsRepoCL` VALUES (663,75,'',990,181,'descontar');
INSERT INTO `movsRepoCL` VALUES (665,75,'',58,210,'descontar');
INSERT INTO `movsRepoCL` VALUES (666,75,'',1223,185,'descontar');
INSERT INTO `movsRepoCL` VALUES (667,75,'',554,196,'descontar');
INSERT INTO `movsRepoCL` VALUES (668,77,'',206,181,'descontar');
INSERT INTO `movsRepoCL` VALUES (669,77,'',50,179,'descontar');
INSERT INTO `movsRepoCL` VALUES (670,77,'',530,177,'descontar');
INSERT INTO `movsRepoCL` VALUES (671,78,'',500,179,'descontar');
INSERT INTO `movsRepoCL` VALUES (672,98,'4-1 RcIQD',150,257,'agregar');
INSERT INTO `movsRepoCL` VALUES (673,98,'4-1 RcIQC',556,260,'agregar');
INSERT INTO `movsRepoCL` VALUES (674,98,'4-1 RcIQC',330,237,'agregar');
INSERT INTO `movsRepoCL` VALUES (675,98,'4-1 RcIQD',504,272,'agregar');
INSERT INTO `movsRepoCL` VALUES (676,98,'',150,221,'descontar');
INSERT INTO `movsRepoCL` VALUES (677,98,'',504,212,'descontar');
INSERT INTO `movsRepoCL` VALUES (678,80,'',2050,212,'descontar');
INSERT INTO `movsRepoCL` VALUES (679,80,'',780,179,'descontar');
INSERT INTO `movsRepoCL` VALUES (680,80,'',485,185,'descontar');
INSERT INTO `movsRepoCL` VALUES (681,86,'',1942,195,'descontar');
INSERT INTO `movsRepoCL` VALUES (682,86,'',1520,213,'descontar');
INSERT INTO `movsRepoCL` VALUES (683,87,'',1640,195,'descontar');
INSERT INTO `movsRepoCL` VALUES (684,87,'',496,185,'descontar');
INSERT INTO `movsRepoCL` VALUES (685,87,'',553,237,'descontar');
INSERT INTO `movsRepoCL` VALUES (686,87,'',800,200,'descontar');
INSERT INTO `movsRepoCL` VALUES (687,88,'',800,186,'descontar');
INSERT INTO `movsRepoCL` VALUES (689,88,'',310,200,'descontar');
INSERT INTO `movsRepoCL` VALUES (690,88,'',2050,200,'descontar');
INSERT INTO `movsRepoCL` VALUES (691,88,'',334,195,'descontar');
INSERT INTO `movsRepoCL` VALUES (692,88,'',280,192,'descontar');
INSERT INTO `movsRepoCL` VALUES (693,89,'',320,200,'descontar');
INSERT INTO `movsRepoCL` VALUES (694,89,'',1060,200,'descontar');
INSERT INTO `movsRepoCL` VALUES (695,89,'',420,200,'descontar');
INSERT INTO `movsRepoCL` VALUES (696,89,'',660,195,'descontar');
INSERT INTO `movsRepoCL` VALUES (697,89,'',120,192,'descontar');
INSERT INTO `movsRepoCL` VALUES (698,89,'',170,195,'descontar');
INSERT INTO `movsRepoCL` VALUES (699,90,'',330,200,'descontar');
INSERT INTO `movsRepoCL` VALUES (700,90,'',720,200,'descontar');
INSERT INTO `movsRepoCL` VALUES (701,90,'',950,195,'descontar');
INSERT INTO `movsRepoCL` VALUES (702,90,'',960,309,'descontar');
INSERT INTO `movsRepoCL` VALUES (703,90,'',720,186,'descontar');
INSERT INTO `movsRepoCL` VALUES (704,91,'',480,309,'descontar');
INSERT INTO `movsRepoCL` VALUES (705,91,'',1044,195,'descontar');
INSERT INTO `movsRepoCL` VALUES (706,91,'',541,185,'descontar');
INSERT INTO `movsRepoCL` VALUES (707,97,'',3660,195,'descontar');
INSERT INTO `movsRepoCL` VALUES (708,97,'',250,185,'descontar');
INSERT INTO `movsRepoCL` VALUES (709,97,'',110,194,'descontar');
INSERT INTO `movsRepoCL` VALUES (710,97,'',370,200,'descontar');
INSERT INTO `movsRepoCL` VALUES (711,99,'4-1 RcDD',1240,243,'agregar');
INSERT INTO `movsRepoCL` VALUES (712,99,'4-1 RcDD',310,310,'agregar');
INSERT INTO `movsRepoCL` VALUES (713,99,'4-1 RcDD',230,249,'agregar');
INSERT INTO `movsRepoCL` VALUES (714,99,'4-1 RcIQC',580,236,'agregar');
INSERT INTO `movsRepoCL` VALUES (715,99,'4-1 RcDF',580,257,'agregar');
INSERT INTO `movsRepoCL` VALUES (716,99,'',1240,194,'descontar');
INSERT INTO `movsRepoCL` VALUES (717,99,'',310,181,'descontar');
INSERT INTO `movsRepoCL` VALUES (718,99,'',230,185,'descontar');
INSERT INTO `movsRepoCL` VALUES (719,100,'4-1 RcDD',2285,230,'agregar');
INSERT INTO `movsRepoCL` VALUES (720,100,'4-1 RcDD',864,298,'agregar');
INSERT INTO `movsRepoCL` VALUES (721,100,'4-1 RcDD',575,259,'agregar');
INSERT INTO `movsRepoCL` VALUES (724,100,'4-1 RcDF',689,258,'agregar');
INSERT INTO `movsRepoCL` VALUES (725,100,'4-1 RcDD',120,245,'agregar');
INSERT INTO `movsRepoCL` VALUES (726,100,'',864,213,'descontar');
INSERT INTO `movsRepoCL` VALUES (727,100,'',2285,195,'descontar');
INSERT INTO `movsRepoCL` VALUES (728,100,'',575,315,'descontar');
INSERT INTO `movsRepoCL` VALUES (729,100,'',689,258,'descontar');
INSERT INTO `movsRepoCL` VALUES (730,100,'',120,214,'descontar');
INSERT INTO `movsRepoCL` VALUES (731,102,'4-1 RcAGUI',850,312,'agregar');
INSERT INTO `movsRepoCL` VALUES (732,102,'4-1 RcAGUI',130,311,'agregar');
INSERT INTO `movsRepoCL` VALUES (733,102,'4-1 RcDD',2600,230,'agregar');
INSERT INTO `movsRepoCL` VALUES (735,102,'4-1 RcDD',610,298,'agregar');
INSERT INTO `movsRepoCL` VALUES (736,102,'4-1 RcDD',163,258,'agregar');
INSERT INTO `movsRepoCL` VALUES (737,103,'4-1 RcDD',2898,321,'agregar');
INSERT INTO `movsRepoCL` VALUES (738,103,'4-1 RcDD',750,322,'agregar');
INSERT INTO `movsRepoCL` VALUES (739,103,'4-1 RcDF',756,323,'agregar');
INSERT INTO `movsRepoCL` VALUES (741,103,'4-1 RcDD',900,324,'agregar');
INSERT INTO `movsRepoCL` VALUES (742,103,'4-1 RcDD',494,258,'agregar');
INSERT INTO `movsRepoCL` VALUES (743,103,'',2898,316,'descontar');
INSERT INTO `movsRepoCL` VALUES (744,103,'',750,212,'descontar');
INSERT INTO `movsRepoCL` VALUES (746,103,'',900,200,'descontar');
INSERT INTO `movsRepoCL` VALUES (747,103,'',756,323,'descontar');
INSERT INTO `movsRepoCL` VALUES (748,103,'',494,214,'descontar');
INSERT INTO `movsRepoCL` VALUES (749,104,'4-1 RcDD',2706,321,'agregar');
INSERT INTO `movsRepoCL` VALUES (750,104,'4-1 RcDD',685,322,'agregar');
INSERT INTO `movsRepoCL` VALUES (751,104,'4-1 RcDF',1010,324,'agregar');
INSERT INTO `movsRepoCL` VALUES (753,104,'4-1 RcDD',389,324,'agregar');
INSERT INTO `movsRepoCL` VALUES (754,104,'4-1 RcDD',1100,245,'agregar');
INSERT INTO `movsRepoCL` VALUES (755,104,'',2706,316,'descontar');
INSERT INTO `movsRepoCL` VALUES (756,104,'',685,212,'descontar');
INSERT INTO `movsRepoCL` VALUES (757,104,'',1010,323,'descontar');
INSERT INTO `movsRepoCL` VALUES (758,104,'',389,200,'descontar');
INSERT INTO `movsRepoCL` VALUES (759,104,'',1100,187,'descontar');
INSERT INTO `movsRepoCL` VALUES (760,105,'4-1 RcDD',907,322,'agregar');
INSERT INTO `movsRepoCL` VALUES (761,105,'4-1 RcDF',1700,323,'agregar');
INSERT INTO `movsRepoCL` VALUES (762,105,'4-1 RcDD',1312,245,'agregar');
INSERT INTO `movsRepoCL` VALUES (763,105,'4-1 RcDD',2462,321,'agregar');
INSERT INTO `movsRepoCL` VALUES (764,105,'',907,212,'descontar');
INSERT INTO `movsRepoCL` VALUES (765,105,'',1700,323,'descontar');
INSERT INTO `movsRepoCL` VALUES (767,105,'',1312,187,'descontar');
INSERT INTO `movsRepoCL` VALUES (768,105,'',2462,316,'descontar');
INSERT INTO `movsRepoCL` VALUES (769,106,'4-1 RcDD',295,245,'agregar');
INSERT INTO `movsRepoCL` VALUES (770,106,'4-1 RcAGUI',1455,321,'agregar');
INSERT INTO `movsRepoCL` VALUES (771,106,'4-1 RcDD',520,322,'agregar');
INSERT INTO `movsRepoCL` VALUES (772,106,'4-1 RcDF',625,323,'agregar');
INSERT INTO `movsRepoCL` VALUES (773,107,'4-1 RcDD',2809,328,'agregar');
INSERT INTO `movsRepoCL` VALUES (774,107,'4-1 RcDF',866,323,'agregar');
INSERT INTO `movsRepoCL` VALUES (775,107,'4-1 RcDD',1189,258,'agregar');
INSERT INTO `movsRepoCL` VALUES (776,107,'4-1 RcDD',664,322,'agregar');
INSERT INTO `movsRepoCL` VALUES (778,107,'',2809,320,'descontar');
INSERT INTO `movsRepoCL` VALUES (779,107,'',866,323,'descontar');
INSERT INTO `movsRepoCL` VALUES (780,107,'',1189,214,'descontar');
INSERT INTO `movsRepoCL` VALUES (781,107,'',664,181,'descontar');
INSERT INTO `movsRepoCL` VALUES (782,108,'4-1 RcDD',2450,272,'agregar');
INSERT INTO `movsRepoCL` VALUES (783,108,'4-1 RcDD',1200,273,'agregar');
INSERT INTO `movsRepoCL` VALUES (784,108,'4-1 RcDD',1400,271,'agregar');
INSERT INTO `movsRepoCL` VALUES (785,108,'',2450,212,'descontar');
INSERT INTO `movsRepoCL` VALUES (786,108,'',1200,211,'descontar');
INSERT INTO `movsRepoCL` VALUES (787,108,'',1400,213,'descontar');
INSERT INTO `movsRepoCL` VALUES (792,109,'4-1 RcDD',840,298,'agregar');
INSERT INTO `movsRepoCL` VALUES (793,109,'4-1 RcDD',2330,230,'agregar');
INSERT INTO `movsRepoCL` VALUES (794,109,'4-1 RcDD',300,258,'agregar');
INSERT INTO `movsRepoCL` VALUES (796,109,'4-1 RcDD',200,272,'agregar');
INSERT INTO `movsRepoCL` VALUES (797,109,'',840,213,'descontar');
INSERT INTO `movsRepoCL` VALUES (798,109,'',2330,195,'descontar');
INSERT INTO `movsRepoCL` VALUES (799,109,'',300,214,'descontar');
INSERT INTO `movsRepoCL` VALUES (800,109,'',200,212,'descontar');
INSERT INTO `movsRepoCL` VALUES (801,110,'4-1 RcDD',579,258,'agregar');
INSERT INTO `movsRepoCL` VALUES (802,110,'4-1 RcDF',698,323,'agregar');
INSERT INTO `movsRepoCL` VALUES (803,110,'4-1 RcDD',340,324,'agregar');
INSERT INTO `movsRepoCL` VALUES (805,110,'4-1 RcDD',1026,321,'agregar');
INSERT INTO `movsRepoCL` VALUES (806,110,'4-1 RcDD',440,310,'agregar');
INSERT INTO `movsRepoCL` VALUES (807,110,'4-1 RcDD',678,271,'agregar');
INSERT INTO `movsRepoCL` VALUES (810,110,'4-1 RcDD',1034,250,'agregar');
INSERT INTO `movsRepoCL` VALUES (811,110,'4-1 RcDD',285,251,'agregar');
INSERT INTO `movsRepoCL` VALUES (812,110,'',579,214,'descontar');
INSERT INTO `movsRepoCL` VALUES (813,110,'',698,323,'descontar');
INSERT INTO `movsRepoCL` VALUES (814,110,'',340,200,'descontar');
INSERT INTO `movsRepoCL` VALUES (815,110,'',1026,316,'descontar');
INSERT INTO `movsRepoCL` VALUES (816,110,'',440,181,'descontar');
INSERT INTO `movsRepoCL` VALUES (817,110,'',678,185,'descontar');
INSERT INTO `movsRepoCL` VALUES (818,110,'',1034,181,'descontar');
INSERT INTO `movsRepoCL` VALUES (819,110,'',285,179,'descontar');
INSERT INTO `movsRepoCL` VALUES (820,111,'4-1 RcDD',665,296,'agregar');
INSERT INTO `movsRepoCL` VALUES (821,111,'4-1 RcDD',190,251,'agregar');
INSERT INTO `movsRepoCL` VALUES (822,111,'4-1 RcDD',300,250,'agregar');
INSERT INTO `movsRepoCL` VALUES (823,111,'',665,179,'descontar');
INSERT INTO `movsRepoCL` VALUES (824,111,'',190,179,'descontar');
INSERT INTO `movsRepoCL` VALUES (825,111,'',300,181,'descontar');
INSERT INTO `movsRepoCL` VALUES (826,112,'4-1 RcDD',1074,296,'agregar');
INSERT INTO `movsRepoCL` VALUES (827,112,'4-1 RcDD',4100,230,'agregar');
INSERT INTO `movsRepoCL` VALUES (830,112,'',1074,185,'descontar');
INSERT INTO `movsRepoCL` VALUES (831,112,'',4100,195,'descontar');
INSERT INTO `movsRepoCL` VALUES (832,113,'4-1 RcDD',1932,250,'agregar');
INSERT INTO `movsRepoCL` VALUES (833,113,'4-1 RcDD',110,248,'agregar');
INSERT INTO `movsRepoCL` VALUES (834,113,'4-1 RcDD',280,251,'agregar');
INSERT INTO `movsRepoCL` VALUES (835,113,'4-1 RcDF',380,271,'agregar');
INSERT INTO `movsRepoCL` VALUES (836,113,'4-1 RcDD',800,250,'agregar');
INSERT INTO `movsRepoCL` VALUES (837,113,'4-1 RcDD',440,251,'agregar');
INSERT INTO `movsRepoCL` VALUES (838,113,'4-1 RcDF',491,271,'agregar');
INSERT INTO `movsRepoCL` VALUES (839,113,'',1932,181,'descontar');
INSERT INTO `movsRepoCL` VALUES (840,113,'',110,185,'descontar');
INSERT INTO `movsRepoCL` VALUES (841,113,'',280,179,'descontar');
INSERT INTO `movsRepoCL` VALUES (843,113,'',800,181,'descontar');
INSERT INTO `movsRepoCL` VALUES (844,113,'',440,179,'descontar');
INSERT INTO `movsRepoCL` VALUES (845,113,'',491,271,'descontar');
INSERT INTO `movsRepoCL` VALUES (846,113,'',380,271,'descontar');
INSERT INTO `movsRepoCL` VALUES (848,115,'4-1 RcDF',1513,248,'agregar');
INSERT INTO `movsRepoCL` VALUES (849,115,'4-1 RcDD',1600,250,'agregar');
INSERT INTO `movsRepoCL` VALUES (852,115,'4-1 RcDD',1964,251,'agregar');
INSERT INTO `movsRepoCL` VALUES (853,115,'4-1 RcDD',1160,230,'agregar');
INSERT INTO `movsRepoCL` VALUES (854,116,'4-1 RcDD',2658,275,'agregar');
INSERT INTO `movsRepoCL` VALUES (855,116,'4-1 RcDF',1434,298,'agregar');
INSERT INTO `movsRepoCL` VALUES (856,116,'4-1 RcDD',1549,275,'agregar');
INSERT INTO `movsRepoCL` VALUES (857,117,'4-1 RcDD',980,230,'agregar');
INSERT INTO `movsRepoCL` VALUES (858,117,'4-1 RcDD',1216,273,'agregar');
INSERT INTO `movsRepoCL` VALUES (859,117,'4-1 RcDD',3428,272,'agregar');
INSERT INTO `movsRepoCL` VALUES (860,117,'4-1 RcDD',700,271,'agregar');
INSERT INTO `movsRepoCL` VALUES (861,117,'4-1 RcDD',205,271,'agregar');
INSERT INTO `movsRepoCL` VALUES (862,117,'',980,195,'descontar');
INSERT INTO `movsRepoCL` VALUES (863,117,'',1216,211,'descontar');
INSERT INTO `movsRepoCL` VALUES (864,117,'',3428,272,'descontar');
INSERT INTO `movsRepoCL` VALUES (865,117,'',700,213,'descontar');
INSERT INTO `movsRepoCL` VALUES (866,117,'',205,271,'descontar');
INSERT INTO `movsRepoCL` VALUES (867,118,'4-1 RcDD',570,271,'agregar');
INSERT INTO `movsRepoCL` VALUES (868,118,'4-1 RcDD',1200,272,'agregar');
INSERT INTO `movsRepoCL` VALUES (869,118,'4-1 RcDD',740,273,'agregar');
INSERT INTO `movsRepoCL` VALUES (870,118,'',570,213,'descontar');
INSERT INTO `movsRepoCL` VALUES (871,118,'',1200,272,'descontar');
INSERT INTO `movsRepoCL` VALUES (872,118,'',740,211,'descontar');
INSERT INTO `movsRepoCL` VALUES (873,119,'4-1RcAGCr',480,214,'agregar');
INSERT INTO `movsRepoCL` VALUES (874,119,'4-1 RcIQC',1300,261,'agregar');
INSERT INTO `movsRepoCL` VALUES (875,119,'4-1 RcIQC',200,260,'agregar');
INSERT INTO `movsRepoCL` VALUES (876,119,'4-1 RcDD',340,230,'agregar');
INSERT INTO `movsRepoCL` VALUES (877,119,'4-1 RcIQC',560,257,'agregar');
INSERT INTO `movsRepoCL` VALUES (878,119,'',340,195,'descontar');
/*!40000 ALTER TABLE `movsRepoCL` ENABLE KEYS */;
UNLOCK TABLES;

--
-- Table structure for table `movsRepoDimensionado`
--

DROP TABLE IF EXISTS `movsRepoDimensionado`;
/*!40101 SET @saved_cs_client     = @@character_set_client */;
/*!40101 SET character_set_client = utf8 */;
CREATE TABLE `movsRepoDimensionado` (
  `id` int(11) NOT NULL AUTO_INCREMENT,
  `idRepo` int(11) NOT NULL,
  `actividad` char(10) NOT NULL COMMENT 'aserrio u hojeado',
  `cantidad` int(11) NOT NULL,
  `idtabla` int(11) NOT NULL COMMENT 'la tabla incluye la especie de madera',
  PRIMARY KEY (`id`),
  KEY `idRepo` (`idRepo`),
  KEY `actividad` (`actividad`,`idtabla`)
) ENGINE=InnoDB AUTO_INCREMENT=1738 DEFAULT CHARSET=latin1;
/*!40101 SET character_set_client = @saved_cs_client */;

--
-- Dumping data for table `movsRepoDimensionado`
--

LOCK TABLES `movsRepoDimensionado` WRITE;
/*!40000 ALTER TABLE `movsRepoDimensionado` DISABLE KEYS */;
INSERT INTO `movsRepoDimensionado` VALUES (438,176,'2-1 AsP',576,214);
INSERT INTO `movsRepoDimensionado` VALUES (439,176,'2-1 AsP',14,213);
INSERT INTO `movsRepoDimensionado` VALUES (440,176,'2-1 AsP',125,216);
INSERT INTO `movsRepoDimensionado` VALUES (441,176,'2-1 AsP',78,221);
INSERT INTO `movsRepoDimensionado` VALUES (442,177,'2-1 AsP',700,214);
INSERT INTO `movsRepoDimensionado` VALUES (443,177,'2-1 AsP',150,216);
INSERT INTO `movsRepoDimensionado` VALUES (444,178,'2-1 AsCB',334,187);
INSERT INTO `movsRepoDimensionado` VALUES (447,178,'2-1 AsP',20,221);
INSERT INTO `movsRepoDimensionado` VALUES (448,178,'2-1 AsP',40,210);
INSERT INTO `movsRepoDimensionado` VALUES (449,179,'2-1 AsCB',211,187);
INSERT INTO `movsRepoDimensionado` VALUES (450,179,'2-1 AsCB',39,185);
INSERT INTO `movsRepoDimensionado` VALUES (451,179,'2-1 AsCB',170,209);
INSERT INTO `movsRepoDimensionado` VALUES (452,179,'2-1 AsCB',200,193);
INSERT INTO `movsRepoDimensionado` VALUES (453,180,'2-1 AsP',226,214);
INSERT INTO `movsRepoDimensionado` VALUES (454,180,'2-1 AsP',150,219);
INSERT INTO `movsRepoDimensionado` VALUES (455,180,'2-1 AsP',300,222);
INSERT INTO `movsRepoDimensionado` VALUES (457,181,'2-1 AsP',200,219);
INSERT INTO `movsRepoDimensionado` VALUES (458,181,'2-1 AsP',235,214);
INSERT INTO `movsRepoDimensionado` VALUES (459,181,'2-1 AsP',210,222);
INSERT INTO `movsRepoDimensionado` VALUES (460,181,'2-1 AsP',30,223);
INSERT INTO `movsRepoDimensionado` VALUES (461,183,'2-1 AsP',103,214);
INSERT INTO `movsRepoDimensionado` VALUES (462,183,'2-1 AsP',130,222);
INSERT INTO `movsRepoDimensionado` VALUES (463,183,'2-1 AsP',8,223);
INSERT INTO `movsRepoDimensionado` VALUES (464,184,'2-1 AsCB',437,185);
INSERT INTO `movsRepoDimensionado` VALUES (465,184,'2-1 AsCB',943,194);
INSERT INTO `movsRepoDimensionado` VALUES (466,184,'2-1 AsCB',60,200);
INSERT INTO `movsRepoDimensionado` VALUES (467,185,'2-1 AsCB',305,185);
INSERT INTO `movsRepoDimensionado` VALUES (468,185,'2-1 AsCB',450,194);
INSERT INTO `movsRepoDimensionado` VALUES (469,186,'2-1 AsCB',477,185);
INSERT INTO `movsRepoDimensionado` VALUES (470,186,'2-1 AsCB',919,194);
INSERT INTO `movsRepoDimensionado` VALUES (471,186,'2-1 AsCB',35,200);
INSERT INTO `movsRepoDimensionado` VALUES (472,186,'2-1 AsCB',104,191);
INSERT INTO `movsRepoDimensionado` VALUES (473,187,'2-1 AsCB',724,262);
INSERT INTO `movsRepoDimensionado` VALUES (474,187,'2-1 AsCB',427,187);
INSERT INTO `movsRepoDimensionado` VALUES (477,189,'2-1 AsCB',337,185);
INSERT INTO `movsRepoDimensionado` VALUES (478,189,'2-1 AsCB',234,194);
INSERT INTO `movsRepoDimensionado` VALUES (479,189,'2-1 AsCB',37,200);
INSERT INTO `movsRepoDimensionado` VALUES (480,190,'2-1 AsCB',50,185);
INSERT INTO `movsRepoDimensionado` VALUES (481,190,'2-1 AsCB',133,206);
INSERT INTO `movsRepoDimensionado` VALUES (482,191,'2-1 AsCB',600,194);
INSERT INTO `movsRepoDimensionado` VALUES (483,191,'2-1 AsCB',114,185);
INSERT INTO `movsRepoDimensionado` VALUES (484,191,'2-1 AsCB',160,191);
INSERT INTO `movsRepoDimensionado` VALUES (485,192,'2-1 AsCB',145,187);
INSERT INTO `movsRepoDimensionado` VALUES (486,192,'2-1 AsCB',200,185);
INSERT INTO `movsRepoDimensionado` VALUES (487,192,'2-1 AsP',300,222);
INSERT INTO `movsRepoDimensionado` VALUES (488,192,'2-1 AsP',150,223);
INSERT INTO `movsRepoDimensionado` VALUES (490,193,'2-1 AsP',450,222);
INSERT INTO `movsRepoDimensionado` VALUES (491,193,'2-1 AsP',193,223);
INSERT INTO `movsRepoDimensionado` VALUES (492,194,'2-1 AsCB',480,185);
INSERT INTO `movsRepoDimensionado` VALUES (493,194,'2-1 AsCB',818,194);
INSERT INTO `movsRepoDimensionado` VALUES (494,194,'2-1 AsCB',110,200);
INSERT INTO `movsRepoDimensionado` VALUES (495,195,'2-1 AsCB',317,185);
INSERT INTO `movsRepoDimensionado` VALUES (496,195,'2-1 AsCB',470,194);
INSERT INTO `movsRepoDimensionado` VALUES (497,196,'2-1 AsCB',618,185);
INSERT INTO `movsRepoDimensionado` VALUES (498,196,'2-1 AsCB',577,194);
INSERT INTO `movsRepoDimensionado` VALUES (499,196,'2-1 AsCB',95,200);
INSERT INTO `movsRepoDimensionado` VALUES (500,196,'2-1 AsCB',90,191);
INSERT INTO `movsRepoDimensionado` VALUES (501,197,'2-1 AsCB',408,185);
INSERT INTO `movsRepoDimensionado` VALUES (502,197,'2-1 AsCB',680,194);
INSERT INTO `movsRepoDimensionado` VALUES (503,198,'2-1 AsCB',210,187);
INSERT INTO `movsRepoDimensionado` VALUES (504,198,'2-1 AsCB',810,262);
INSERT INTO `movsRepoDimensionado` VALUES (505,199,'2-1 AsCB',425,187);
INSERT INTO `movsRepoDimensionado` VALUES (506,199,'2-1 AsCB',156,193);
INSERT INTO `movsRepoDimensionado` VALUES (507,200,'2-1 AsCB',692,194);
INSERT INTO `movsRepoDimensionado` VALUES (508,200,'2-1 AsCB',309,185);
INSERT INTO `movsRepoDimensionado` VALUES (509,200,'2-1 AsCB',30,200);
INSERT INTO `movsRepoDimensionado` VALUES (510,200,'2-1 AsCB',340,187);
INSERT INTO `movsRepoDimensionado` VALUES (511,200,'2-1 AsCB',47,209);
INSERT INTO `movsRepoDimensionado` VALUES (512,201,'2-1 AsCB',566,187);
INSERT INTO `movsRepoDimensionado` VALUES (513,201,'2-1 AsCB',200,194);
INSERT INTO `movsRepoDimensionado` VALUES (514,201,'2-1 AsCB',70,209);
INSERT INTO `movsRepoDimensionado` VALUES (515,202,'2-1 AsCB',605,194);
INSERT INTO `movsRepoDimensionado` VALUES (516,202,'2-1 AsCB',207,185);
INSERT INTO `movsRepoDimensionado` VALUES (517,202,'2-1 AsCB',908,200);
INSERT INTO `movsRepoDimensionado` VALUES (518,202,'2-1 AsCB',148,191);
INSERT INTO `movsRepoDimensionado` VALUES (519,202,'2-1 AsCB',380,187);
INSERT INTO `movsRepoDimensionado` VALUES (520,202,'2-1 AsCB',30,209);
INSERT INTO `movsRepoDimensionado` VALUES (521,203,'2-1 AsCB',565,185);
INSERT INTO `movsRepoDimensionado` VALUES (522,203,'2-1 AsCB',660,194);
INSERT INTO `movsRepoDimensionado` VALUES (523,203,'2-1 AsCB',10,191);
INSERT INTO `movsRepoDimensionado` VALUES (524,203,'2-1 AsCB',54,200);
INSERT INTO `movsRepoDimensionado` VALUES (525,204,'2-1 AsCB',556,187);
INSERT INTO `movsRepoDimensionado` VALUES (526,204,'2-1 AsCB',220,193);
INSERT INTO `movsRepoDimensionado` VALUES (527,205,'2-1 AsCB',324,194);
INSERT INTO `movsRepoDimensionado` VALUES (528,205,'2-1 AsCB',592,187);
INSERT INTO `movsRepoDimensionado` VALUES (529,205,'2-1 AsCB',109,189);
INSERT INTO `movsRepoDimensionado` VALUES (530,205,'2-1 AsCB',85,193);
INSERT INTO `movsRepoDimensionado` VALUES (531,205,'2-1 AsCB',55,178);
INSERT INTO `movsRepoDimensionado` VALUES (532,205,'2-1 AsCB',44,200);
INSERT INTO `movsRepoDimensionado` VALUES (533,206,'2-1 AsCB',450,187);
INSERT INTO `movsRepoDimensionado` VALUES (534,206,'2-1 AsCB',103,189);
INSERT INTO `movsRepoDimensionado` VALUES (535,206,'2-1 AsCB',200,193);
INSERT INTO `movsRepoDimensionado` VALUES (536,206,'2-1 AsCB',60,194);
INSERT INTO `movsRepoDimensionado` VALUES (537,207,'2-1 AsCB',627,195);
INSERT INTO `movsRepoDimensionado` VALUES (538,207,'2-1 AsCB',880,190);
INSERT INTO `movsRepoDimensionado` VALUES (539,207,'2-1 AsCB',140,192);
INSERT INTO `movsRepoDimensionado` VALUES (540,208,'2-1 AsCB',755,190);
INSERT INTO `movsRepoDimensionado` VALUES (541,208,'2-1 AsCB',657,195);
INSERT INTO `movsRepoDimensionado` VALUES (542,208,'2-1 AsCB',190,192);
INSERT INTO `movsRepoDimensionado` VALUES (543,209,'2-1 AsCB',460,187);
INSERT INTO `movsRepoDimensionado` VALUES (544,209,'2-1 AsCB',70,189);
INSERT INTO `movsRepoDimensionado` VALUES (545,209,'2-1 AsCB',126,193);
INSERT INTO `movsRepoDimensionado` VALUES (546,209,'2-1 AsCB',554,181);
INSERT INTO `movsRepoDimensionado` VALUES (547,209,'2-1 AsCB',23,185);
INSERT INTO `movsRepoDimensionado` VALUES (548,210,'2-1 AsCB',810,181);
INSERT INTO `movsRepoDimensionado` VALUES (549,210,'2-1 AsCB',100,191);
INSERT INTO `movsRepoDimensionado` VALUES (550,211,'2-1 AsCB',580,190);
INSERT INTO `movsRepoDimensionado` VALUES (551,211,'2-1 AsCB',350,195);
INSERT INTO `movsRepoDimensionado` VALUES (552,211,'2-1 AsCB',178,192);
INSERT INTO `movsRepoDimensionado` VALUES (553,212,'2-1 AsCB',475,201);
INSERT INTO `movsRepoDimensionado` VALUES (554,212,'2-1 AsCB',200,186);
INSERT INTO `movsRepoDimensionado` VALUES (555,212,'2-1 AsCB',34,208);
INSERT INTO `movsRepoDimensionado` VALUES (556,212,'2-1 AsCB',170,192);
INSERT INTO `movsRepoDimensionado` VALUES (557,213,'2-1 AsCB',475,201);
INSERT INTO `movsRepoDimensionado` VALUES (558,213,'2-1 AsCB',200,186);
INSERT INTO `movsRepoDimensionado` VALUES (559,213,'2-1 AsCB',34,208);
INSERT INTO `movsRepoDimensionado` VALUES (560,213,'2-1 AsCB',170,192);
INSERT INTO `movsRepoDimensionado` VALUES (561,214,'2-1 AsCB',557,201);
INSERT INTO `movsRepoDimensionado` VALUES (562,214,'2-1 AsCB',40,208);
INSERT INTO `movsRepoDimensionado` VALUES (563,214,'2-1 AsCB',40,192);
INSERT INTO `movsRepoDimensionado` VALUES (564,215,'2-1 AsCB',225,201);
INSERT INTO `movsRepoDimensionado` VALUES (565,216,'2-1 AsCB',329,185);
INSERT INTO `movsRepoDimensionado` VALUES (566,216,'2-1 AsCB',252,181);
INSERT INTO `movsRepoDimensionado` VALUES (567,216,'2-1 AsCB',40,197);
INSERT INTO `movsRepoDimensionado` VALUES (568,217,'2-1 AsCB',250,185);
INSERT INTO `movsRepoDimensionado` VALUES (569,217,'2-1 AsCB',67,197);
INSERT INTO `movsRepoDimensionado` VALUES (570,217,'2-1 AsCB',70,193);
INSERT INTO `movsRepoDimensionado` VALUES (571,217,'2-1 AsCB',550,191);
INSERT INTO `movsRepoDimensionado` VALUES (577,219,'2-1 AsCB',708,201);
INSERT INTO `movsRepoDimensionado` VALUES (578,219,'2-1 AsCB',270,186);
INSERT INTO `movsRepoDimensionado` VALUES (579,219,'2-1 AsCB',73,208);
INSERT INTO `movsRepoDimensionado` VALUES (580,219,'2-1 AsCB',210,192);
INSERT INTO `movsRepoDimensionado` VALUES (581,220,'2-1 AsCB',646,201);
INSERT INTO `movsRepoDimensionado` VALUES (582,220,'2-1 AsCB',330,186);
INSERT INTO `movsRepoDimensionado` VALUES (583,220,'2-1 AsCB',180,192);
INSERT INTO `movsRepoDimensionado` VALUES (584,221,'2-1 AsCB',400,185);
INSERT INTO `movsRepoDimensionado` VALUES (585,221,'2-1 AsCB',120,200);
INSERT INTO `movsRepoDimensionado` VALUES (586,222,'2-1 AsCB',250,185);
INSERT INTO `movsRepoDimensionado` VALUES (587,222,'2-1 AsCB',720,181);
INSERT INTO `movsRepoDimensionado` VALUES (588,222,'2-1 AsCB',275,179);
INSERT INTO `movsRepoDimensionado` VALUES (589,222,'2-1 AsCB',340,179);
INSERT INTO `movsRepoDimensionado` VALUES (590,222,'2-1 AsCB',300,176);
INSERT INTO `movsRepoDimensionado` VALUES (591,222,'2-1 AsCB',100,183);
INSERT INTO `movsRepoDimensionado` VALUES (596,224,'2-1 AsCB',644,195);
INSERT INTO `movsRepoDimensionado` VALUES (597,224,'2-1 AsCB',140,186);
INSERT INTO `movsRepoDimensionado` VALUES (598,224,'2-1 AsCB',120,192);
INSERT INTO `movsRepoDimensionado` VALUES (599,224,'2-1 AsCB',350,267);
INSERT INTO `movsRepoDimensionado` VALUES (600,224,'2-1 AsCB',80,177);
INSERT INTO `movsRepoDimensionado` VALUES (601,225,'2-1 AsCB',800,181);
INSERT INTO `movsRepoDimensionado` VALUES (602,225,'2-1 AsCB',125,179);
INSERT INTO `movsRepoDimensionado` VALUES (603,225,'2-1 AsCB',180,185);
INSERT INTO `movsRepoDimensionado` VALUES (604,226,'2-1 AsCB',413,181);
INSERT INTO `movsRepoDimensionado` VALUES (605,226,'2-1 AsCB',255,179);
INSERT INTO `movsRepoDimensionado` VALUES (606,226,'2-1 AsCB',622,185);
INSERT INTO `movsRepoDimensionado` VALUES (607,226,'2-1 AsCB',80,197);
INSERT INTO `movsRepoDimensionado` VALUES (608,226,'2-1 AsCB',80,176);
INSERT INTO `movsRepoDimensionado` VALUES (609,227,'2-1 AsCB',296,267);
INSERT INTO `movsRepoDimensionado` VALUES (610,227,'2-1 AsCB',320,177);
INSERT INTO `movsRepoDimensionado` VALUES (611,227,'2-1 AsCB',505,196);
INSERT INTO `movsRepoDimensionado` VALUES (612,227,'2-1 AsCB',104,191);
INSERT INTO `movsRepoDimensionado` VALUES (613,227,'2-1 AsCB',180,185);
INSERT INTO `movsRepoDimensionado` VALUES (614,227,'2-1 AsCB',26,200);
INSERT INTO `movsRepoDimensionado` VALUES (615,228,'2-1 AsCB',150,267);
INSERT INTO `movsRepoDimensionado` VALUES (616,228,'2-1 AsCB',1250,177);
INSERT INTO `movsRepoDimensionado` VALUES (617,228,'2-1 AsCB',134,201);
INSERT INTO `movsRepoDimensionado` VALUES (618,228,'2-1 AsCB',150,195);
INSERT INTO `movsRepoDimensionado` VALUES (619,229,'2-1 AsCB',250,181);
INSERT INTO `movsRepoDimensionado` VALUES (620,229,'2-1 AsCB',38,179);
INSERT INTO `movsRepoDimensionado` VALUES (621,229,'2-1 AsCB',500,196);
INSERT INTO `movsRepoDimensionado` VALUES (622,229,'2-1 AsCB',80,185);
INSERT INTO `movsRepoDimensionado` VALUES (623,230,'2-1 AsCB',900,177);
INSERT INTO `movsRepoDimensionado` VALUES (624,230,'2-1 AsCB',167,181);
INSERT INTO `movsRepoDimensionado` VALUES (625,230,'2-1 AsCB',10,179);
INSERT INTO `movsRepoDimensionado` VALUES (626,230,'2-1 AsCB',150,195);
INSERT INTO `movsRepoDimensionado` VALUES (627,230,'2-1 AsCB',55,192);
INSERT INTO `movsRepoDimensionado` VALUES (628,231,'2-1 AsCB',1017,185);
INSERT INTO `movsRepoDimensionado` VALUES (629,231,'2-1 AsCB',82,200);
INSERT INTO `movsRepoDimensionado` VALUES (630,232,'2-1 AsCB',742,195);
INSERT INTO `movsRepoDimensionado` VALUES (631,232,'2-1 AsCB',106,186);
INSERT INTO `movsRepoDimensionado` VALUES (632,232,'2-1 AsCB',30,185);
INSERT INTO `movsRepoDimensionado` VALUES (633,232,'2-1 AsCB',257,267);
INSERT INTO `movsRepoDimensionado` VALUES (634,232,'2-1 AsCB',450,177);
INSERT INTO `movsRepoDimensionado` VALUES (635,232,'2-1 AsCB',140,197);
INSERT INTO `movsRepoDimensionado` VALUES (636,233,'2-1 AsCB',760,206);
INSERT INTO `movsRepoDimensionado` VALUES (637,233,'2-1 AsCB',210,185);
INSERT INTO `movsRepoDimensionado` VALUES (638,233,'2-1 AsCB',200,191);
INSERT INTO `movsRepoDimensionado` VALUES (639,234,'2-1 AsCB',360,206);
INSERT INTO `movsRepoDimensionado` VALUES (640,234,'2-1 AsCB',461,185);
INSERT INTO `movsRepoDimensionado` VALUES (641,234,'2-1 AsCB',23,200);
INSERT INTO `movsRepoDimensionado` VALUES (642,234,'2-1 AsCB',511,196);
INSERT INTO `movsRepoDimensionado` VALUES (643,234,'2-1 AsCB',100,179);
INSERT INTO `movsRepoDimensionado` VALUES (644,234,'2-1 AsCB',32,191);
INSERT INTO `movsRepoDimensionado` VALUES (645,235,'2-1 AsCB',560,267);
INSERT INTO `movsRepoDimensionado` VALUES (646,235,'2-1 AsCB',1186,177);
INSERT INTO `movsRepoDimensionado` VALUES (647,236,'2-1 AsCB',1016,177);
INSERT INTO `movsRepoDimensionado` VALUES (648,236,'2-1 AsCB',506,267);
INSERT INTO `movsRepoDimensionado` VALUES (649,236,'2-1 AsCB',410,206);
INSERT INTO `movsRepoDimensionado` VALUES (650,236,'2-1 AsCB',25,205);
INSERT INTO `movsRepoDimensionado` VALUES (654,238,'2-1 AsCB',500,197);
INSERT INTO `movsRepoDimensionado` VALUES (655,239,'2-1 AsCB',660,195);
INSERT INTO `movsRepoDimensionado` VALUES (656,239,'2-1 AsCB',110,177);
INSERT INTO `movsRepoDimensionado` VALUES (657,240,'2-1 AsCB',600,197);
INSERT INTO `movsRepoDimensionado` VALUES (658,241,'2-1 AsCB',810,177);
INSERT INTO `movsRepoDimensionado` VALUES (659,241,'2-1 AsCB',102,195);
INSERT INTO `movsRepoDimensionado` VALUES (660,242,'2-1 AsCB',820,256);
INSERT INTO `movsRepoDimensionado` VALUES (661,242,'2-1 AsCB',57,205);
INSERT INTO `movsRepoDimensionado` VALUES (662,242,'2-1 AsCB',388,187);
INSERT INTO `movsRepoDimensionado` VALUES (663,242,'2-1 AsCB',165,193);
INSERT INTO `movsRepoDimensionado` VALUES (664,243,'2-1 AsCB',1230,195);
INSERT INTO `movsRepoDimensionado` VALUES (665,243,'2-1 AsCB',310,177);
INSERT INTO `movsRepoDimensionado` VALUES (666,244,'2-1 AsCB',600,256);
INSERT INTO `movsRepoDimensionado` VALUES (667,244,'2-1 AsCB',30,205);
INSERT INTO `movsRepoDimensionado` VALUES (668,244,'2-1 AsCB',370,193);
INSERT INTO `movsRepoDimensionado` VALUES (669,244,'2-1 AsCB',60,191);
INSERT INTO `movsRepoDimensionado` VALUES (670,245,'2-1 AsCB',814,256);
INSERT INTO `movsRepoDimensionado` VALUES (671,245,'2-1 AsCB',415,187);
INSERT INTO `movsRepoDimensionado` VALUES (672,245,'2-1 AsCB',160,193);
INSERT INTO `movsRepoDimensionado` VALUES (673,245,'2-1 AsCB',80,209);
INSERT INTO `movsRepoDimensionado` VALUES (674,245,'2-1 AsCB',30,205);
INSERT INTO `movsRepoDimensionado` VALUES (675,246,'2-1 AsCB',300,185);
INSERT INTO `movsRepoDimensionado` VALUES (676,246,'2-1 AsCB',100,197);
INSERT INTO `movsRepoDimensionado` VALUES (677,247,'2-1 AsCB',900,187);
INSERT INTO `movsRepoDimensionado` VALUES (678,247,'2-1 AsCB',170,193);
INSERT INTO `movsRepoDimensionado` VALUES (679,248,'2-1 AsCB',230,179);
INSERT INTO `movsRepoDimensionado` VALUES (680,248,'2-1 AsCB',160,185);
INSERT INTO `movsRepoDimensionado` VALUES (681,248,'2-1 AsCB',630,202);
INSERT INTO `movsRepoDimensionado` VALUES (682,248,'2-1 AsCB',190,197);
INSERT INTO `movsRepoDimensionado` VALUES (683,249,'2-1 AsCB',555,187);
INSERT INTO `movsRepoDimensionado` VALUES (684,249,'2-1 AsCB',250,193);
INSERT INTO `movsRepoDimensionado` VALUES (685,250,'2-1 AsCB',723,202);
INSERT INTO `movsRepoDimensionado` VALUES (686,250,'2-1 AsCB',433,197);
INSERT INTO `movsRepoDimensionado` VALUES (687,250,'2-1 AsCB',243,185);
INSERT INTO `movsRepoDimensionado` VALUES (688,250,'2-1 AsCB',201,179);
INSERT INTO `movsRepoDimensionado` VALUES (689,251,'2-1 AsP',1135,218);
INSERT INTO `movsRepoDimensionado` VALUES (690,251,'2-1 AsP',138,215);
INSERT INTO `movsRepoDimensionado` VALUES (691,252,'2-1 AsCB',600,256);
INSERT INTO `movsRepoDimensionado` VALUES (692,252,'2-1 AsCB',303,205);
INSERT INTO `movsRepoDimensionado` VALUES (693,252,'2-1 AsCB',100,187);
INSERT INTO `movsRepoDimensionado` VALUES (694,253,'2-1 AsCB',610,256);
INSERT INTO `movsRepoDimensionado` VALUES (695,253,'2-1 AsCB',305,206);
INSERT INTO `movsRepoDimensionado` VALUES (696,253,'2-1 AsCB',345,187);
INSERT INTO `movsRepoDimensionado` VALUES (697,253,'2-1 AsCB',120,193);
INSERT INTO `movsRepoDimensionado` VALUES (698,253,'2-1 AsCB',125,209);
INSERT INTO `movsRepoDimensionado` VALUES (699,254,'2-1 AsCB',932,185);
INSERT INTO `movsRepoDimensionado` VALUES (700,254,'2-1 AsCB',180,179);
INSERT INTO `movsRepoDimensionado` VALUES (701,255,'2-1 AsCB',400,185);
INSERT INTO `movsRepoDimensionado` VALUES (702,255,'2-1 AsCB',145,197);
INSERT INTO `movsRepoDimensionado` VALUES (703,256,'2-1 AsP',1007,218);
INSERT INTO `movsRepoDimensionado` VALUES (704,256,'2-1 AsP',60,215);
INSERT INTO `movsRepoDimensionado` VALUES (705,257,'2-1 AsP',800,218);
INSERT INTO `movsRepoDimensionado` VALUES (706,257,'2-1 AsCB',105,186);
INSERT INTO `movsRepoDimensionado` VALUES (707,257,'2-1 AsP',120,215);
INSERT INTO `movsRepoDimensionado` VALUES (713,260,'2-1 AsCB',515,185);
INSERT INTO `movsRepoDimensionado` VALUES (714,260,'2-1 AsCB',145,197);
INSERT INTO `movsRepoDimensionado` VALUES (715,261,'2-1 AsP',1048,218);
INSERT INTO `movsRepoDimensionado` VALUES (717,261,'2-1 AsP',415,222);
INSERT INTO `movsRepoDimensionado` VALUES (718,261,'2-1 AsP',14,223);
INSERT INTO `movsRepoDimensionado` VALUES (719,261,'2-1 AsP',415,222);
INSERT INTO `movsRepoDimensionado` VALUES (720,261,'2-1 AsP',14,223);
INSERT INTO `movsRepoDimensionado` VALUES (721,262,'2-1 AsP',622,218);
INSERT INTO `movsRepoDimensionado` VALUES (722,262,'2-1 AsP',410,215);
INSERT INTO `movsRepoDimensionado` VALUES (723,262,'2-1 AsP',305,222);
INSERT INTO `movsRepoDimensionado` VALUES (724,262,'2-1 AsP',15,223);
INSERT INTO `movsRepoDimensionado` VALUES (725,263,'2-1 AsP',208,214);
INSERT INTO `movsRepoDimensionado` VALUES (726,263,'2-1 AsP',266,276);
INSERT INTO `movsRepoDimensionado` VALUES (727,263,'2-1 AsP',235,277);
INSERT INTO `movsRepoDimensionado` VALUES (728,263,'2-1 AsP',269,278);
INSERT INTO `movsRepoDimensionado` VALUES (729,263,'2-1 AsP',100,222);
INSERT INTO `movsRepoDimensionado` VALUES (730,264,'2-1 AsP',100,279);
INSERT INTO `movsRepoDimensionado` VALUES (731,264,'2-1 AsP',990,218);
INSERT INTO `movsRepoDimensionado` VALUES (732,264,'2-1 AsP',60,280);
INSERT INTO `movsRepoDimensionado` VALUES (733,264,'2-1 AsP',110,215);
INSERT INTO `movsRepoDimensionado` VALUES (734,264,'2-1 AsP',320,222);
INSERT INTO `movsRepoDimensionado` VALUES (735,264,'2-1 AsP',20,223);
INSERT INTO `movsRepoDimensionado` VALUES (736,265,'2-1 AsCB',480,185);
INSERT INTO `movsRepoDimensionado` VALUES (737,265,'2-1 AsCB',176,197);
INSERT INTO `movsRepoDimensionado` VALUES (738,265,'2-1 AsCB',371,206);
INSERT INTO `movsRepoDimensionado` VALUES (739,267,'2-1 AsP',143,217);
INSERT INTO `movsRepoDimensionado` VALUES (740,267,'2-1 AsP',329,222);
INSERT INTO `movsRepoDimensionado` VALUES (741,267,'2-1 AsP',206,223);
INSERT INTO `movsRepoDimensionado` VALUES (742,267,'2-1 AsP',39,279);
INSERT INTO `movsRepoDimensionado` VALUES (743,268,'2-1 AsP',311,222);
INSERT INTO `movsRepoDimensionado` VALUES (744,268,'2-1 AsP',238,223);
INSERT INTO `movsRepoDimensionado` VALUES (745,268,'2-1 AsP',96,221);
INSERT INTO `movsRepoDimensionado` VALUES (746,268,'2-1 AsP',252,220);
INSERT INTO `movsRepoDimensionado` VALUES (747,269,'2-1 AsCB',330,201);
INSERT INTO `movsRepoDimensionado` VALUES (748,269,'2-1 AsCB',110,198);
INSERT INTO `movsRepoDimensionado` VALUES (749,269,'2-1 AsCB',310,206);
INSERT INTO `movsRepoDimensionado` VALUES (750,269,'2-1 AsCB',210,205);
INSERT INTO `movsRepoDimensionado` VALUES (751,270,'2-1 AsCB',310,206);
INSERT INTO `movsRepoDimensionado` VALUES (752,270,'2-1 AsCB',210,205);
INSERT INTO `movsRepoDimensionado` VALUES (755,272,'2-1 AsP',215,222);
INSERT INTO `movsRepoDimensionado` VALUES (756,272,'2-1 AsP',300,279);
INSERT INTO `movsRepoDimensionado` VALUES (757,272,'2-1 AsP',540,284);
INSERT INTO `movsRepoDimensionado` VALUES (758,272,'2-1 AsP',20,223);
INSERT INTO `movsRepoDimensionado` VALUES (759,273,'2-1 AsP',400,279);
INSERT INTO `movsRepoDimensionado` VALUES (760,273,'2-1 AsP',560,284);
INSERT INTO `movsRepoDimensionado` VALUES (761,273,'2-1 AsP',140,215);
INSERT INTO `movsRepoDimensionado` VALUES (762,274,'2-1 AsP',610,213);
INSERT INTO `movsRepoDimensionado` VALUES (763,274,'2-1 AsP',365,212);
INSERT INTO `movsRepoDimensionado` VALUES (764,274,'2-1 AsP',95,282);
INSERT INTO `movsRepoDimensionado` VALUES (765,274,'2-1 AsP',35,220);
INSERT INTO `movsRepoDimensionado` VALUES (766,274,'2-1 AsP',29,211);
INSERT INTO `movsRepoDimensionado` VALUES (767,275,'2-1 AsP',630,217);
INSERT INTO `movsRepoDimensionado` VALUES (768,275,'2-1 AsCB',40,205);
INSERT INTO `movsRepoDimensionado` VALUES (769,275,'2-1 AsP',160,215);
INSERT INTO `movsRepoDimensionado` VALUES (770,276,'2-1 AsP',1480,212);
INSERT INTO `movsRepoDimensionado` VALUES (771,276,'2-1 AsP',90,211);
INSERT INTO `movsRepoDimensionado` VALUES (772,276,'2-1 AsP',141,213);
INSERT INTO `movsRepoDimensionado` VALUES (773,276,'2-1 AsP',60,220);
INSERT INTO `movsRepoDimensionado` VALUES (774,276,'2-1 AsP',170,282);
INSERT INTO `movsRepoDimensionado` VALUES (778,278,'2-1 AsCB',565,201);
INSERT INTO `movsRepoDimensionado` VALUES (779,278,'2-1 AsCB',184,186);
INSERT INTO `movsRepoDimensionado` VALUES (780,278,'2-1 AsCB',60,180);
INSERT INTO `movsRepoDimensionado` VALUES (781,278,'2-1 AsCB',135,177);
INSERT INTO `movsRepoDimensionado` VALUES (782,278,'2-1 AsCB',614,206);
INSERT INTO `movsRepoDimensionado` VALUES (783,278,'2-1 AsCB',300,205);
INSERT INTO `movsRepoDimensionado` VALUES (784,279,'2-1 AsCB',1013,181);
INSERT INTO `movsRepoDimensionado` VALUES (785,279,'2-1 AsCB',124,179);
INSERT INTO `movsRepoDimensionado` VALUES (786,280,'2-1 AsP',1570,212);
INSERT INTO `movsRepoDimensionado` VALUES (787,280,'2-1 AsP',368,211);
INSERT INTO `movsRepoDimensionado` VALUES (788,280,'2-1 AsP',30,213);
INSERT INTO `movsRepoDimensionado` VALUES (789,280,'2-1 AsP',90,286);
INSERT INTO `movsRepoDimensionado` VALUES (796,282,'2-1 AsP',1063,212);
INSERT INTO `movsRepoDimensionado` VALUES (797,282,'2-1 AsP',231,211);
INSERT INTO `movsRepoDimensionado` VALUES (798,282,'2-1 AsP',249,213);
INSERT INTO `movsRepoDimensionado` VALUES (799,282,'2-1 AsCB',56,286);
INSERT INTO `movsRepoDimensionado` VALUES (800,283,'2-1 AsP',1000,212);
INSERT INTO `movsRepoDimensionado` VALUES (801,283,'2-1 AsP',515,211);
INSERT INTO `movsRepoDimensionado` VALUES (802,283,'2-1 AsP',233,213);
INSERT INTO `movsRepoDimensionado` VALUES (803,283,'2-1 AsP',70,282);
INSERT INTO `movsRepoDimensionado` VALUES (804,284,'2-1 AsCB',370,181);
INSERT INTO `movsRepoDimensionado` VALUES (805,284,'2-1 AsCB',147,179);
INSERT INTO `movsRepoDimensionado` VALUES (806,284,'2-1 AsCB',172,185);
INSERT INTO `movsRepoDimensionado` VALUES (807,284,'2-1 AsCB',300,222);
INSERT INTO `movsRepoDimensionado` VALUES (808,284,'2-1 AsP',45,223);
INSERT INTO `movsRepoDimensionado` VALUES (813,286,'2-1 AsCB',500,267);
INSERT INTO `movsRepoDimensionado` VALUES (814,286,'2-1 AsCB',70,180);
INSERT INTO `movsRepoDimensionado` VALUES (815,286,'2-1 AsCB',1000,177);
INSERT INTO `movsRepoDimensionado` VALUES (816,287,'2-1 AsP',623,222);
INSERT INTO `movsRepoDimensionado` VALUES (817,287,'2-1 AsP',302,223);
INSERT INTO `movsRepoDimensionado` VALUES (818,287,'2-1 AsCB',330,289);
INSERT INTO `movsRepoDimensionado` VALUES (819,287,'2-1 AsCB',178,178);
INSERT INTO `movsRepoDimensionado` VALUES (820,288,'2-1 AsCB',765,186);
INSERT INTO `movsRepoDimensionado` VALUES (821,288,'2-1 AsCB',141,180);
INSERT INTO `movsRepoDimensionado` VALUES (822,289,'2-1 AsCB',300,206);
INSERT INTO `movsRepoDimensionado` VALUES (823,289,'2-1 AsCB',255,205);
INSERT INTO `movsRepoDimensionado` VALUES (824,289,'2-1 AsCB',520,180);
INSERT INTO `movsRepoDimensionado` VALUES (825,289,'2-1 AsCB',480,177);
INSERT INTO `movsRepoDimensionado` VALUES (826,290,'2-1 AsCB',893,181);
INSERT INTO `movsRepoDimensionado` VALUES (827,290,'2-1 AsCB',500,179);
INSERT INTO `movsRepoDimensionado` VALUES (828,290,'2-1 AsCB',260,197);
INSERT INTO `movsRepoDimensionado` VALUES (829,290,'2-1 AsCB',166,185);
INSERT INTO `movsRepoDimensionado` VALUES (830,291,'2-1 AsCB',67,181);
INSERT INTO `movsRepoDimensionado` VALUES (831,291,'2-1 AsCB',40,179);
INSERT INTO `movsRepoDimensionado` VALUES (832,292,'2-1 AsCB',370,181);
INSERT INTO `movsRepoDimensionado` VALUES (834,293,'2-1 AsCB',620,181);
INSERT INTO `movsRepoDimensionado` VALUES (835,293,'2-1 AsCB',40,179);
INSERT INTO `movsRepoDimensionado` VALUES (836,293,'2-1 AsCB',100,185);
INSERT INTO `movsRepoDimensionado` VALUES (837,294,'2-1 AsCB',279,186);
INSERT INTO `movsRepoDimensionado` VALUES (838,294,'2-1 AsCB',50,180);
INSERT INTO `movsRepoDimensionado` VALUES (839,294,'2-1 AsCB',220,206);
INSERT INTO `movsRepoDimensionado` VALUES (840,294,'2-1 AsCB',10,205);
INSERT INTO `movsRepoDimensionado` VALUES (841,295,'2-1 AsCB',237,181);
INSERT INTO `movsRepoDimensionado` VALUES (842,295,'2-1 AsCB',150,179);
INSERT INTO `movsRepoDimensionado` VALUES (844,295,'2-1 AsCB',678,185);
INSERT INTO `movsRepoDimensionado` VALUES (845,295,'2-1 AsCB',204,196);
INSERT INTO `movsRepoDimensionado` VALUES (846,295,'2-1 AsCB',30,176);
INSERT INTO `movsRepoDimensionado` VALUES (847,296,'2-1 AsCB',405,181);
INSERT INTO `movsRepoDimensionado` VALUES (848,296,'2-1 AsCB',130,196);
INSERT INTO `movsRepoDimensionado` VALUES (850,296,'2-1 AsP',450,222);
INSERT INTO `movsRepoDimensionado` VALUES (851,296,'2-1 AsP',65,223);
INSERT INTO `movsRepoDimensionado` VALUES (853,297,'2-1 AsCB',330,185);
INSERT INTO `movsRepoDimensionado` VALUES (854,297,'2-1 AsP',465,222);
INSERT INTO `movsRepoDimensionado` VALUES (855,297,'2-1 AsP',325,223);
INSERT INTO `movsRepoDimensionado` VALUES (856,297,'2-1 AsCB',260,196);
INSERT INTO `movsRepoDimensionado` VALUES (857,297,'2-1 AsCB',220,197);
INSERT INTO `movsRepoDimensionado` VALUES (858,297,'2-1 AsP',60,214);
INSERT INTO `movsRepoDimensionado` VALUES (859,298,'2-1 AsCB',671,185);
INSERT INTO `movsRepoDimensionado` VALUES (860,298,'2-1 AsCB',123,179);
INSERT INTO `movsRepoDimensionado` VALUES (861,298,'2-1 AsCB',70,176);
INSERT INTO `movsRepoDimensionado` VALUES (862,299,'2-1 AsP',150,222);
INSERT INTO `movsRepoDimensionado` VALUES (863,299,'2-1 AsP',290,223);
INSERT INTO `movsRepoDimensionado` VALUES (864,299,'2-1 AsCB',277,196);
INSERT INTO `movsRepoDimensionado` VALUES (865,299,'2-1 AsCB',77,185);
INSERT INTO `movsRepoDimensionado` VALUES (866,299,'2-1 AsCB',108,181);
INSERT INTO `movsRepoDimensionado` VALUES (869,299,'2-1 AsP',110,290);
INSERT INTO `movsRepoDimensionado` VALUES (870,300,'2-1 AsCB',186,196);
INSERT INTO `movsRepoDimensionado` VALUES (871,300,'2-1 AsCB',802,185);
INSERT INTO `movsRepoDimensionado` VALUES (872,300,'2-1 AsCB',310,197);
INSERT INTO `movsRepoDimensionado` VALUES (873,301,'2-1 AsCB',450,206);
INSERT INTO `movsRepoDimensionado` VALUES (874,301,'2-1 AsCB',330,205);
INSERT INTO `movsRepoDimensionado` VALUES (875,301,'2-1 AsCB',290,178);
INSERT INTO `movsRepoDimensionado` VALUES (876,301,'2-1 AsCB',120,267);
INSERT INTO `movsRepoDimensionado` VALUES (877,302,'2-1 AsCB',650,206);
INSERT INTO `movsRepoDimensionado` VALUES (878,302,'2-1 AsCB',345,205);
INSERT INTO `movsRepoDimensionado` VALUES (879,302,'2-1 AsCB',143,186);
INSERT INTO `movsRepoDimensionado` VALUES (880,302,'2-1 AsCB',420,177);
INSERT INTO `movsRepoDimensionado` VALUES (881,303,'2-1 AsP',280,290);
INSERT INTO `movsRepoDimensionado` VALUES (882,303,'2-1 AsP',323,291);
INSERT INTO `movsRepoDimensionado` VALUES (883,303,'2-1 AsCB',107,179);
INSERT INTO `movsRepoDimensionado` VALUES (884,303,'2-1 AsCB',44,176);
INSERT INTO `movsRepoDimensionado` VALUES (885,303,'2-1 AsCB',381,185);
INSERT INTO `movsRepoDimensionado` VALUES (886,303,'2-1 AsCB',160,196);
INSERT INTO `movsRepoDimensionado` VALUES (887,304,'2-1 AsCB',700,185);
INSERT INTO `movsRepoDimensionado` VALUES (888,304,'2-1 AsCB',373,181);
INSERT INTO `movsRepoDimensionado` VALUES (889,304,'2-1 AsCB',40,179);
INSERT INTO `movsRepoDimensionado` VALUES (891,304,'2-1 AsCB',370,197);
INSERT INTO `movsRepoDimensionado` VALUES (892,304,'2-1 AsCB',30,209);
INSERT INTO `movsRepoDimensionado` VALUES (893,305,'2-1 AsCB',410,181);
INSERT INTO `movsRepoDimensionado` VALUES (894,305,'2-1 AsCB',214,185);
INSERT INTO `movsRepoDimensionado` VALUES (895,305,'2-1 AsCB',45,187);
INSERT INTO `movsRepoDimensionado` VALUES (896,305,'2-1 AsCB',310,191);
INSERT INTO `movsRepoDimensionado` VALUES (897,305,'2-1 AsCB',140,196);
INSERT INTO `movsRepoDimensionado` VALUES (898,306,'2-1 AsCB',1400,206);
INSERT INTO `movsRepoDimensionado` VALUES (899,306,'2-1 AsCB',150,205);
INSERT INTO `movsRepoDimensionado` VALUES (900,306,'2-1 AsCB',470,177);
INSERT INTO `movsRepoDimensionado` VALUES (901,306,'2-1 AsCB',150,186);
INSERT INTO `movsRepoDimensionado` VALUES (902,307,'2-1 AsCB',1843,206);
INSERT INTO `movsRepoDimensionado` VALUES (903,307,'2-1 AsCB',600,205);
INSERT INTO `movsRepoDimensionado` VALUES (904,307,'2-1 AsCB',160,185);
INSERT INTO `movsRepoDimensionado` VALUES (905,307,'2-1 AsCB',101,179);
INSERT INTO `movsRepoDimensionado` VALUES (906,308,'2-1 AsCB',1200,206);
INSERT INTO `movsRepoDimensionado` VALUES (907,308,'2-1 AsCB',366,205);
INSERT INTO `movsRepoDimensionado` VALUES (908,308,'2-1 AsCB',100,181);
INSERT INTO `movsRepoDimensionado` VALUES (909,309,'2-1 AsCB',1392,206);
INSERT INTO `movsRepoDimensionado` VALUES (910,309,'2-1 AsCB',537,205);
INSERT INTO `movsRepoDimensionado` VALUES (911,309,'2-1 AsCB',275,185);
INSERT INTO `movsRepoDimensionado` VALUES (912,309,'2-1 AsCB',240,197);
INSERT INTO `movsRepoDimensionado` VALUES (913,310,'2-1 AsCB',900,206);
INSERT INTO `movsRepoDimensionado` VALUES (914,310,'2-1 AsCB',310,205);
INSERT INTO `movsRepoDimensionado` VALUES (915,310,'2-1 AsCB',150,185);
INSERT INTO `movsRepoDimensionado` VALUES (916,311,'2-1 AsCB',1350,206);
INSERT INTO `movsRepoDimensionado` VALUES (917,311,'2-1 AsCB',450,205);
INSERT INTO `movsRepoDimensionado` VALUES (918,311,'2-1 AsCB',150,186);
INSERT INTO `movsRepoDimensionado` VALUES (919,312,'2-1 AsCB',929,206);
INSERT INTO `movsRepoDimensionado` VALUES (920,312,'2-1 AsCB',300,205);
INSERT INTO `movsRepoDimensionado` VALUES (921,312,'2-1 AsCB',258,185);
INSERT INTO `movsRepoDimensionado` VALUES (922,312,'2-1 AsCB',140,179);
INSERT INTO `movsRepoDimensionado` VALUES (923,312,'2-1 AsP',223,212);
INSERT INTO `movsRepoDimensionado` VALUES (924,313,'2-1 AsCB',614,206);
INSERT INTO `movsRepoDimensionado` VALUES (925,313,'2-1 AsCB',250,205);
INSERT INTO `movsRepoDimensionado` VALUES (926,313,'2-1 AsCB',240,185);
INSERT INTO `movsRepoDimensionado` VALUES (927,313,'2-1 AsP',160,221);
INSERT INTO `movsRepoDimensionado` VALUES (928,314,'2-1 AsCB',600,256);
INSERT INTO `movsRepoDimensionado` VALUES (929,314,'2-1 AsCB',311,206);
INSERT INTO `movsRepoDimensionado` VALUES (930,314,'2-1 AsCB',210,185);
INSERT INTO `movsRepoDimensionado` VALUES (931,314,'2-1 AsCB',160,179);
INSERT INTO `movsRepoDimensionado` VALUES (932,314,'2-1 AsCB',60,191);
INSERT INTO `movsRepoDimensionado` VALUES (933,314,'2-1 AsCB',500,181);
INSERT INTO `movsRepoDimensionado` VALUES (934,316,'2-1 AsCB',600,206);
INSERT INTO `movsRepoDimensionado` VALUES (935,316,'2-1 AsCB',160,205);
INSERT INTO `movsRepoDimensionado` VALUES (936,316,'2-1 AsCB',103,185);
INSERT INTO `movsRepoDimensionado` VALUES (937,316,'2-1 AsCB',100,209);
INSERT INTO `movsRepoDimensionado` VALUES (938,316,'2-1 AsCB',50,191);
INSERT INTO `movsRepoDimensionado` VALUES (943,318,'2-1 AsP',580,212);
INSERT INTO `movsRepoDimensionado` VALUES (944,318,'2-1 AsP',40,211);
INSERT INTO `movsRepoDimensionado` VALUES (945,318,'2-1 AsP',50,286);
INSERT INTO `movsRepoDimensionado` VALUES (946,318,'2-1 AsP',150,213);
INSERT INTO `movsRepoDimensionado` VALUES (947,319,'2-1 AsP',240,221);
INSERT INTO `movsRepoDimensionado` VALUES (951,319,'2-1 AsP',50,292);
INSERT INTO `movsRepoDimensionado` VALUES (952,319,'2-1 AsP',90,293);
INSERT INTO `movsRepoDimensionado` VALUES (953,319,'2-1 AsCB',60,179);
INSERT INTO `movsRepoDimensionado` VALUES (954,320,'2-1 AsP',700,212);
INSERT INTO `movsRepoDimensionado` VALUES (955,320,'2-1 AsP',65,211);
INSERT INTO `movsRepoDimensionado` VALUES (956,320,'2-1 AsP',31,213);
INSERT INTO `movsRepoDimensionado` VALUES (957,321,'2-1 AsP',150,221);
INSERT INTO `movsRepoDimensionado` VALUES (959,321,'2-1 AsP',130,292);
INSERT INTO `movsRepoDimensionado` VALUES (960,321,'2-1 AsP',100,293);
INSERT INTO `movsRepoDimensionado` VALUES (961,322,'2-1 AsCB',270,256);
INSERT INTO `movsRepoDimensionado` VALUES (962,322,'2-1 AsCB',240,186);
INSERT INTO `movsRepoDimensionado` VALUES (963,322,'2-1 AsCB',190,192);
INSERT INTO `movsRepoDimensionado` VALUES (964,323,'2-1 AsP',793,212);
INSERT INTO `movsRepoDimensionado` VALUES (965,323,'2-1 AsP',72,211);
INSERT INTO `movsRepoDimensionado` VALUES (966,323,'2-1 AsP',361,213);
INSERT INTO `movsRepoDimensionado` VALUES (967,324,'2-1 AsCB',410,209);
INSERT INTO `movsRepoDimensionado` VALUES (968,324,'2-1 AsCB',350,209);
INSERT INTO `movsRepoDimensionado` VALUES (969,324,'2-1 AsCB',140,193);
INSERT INTO `movsRepoDimensionado` VALUES (970,325,'2-1 AsP',658,212);
INSERT INTO `movsRepoDimensionado` VALUES (971,325,'2-1 AsP',120,211);
INSERT INTO `movsRepoDimensionado` VALUES (972,325,'2-1 AsP',530,213);
INSERT INTO `movsRepoDimensionado` VALUES (973,325,'2-1 AsP',220,191);
INSERT INTO `movsRepoDimensionado` VALUES (974,326,'2-1 AsCB',670,209);
INSERT INTO `movsRepoDimensionado` VALUES (975,326,'2-1 AsCB',230,191);
INSERT INTO `movsRepoDimensionado` VALUES (976,327,'2-1 AsCB',1100,195);
INSERT INTO `movsRepoDimensionado` VALUES (977,327,'2-1 AsCB',200,192);
INSERT INTO `movsRepoDimensionado` VALUES (985,330,'2-1 AsP',930,212);
INSERT INTO `movsRepoDimensionado` VALUES (986,330,'2-1 AsP',832,211);
INSERT INTO `movsRepoDimensionado` VALUES (987,330,'2-1 AsP',77,213);
INSERT INTO `movsRepoDimensionado` VALUES (988,330,'2-1 AsP',120,286);
INSERT INTO `movsRepoDimensionado` VALUES (989,331,'2-1 AsCB',335,209);
INSERT INTO `movsRepoDimensionado` VALUES (990,331,'2-1 AsCB',135,193);
INSERT INTO `movsRepoDimensionado` VALUES (991,331,'2-1 AsCB',254,181);
INSERT INTO `movsRepoDimensionado` VALUES (994,331,'2-1 AsCB',56,179);
INSERT INTO `movsRepoDimensionado` VALUES (995,331,'2-1 AsCB',54,185);
INSERT INTO `movsRepoDimensionado` VALUES (996,332,'2-1 AsP',331,213);
INSERT INTO `movsRepoDimensionado` VALUES (997,332,'2-1 AsCB',439,209);
INSERT INTO `movsRepoDimensionado` VALUES (998,332,'2-1 AsP',32,211);
INSERT INTO `movsRepoDimensionado` VALUES (999,332,'2-1 AsCB',500,195);
INSERT INTO `movsRepoDimensionado` VALUES (1000,332,'2-1 AsCB',70,192);
INSERT INTO `movsRepoDimensionado` VALUES (1001,333,'2-1 AsP',190,215);
INSERT INTO `movsRepoDimensionado` VALUES (1002,333,'2-1 AsP',100,291);
INSERT INTO `movsRepoDimensionado` VALUES (1003,334,'2-1 AsP',810,213);
INSERT INTO `movsRepoDimensionado` VALUES (1004,334,'2-1 AsP',20,211);
INSERT INTO `movsRepoDimensionado` VALUES (1005,335,'2-1 AsCB',474,185);
INSERT INTO `movsRepoDimensionado` VALUES (1006,335,'2-1 AsCB',100,191);
INSERT INTO `movsRepoDimensionado` VALUES (1009,337,'2-1 AsCB',1300,195);
INSERT INTO `movsRepoDimensionado` VALUES (1010,337,'2-1 AsCB',150,192);
INSERT INTO `movsRepoDimensionado` VALUES (1011,338,'2-1 AsCB',1083,195);
INSERT INTO `movsRepoDimensionado` VALUES (1012,338,'2-1 AsP',117,213);
INSERT INTO `movsRepoDimensionado` VALUES (1013,338,'2-1 AsCB',91,192);
INSERT INTO `movsRepoDimensionado` VALUES (1014,339,'2-1 AsCB',200,187);
INSERT INTO `movsRepoDimensionado` VALUES (1015,340,'2-1 AsCB',622,195);
INSERT INTO `movsRepoDimensionado` VALUES (1016,340,'2-1 AsCB',140,192);
INSERT INTO `movsRepoDimensionado` VALUES (1017,340,'2-1 AsP',302,213);
INSERT INTO `movsRepoDimensionado` VALUES (1018,340,'2-1 AsP',76,211);
INSERT INTO `movsRepoDimensionado` VALUES (1019,341,'2-1 AsCB',255,187);
INSERT INTO `movsRepoDimensionado` VALUES (1020,341,'2-1 AsCB',110,193);
INSERT INTO `movsRepoDimensionado` VALUES (1021,341,'2-1 AsP',115,218);
INSERT INTO `movsRepoDimensionado` VALUES (1022,342,'2-1 AsP',250,213);
INSERT INTO `movsRepoDimensionado` VALUES (1023,342,'2-1 AsCB',540,195);
INSERT INTO `movsRepoDimensionado` VALUES (1024,342,'2-1 AsCB',393,192);
INSERT INTO `movsRepoDimensionado` VALUES (1025,342,'2-1 AsP',82,211);
INSERT INTO `movsRepoDimensionado` VALUES (1026,344,'2-1 AsCB',171,187);
INSERT INTO `movsRepoDimensionado` VALUES (1027,344,'2-1 AsCB',180,195);
INSERT INTO `movsRepoDimensionado` VALUES (1028,345,'2-1 AsP',561,213);
INSERT INTO `movsRepoDimensionado` VALUES (1029,345,'2-1 AsP',95,211);
INSERT INTO `movsRepoDimensionado` VALUES (1030,345,'2-1 AsP',140,297);
INSERT INTO `movsRepoDimensionado` VALUES (1031,345,'2-1 AsP',290,222);
INSERT INTO `movsRepoDimensionado` VALUES (1032,346,'2-1 AsCB',332,187);
INSERT INTO `movsRepoDimensionado` VALUES (1033,346,'2-1 AsCB',220,193);
INSERT INTO `movsRepoDimensionado` VALUES (1034,347,'2-1 AsCB',890,195);
INSERT INTO `movsRepoDimensionado` VALUES (1035,347,'2-1 AsCB',500,192);
INSERT INTO `movsRepoDimensionado` VALUES (1036,348,'2-1 AsCB',516,195);
INSERT INTO `movsRepoDimensionado` VALUES (1037,350,'2-1 AsCB',72,187);
INSERT INTO `movsRepoDimensionado` VALUES (1038,351,'2-1 AsCB',270,195);
INSERT INTO `movsRepoDimensionado` VALUES (1039,351,'2-1 AsCB',430,192);
INSERT INTO `movsRepoDimensionado` VALUES (1040,353,'2-1 AsCB',720,195);
INSERT INTO `movsRepoDimensionado` VALUES (1041,353,'2-1 AsCB',150,192);
INSERT INTO `movsRepoDimensionado` VALUES (1042,354,'2-1 AsCB',1075,195);
INSERT INTO `movsRepoDimensionado` VALUES (1043,354,'2-1 AsCB',300,192);
INSERT INTO `movsRepoDimensionado` VALUES (1044,354,'2-1 AsCB',51,200);
INSERT INTO `movsRepoDimensionado` VALUES (1045,355,'2-1 AsCB',1100,195);
INSERT INTO `movsRepoDimensionado` VALUES (1046,355,'2-1 AsCB',100,192);
INSERT INTO `movsRepoDimensionado` VALUES (1047,357,'2-1 AsCB',710,195);
INSERT INTO `movsRepoDimensionado` VALUES (1048,357,'2-1 AsCB',300,192);
INSERT INTO `movsRepoDimensionado` VALUES (1049,357,'2-1 AsCB',553,200);
INSERT INTO `movsRepoDimensionado` VALUES (1050,358,'2-1 AsCB',250,185);
INSERT INTO `movsRepoDimensionado` VALUES (1051,358,'2-1 AsCB',800,200);
INSERT INTO `movsRepoDimensionado` VALUES (1052,358,'2-1 AsCB',200,191);
INSERT INTO `movsRepoDimensionado` VALUES (1053,359,'2-1 AsCB',700,195);
INSERT INTO `movsRepoDimensionado` VALUES (1054,359,'2-1 AsCB',50,192);
INSERT INTO `movsRepoDimensionado` VALUES (1055,359,'2-1 AsCB',70,200);
INSERT INTO `movsRepoDimensionado` VALUES (1058,359,'2-1 AsP',760,220);
INSERT INTO `movsRepoDimensionado` VALUES (1059,359,'2-1 AsP',60,297);
INSERT INTO `movsRepoDimensionado` VALUES (1060,360,'2-1 AsCB',553,195);
INSERT INTO `movsRepoDimensionado` VALUES (1061,360,'2-1 AsCB',140,192);
INSERT INTO `movsRepoDimensionado` VALUES (1062,360,'5-2 Yg',803,300);
INSERT INTO `movsRepoDimensionado` VALUES (1063,361,'2-1 AsP',1201,220);
INSERT INTO `movsRepoDimensionado` VALUES (1064,361,'2-1 AsP',200,297);
INSERT INTO `movsRepoDimensionado` VALUES (1065,361,'2-1 AsCB',164,195);
INSERT INTO `movsRepoDimensionado` VALUES (1066,362,'2-1 AsCB',1120,200);
INSERT INTO `movsRepoDimensionado` VALUES (1067,362,'2-1 AsCB',130,191);
INSERT INTO `movsRepoDimensionado` VALUES (1069,362,'2-1 AsCB',95,301);
INSERT INTO `movsRepoDimensionado` VALUES (1070,363,'2-1 AsCB',47,206);
INSERT INTO `movsRepoDimensionado` VALUES (1071,363,'2-1 AsCB',709,205);
INSERT INTO `movsRepoDimensionado` VALUES (1072,363,'2-1 AsCB',819,195);
INSERT INTO `movsRepoDimensionado` VALUES (1073,363,'2-1 AsCB',300,177);
INSERT INTO `movsRepoDimensionado` VALUES (1074,363,'2-1 AsCB',40,302);
INSERT INTO `movsRepoDimensionado` VALUES (1075,363,'2-1 AsCB',73,208);
INSERT INTO `movsRepoDimensionado` VALUES (1076,364,'2-1 AsP',600,220);
INSERT INTO `movsRepoDimensionado` VALUES (1077,364,'2-1 AsCB',910,200);
INSERT INTO `movsRepoDimensionado` VALUES (1078,364,'2-1 AsP',270,176);
INSERT INTO `movsRepoDimensionado` VALUES (1080,365,'2-1 AsP',460,220);
INSERT INTO `movsRepoDimensionado` VALUES (1081,365,'2-1 AsCB',540,200);
INSERT INTO `movsRepoDimensionado` VALUES (1082,365,'2-1 AsCB',210,176);
INSERT INTO `movsRepoDimensionado` VALUES (1083,366,'2-1 AsCB',1320,195);
INSERT INTO `movsRepoDimensionado` VALUES (1084,366,'2-1 AsCB',180,177);
INSERT INTO `movsRepoDimensionado` VALUES (1085,366,'2-1 AsCB',70,302);
INSERT INTO `movsRepoDimensionado` VALUES (1086,367,'2-1 AsCB',300,185);
INSERT INTO `movsRepoDimensionado` VALUES (1087,367,'2-2-1 AsCB',300,304);
INSERT INTO `movsRepoDimensionado` VALUES (1088,367,'5-2 Yg',720,300);
INSERT INTO `movsRepoDimensionado` VALUES (1089,368,'2-1 AsCB',604,185);
INSERT INTO `movsRepoDimensionado` VALUES (1091,368,'2-2-1 AsCB',669,304);
INSERT INTO `movsRepoDimensionado` VALUES (1092,368,'2-1 AsCB',88,200);
INSERT INTO `movsRepoDimensionado` VALUES (1093,368,'2-1 AsCB',220,176);
INSERT INTO `movsRepoDimensionado` VALUES (1094,369,'2-1 AsCB',336,185);
INSERT INTO `movsRepoDimensionado` VALUES (1095,369,'2-2-1 AsCB',535,304);
INSERT INTO `movsRepoDimensionado` VALUES (1096,369,'2-1 AsCB',200,179);
INSERT INTO `movsRepoDimensionado` VALUES (1097,369,'2-1 AsCB',254,200);
INSERT INTO `movsRepoDimensionado` VALUES (1098,370,'2-1 AsCB',450,195);
INSERT INTO `movsRepoDimensionado` VALUES (1099,370,'2-1 AsCB',140,177);
INSERT INTO `movsRepoDimensionado` VALUES (1100,370,'2-1 AsCB',60,302);
INSERT INTO `movsRepoDimensionado` VALUES (1101,370,'2-1 AsCB',217,186);
INSERT INTO `movsRepoDimensionado` VALUES (1102,370,'2-1 AsCB',620,206);
INSERT INTO `movsRepoDimensionado` VALUES (1103,370,'2-1 AsCB',315,205);
INSERT INTO `movsRepoDimensionado` VALUES (1104,371,'2-1 AsCB',304,206);
INSERT INTO `movsRepoDimensionado` VALUES (1105,371,'2-1 AsCB',150,205);
INSERT INTO `movsRepoDimensionado` VALUES (1106,371,'2-1 AsCB',272,185);
INSERT INTO `movsRepoDimensionado` VALUES (1107,371,'2-1 AsCB',187,176);
INSERT INTO `movsRepoDimensionado` VALUES (1108,371,'2-1 AsCB',90,200);
INSERT INTO `movsRepoDimensionado` VALUES (1109,371,'2-2-1 AsCB',423,304);
INSERT INTO `movsRepoDimensionado` VALUES (1110,372,'2-1 AsCB',320,206);
INSERT INTO `movsRepoDimensionado` VALUES (1111,372,'2-1 AsCB',166,205);
INSERT INTO `movsRepoDimensionado` VALUES (1112,372,'2-1 AsCB',251,185);
INSERT INTO `movsRepoDimensionado` VALUES (1113,372,'2-1 AsCB',70,176);
INSERT INTO `movsRepoDimensionado` VALUES (1114,372,'2-1 AsCB',70,200);
INSERT INTO `movsRepoDimensionado` VALUES (1115,373,'2-1 AsCB',300,206);
INSERT INTO `movsRepoDimensionado` VALUES (1116,373,'2-1 AsCB',160,205);
INSERT INTO `movsRepoDimensionado` VALUES (1117,373,'2-1 AsCB',100,185);
INSERT INTO `movsRepoDimensionado` VALUES (1118,373,'2-1 AsCB',100,176);
INSERT INTO `movsRepoDimensionado` VALUES (1119,373,'2-1 AsCB',100,305);
INSERT INTO `movsRepoDimensionado` VALUES (1120,373,'2-1 AsCB',55,200);
INSERT INTO `movsRepoDimensionado` VALUES (1121,374,'2-1 AsCB',510,206);
INSERT INTO `movsRepoDimensionado` VALUES (1122,374,'2-1 AsCB',150,205);
INSERT INTO `movsRepoDimensionado` VALUES (1123,374,'2-1 AsCB',100,186);
INSERT INTO `movsRepoDimensionado` VALUES (1124,374,'2-1 AsCB',160,177);
INSERT INTO `movsRepoDimensionado` VALUES (1125,374,'2-1 AsCB',60,302);
INSERT INTO `movsRepoDimensionado` VALUES (1126,375,'2-1 AsCB',504,185);
INSERT INTO `movsRepoDimensionado` VALUES (1127,375,'2-1 AsCB',227,176);
INSERT INTO `movsRepoDimensionado` VALUES (1128,375,'2-1 AsCB',543,195);
INSERT INTO `movsRepoDimensionado` VALUES (1129,375,'2-1 AsCB',20,177);
INSERT INTO `movsRepoDimensionado` VALUES (1130,375,'2-1 AsCB',76,200);
INSERT INTO `movsRepoDimensionado` VALUES (1131,376,'2-1 AsCB',482,185);
INSERT INTO `movsRepoDimensionado` VALUES (1132,376,'2-1 AsCB',330,176);
INSERT INTO `movsRepoDimensionado` VALUES (1133,376,'2-1 AsCB',80,200);
INSERT INTO `movsRepoDimensionado` VALUES (1134,376,'2-1 AsCB',495,195);
INSERT INTO `movsRepoDimensionado` VALUES (1135,377,'2-1 AsCB',420,185);
INSERT INTO `movsRepoDimensionado` VALUES (1136,377,'2-1 AsCB',70,176);
INSERT INTO `movsRepoDimensionado` VALUES (1137,377,'2-1 AsCB',161,194);
INSERT INTO `movsRepoDimensionado` VALUES (1138,378,'2-1 AsCB',1240,195);
INSERT INTO `movsRepoDimensionado` VALUES (1139,378,'2-1 AsCB',160,177);
INSERT INTO `movsRepoDimensionado` VALUES (1140,378,'2-1 AsCB',90,302);
INSERT INTO `movsRepoDimensionado` VALUES (1141,379,'2-1 AsCB',923,194);
INSERT INTO `movsRepoDimensionado` VALUES (1142,379,'2-1 AsCB',110,181);
INSERT INTO `movsRepoDimensionado` VALUES (1143,379,'2-1 AsCB',200,195);
INSERT INTO `movsRepoDimensionado` VALUES (1144,379,'2-1 AsCB',230,176);
INSERT INTO `movsRepoDimensionado` VALUES (1145,379,'2-1 AsCB',30,305);
INSERT INTO `movsRepoDimensionado` VALUES (1146,380,'2-1 AsCB',200,181);
INSERT INTO `movsRepoDimensionado` VALUES (1147,380,'2-1 AsCB',560,194);
INSERT INTO `movsRepoDimensionado` VALUES (1148,380,'2-1 AsCB',180,176);
INSERT INTO `movsRepoDimensionado` VALUES (1149,380,'2-1 AsCB',300,206);
INSERT INTO `movsRepoDimensionado` VALUES (1150,380,'2-1 AsCB',150,205);
INSERT INTO `movsRepoDimensionado` VALUES (1151,380,'2-1 AsCB',160,200);
INSERT INTO `movsRepoDimensionado` VALUES (1158,382,'2-1 AsCB',324,194);
INSERT INTO `movsRepoDimensionado` VALUES (1159,382,'2-1 AsCB',592,187);
INSERT INTO `movsRepoDimensionado` VALUES (1160,382,'2-1 AsCB',109,189);
INSERT INTO `movsRepoDimensionado` VALUES (1161,382,'2-1 AsCB',85,193);
INSERT INTO `movsRepoDimensionado` VALUES (1162,382,'2-1 AsCB',55,178);
INSERT INTO `movsRepoDimensionado` VALUES (1163,382,'2-1 AsCB',44,200);
INSERT INTO `movsRepoDimensionado` VALUES (1168,384,'2-1 AsCB',1101,195);
INSERT INTO `movsRepoDimensionado` VALUES (1169,384,'2-1 AsCB',220,190);
INSERT INTO `movsRepoDimensionado` VALUES (1170,384,'2-1 AsCB',40,186);
INSERT INTO `movsRepoDimensionado` VALUES (1171,384,'2-1 AsCB',140,192);
INSERT INTO `movsRepoDimensionado` VALUES (1172,385,'2-1 AsCB',1258,195);
INSERT INTO `movsRepoDimensionado` VALUES (1173,385,'2-1 AsCB',100,190);
INSERT INTO `movsRepoDimensionado` VALUES (1174,385,'2-1 AsCB',140,192);
INSERT INTO `movsRepoDimensionado` VALUES (1175,386,'2-1 AsCB',57,187);
INSERT INTO `movsRepoDimensionado` VALUES (1176,386,'2-1 AsCB',490,194);
INSERT INTO `movsRepoDimensionado` VALUES (1177,386,'2-1 AsCB',47,185);
INSERT INTO `movsRepoDimensionado` VALUES (1178,386,'2-1 AsCB',87,209);
INSERT INTO `movsRepoDimensionado` VALUES (1179,387,'2-1 AsCB',700,187);
INSERT INTO `movsRepoDimensionado` VALUES (1180,387,'2-1 AsCB',100,189);
INSERT INTO `movsRepoDimensionado` VALUES (1181,387,'2-1 AsCB',108,193);
INSERT INTO `movsRepoDimensionado` VALUES (1182,388,'2-1 AsCB',550,187);
INSERT INTO `movsRepoDimensionado` VALUES (1183,388,'2-1 AsCB',170,189);
INSERT INTO `movsRepoDimensionado` VALUES (1184,388,'2-1 AsCB',115,193);
INSERT INTO `movsRepoDimensionado` VALUES (1185,389,'2-1 AsCB',700,187);
INSERT INTO `movsRepoDimensionado` VALUES (1186,389,'2-1 AsCB',90,189);
INSERT INTO `movsRepoDimensionado` VALUES (1187,389,'2-1 AsCB',100,193);
INSERT INTO `movsRepoDimensionado` VALUES (1188,389,'2-1 AsCB',100,185);
INSERT INTO `movsRepoDimensionado` VALUES (1189,390,'2-1 AsCB',730,195);
INSERT INTO `movsRepoDimensionado` VALUES (1190,390,'2-1 AsCB',635,190);
INSERT INTO `movsRepoDimensionado` VALUES (1191,390,'2-1 AsCB',160,192);
INSERT INTO `movsRepoDimensionado` VALUES (1192,390,'2-1 AsCB',10,204);
INSERT INTO `movsRepoDimensionado` VALUES (1193,390,'2-1 AsCB',9,306);
INSERT INTO `movsRepoDimensionado` VALUES (1194,391,'2-1 AsCB',687,181);
INSERT INTO `movsRepoDimensionado` VALUES (1195,391,'2-1 AsCB',28,185);
INSERT INTO `movsRepoDimensionado` VALUES (1196,391,'2-1 AsCB',77,179);
INSERT INTO `movsRepoDimensionado` VALUES (1197,391,'2-1 AsCB',64,176);
INSERT INTO `movsRepoDimensionado` VALUES (1198,391,'2-1 AsCB',60,191);
INSERT INTO `movsRepoDimensionado` VALUES (1199,391,'2-1 AsCB',170,188);
INSERT INTO `movsRepoDimensionado` VALUES (1200,392,'2-1 AsP',317,222);
INSERT INTO `movsRepoDimensionado` VALUES (1201,392,'2-1 AsP',150,223);
INSERT INTO `movsRepoDimensionado` VALUES (1202,392,'2-1 AsP',166,286);
INSERT INTO `movsRepoDimensionado` VALUES (1203,392,'2-1 AsP',25,308);
INSERT INTO `movsRepoDimensionado` VALUES (1204,392,'2-1 AsP',440,213);
INSERT INTO `movsRepoDimensionado` VALUES (1205,392,'2-1 AsCB',662,195);
INSERT INTO `movsRepoDimensionado` VALUES (1206,392,'2-1 AsCB',88,200);
INSERT INTO `movsRepoDimensionado` VALUES (1207,393,'2-1 AsCB',608,195);
INSERT INTO `movsRepoDimensionado` VALUES (1209,393,'2-1 AsCB',100,177);
INSERT INTO `movsRepoDimensionado` VALUES (1210,393,'2-1 AsCB',70,208);
INSERT INTO `movsRepoDimensionado` VALUES (1211,393,'2-1 AsCB',130,194);
INSERT INTO `movsRepoDimensionado` VALUES (1212,394,'2-1 AsCB',141,195);
INSERT INTO `movsRepoDimensionado` VALUES (1213,394,'2-1 AsCB',155,185);
INSERT INTO `movsRepoDimensionado` VALUES (1214,394,'2-1 AsCB',1205,206);
INSERT INTO `movsRepoDimensionado` VALUES (1216,394,'2-1 AsCB',80,200);
INSERT INTO `movsRepoDimensionado` VALUES (1217,394,'2-1 AsP',610,223);
INSERT INTO `movsRepoDimensionado` VALUES (1218,395,'2-1 AsP',248,185);
INSERT INTO `movsRepoDimensionado` VALUES (1219,395,'2-1 AsP',250,286);
INSERT INTO `movsRepoDimensionado` VALUES (1220,395,'2-1 AsCB',485,195);
INSERT INTO `movsRepoDimensionado` VALUES (1221,395,'2-1 AsCB',130,177);
INSERT INTO `movsRepoDimensionado` VALUES (1222,396,'2-1 AsCB',1365,195);
INSERT INTO `movsRepoDimensionado` VALUES (1223,396,'2-1 AsCB',36,186);
INSERT INTO `movsRepoDimensionado` VALUES (1224,396,'2-1 AsCB',300,177);
INSERT INTO `movsRepoDimensionado` VALUES (1225,396,'2-1 AsCB',32,302);
INSERT INTO `movsRepoDimensionado` VALUES (1228,397,'2-1 AsP',525,213);
INSERT INTO `movsRepoDimensionado` VALUES (1229,397,'2-1 AsP',90,220);
INSERT INTO `movsRepoDimensionado` VALUES (1231,398,'2-1 AsP',450,286);
INSERT INTO `movsRepoDimensionado` VALUES (1232,398,'2-1 AsP',162,220);
INSERT INTO `movsRepoDimensionado` VALUES (1233,398,'2-1 AsP',824,213);
INSERT INTO `movsRepoDimensionado` VALUES (1234,399,'2-1 AsCB',900,195);
INSERT INTO `movsRepoDimensionado` VALUES (1235,399,'2-1 AsCB',672,200);
INSERT INTO `movsRepoDimensionado` VALUES (1236,399,'2-1 AsCB',122,176);
INSERT INTO `movsRepoDimensionado` VALUES (1237,400,'2-1 AsCB',1125,195);
INSERT INTO `movsRepoDimensionado` VALUES (1238,400,'2-1 AsCB',200,177);
INSERT INTO `movsRepoDimensionado` VALUES (1239,400,'2-1 AsCB',100,302);
INSERT INTO `movsRepoDimensionado` VALUES (1240,400,'2-1 AsCB',100,186);
INSERT INTO `movsRepoDimensionado` VALUES (1241,401,'2-1 AsCB',585,194);
INSERT INTO `movsRepoDimensionado` VALUES (1242,401,'2-1 AsCB',240,176);
INSERT INTO `movsRepoDimensionado` VALUES (1243,401,'2-1 AsCB',325,206);
INSERT INTO `movsRepoDimensionado` VALUES (1244,401,'2-1 AsCB',150,205);
INSERT INTO `movsRepoDimensionado` VALUES (1252,403,'2-1 AsP',363,213);
INSERT INTO `movsRepoDimensionado` VALUES (1253,403,'2-1 AsP',500,315);
INSERT INTO `movsRepoDimensionado` VALUES (1257,404,'2-1 AsCB',700,195);
INSERT INTO `movsRepoDimensionado` VALUES (1258,404,'2-1 AsCB',370,177);
INSERT INTO `movsRepoDimensionado` VALUES (1259,404,'2-1 AsCB',500,194);
INSERT INTO `movsRepoDimensionado` VALUES (1260,404,'2-1 AsCB',90,305);
INSERT INTO `movsRepoDimensionado` VALUES (1261,404,'2-1 AsCB',30,316);
INSERT INTO `movsRepoDimensionado` VALUES (1262,404,'2-1 AsCB',9,317);
INSERT INTO `movsRepoDimensionado` VALUES (1263,405,'2-1 AsP',534,213);
INSERT INTO `movsRepoDimensionado` VALUES (1264,405,'2-1 AsP',100,220);
INSERT INTO `movsRepoDimensionado` VALUES (1265,405,'2-1 AsP',705,315);
INSERT INTO `movsRepoDimensionado` VALUES (1266,405,'2-1 AsP',270,286);
INSERT INTO `movsRepoDimensionado` VALUES (1267,406,'2-1 AsP',521,213);
INSERT INTO `movsRepoDimensionado` VALUES (1268,406,'2-1 AsP',160,286);
INSERT INTO `movsRepoDimensionado` VALUES (1269,406,'2-1 AsP',89,220);
INSERT INTO `movsRepoDimensionado` VALUES (1277,409,'2-1 AsP',405,213);
INSERT INTO `movsRepoDimensionado` VALUES (1278,409,'2-1 AsP',130,286);
INSERT INTO `movsRepoDimensionado` VALUES (1279,409,'2-1 AsP',90,220);
INSERT INTO `movsRepoDimensionado` VALUES (1280,410,'2-1 AsP',400,214);
INSERT INTO `movsRepoDimensionado` VALUES (1281,410,'2-1 AsP',70,210);
INSERT INTO `movsRepoDimensionado` VALUES (1282,410,'2-1 AsP',30,318);
INSERT INTO `movsRepoDimensionado` VALUES (1283,410,'2-1 AsP',30,221);
INSERT INTO `movsRepoDimensionado` VALUES (1284,411,'2-1 AsCB',240,176);
INSERT INTO `movsRepoDimensionado` VALUES (1285,411,'2-1 AsCB',78,200);
INSERT INTO `movsRepoDimensionado` VALUES (1286,411,'2-1 AsCB',723,185);
INSERT INTO `movsRepoDimensionado` VALUES (1287,412,'2-1 AsCB',269,185);
INSERT INTO `movsRepoDimensionado` VALUES (1288,412,'2-1 AsCB',900,195);
INSERT INTO `movsRepoDimensionado` VALUES (1289,412,'2-1 AsCB',220,177);
INSERT INTO `movsRepoDimensionado` VALUES (1290,412,'2-1 AsCB',127,200);
INSERT INTO `movsRepoDimensionado` VALUES (1291,413,'2-1 AsP',213,214);
INSERT INTO `movsRepoDimensionado` VALUES (1292,413,'2-1 AsP',300,210);
INSERT INTO `movsRepoDimensionado` VALUES (1293,413,'2-1 AsP',40,221);
INSERT INTO `movsRepoDimensionado` VALUES (1294,413,'2-1 AsP',90,220);
INSERT INTO `movsRepoDimensionado` VALUES (1297,414,'2-1 AsCB',558,195);
INSERT INTO `movsRepoDimensionado` VALUES (1298,414,'2-1 AsCB',160,177);
INSERT INTO `movsRepoDimensionado` VALUES (1299,414,'2-1 AsCB',23,302);
INSERT INTO `movsRepoDimensionado` VALUES (1303,414,'2-1 AsP',115,315);
INSERT INTO `movsRepoDimensionado` VALUES (1304,414,'2-1 AsCB',17,186);
INSERT INTO `movsRepoDimensionado` VALUES (1305,414,'2-1 AsCB',220,187);
INSERT INTO `movsRepoDimensionado` VALUES (1306,414,'2-1 AsCB',28,209);
INSERT INTO `movsRepoDimensionado` VALUES (1307,415,'2-1 AsP',181,213);
INSERT INTO `movsRepoDimensionado` VALUES (1310,415,'2-1 AsCB',823,195);
INSERT INTO `movsRepoDimensionado` VALUES (1311,415,'2-1 AsCB',315,177);
INSERT INTO `movsRepoDimensionado` VALUES (1312,415,'2-1 AsCB',25,302);
INSERT INTO `movsRepoDimensionado` VALUES (1313,415,'2-1 AsCB',33,200);
INSERT INTO `movsRepoDimensionado` VALUES (1314,416,'2-1 AsCB',392,185);
INSERT INTO `movsRepoDimensionado` VALUES (1315,416,'2-1 AsCB',450,176);
INSERT INTO `movsRepoDimensionado` VALUES (1316,416,'2-1 AsCB',110,305);
INSERT INTO `movsRepoDimensionado` VALUES (1317,416,'2-1 AsCB',150,200);
INSERT INTO `movsRepoDimensionado` VALUES (1318,416,'2-1 AsCB',160,316);
INSERT INTO `movsRepoDimensionado` VALUES (1331,420,'2-1 AsP',700,214);
INSERT INTO `movsRepoDimensionado` VALUES (1332,420,'2-1 AsP',210,210);
INSERT INTO `movsRepoDimensionado` VALUES (1333,420,'2-1 AsP',70,221);
INSERT INTO `movsRepoDimensionado` VALUES (1334,420,'2-1 AsP',128,219);
INSERT INTO `movsRepoDimensionado` VALUES (1335,420,'2-1 AsP',130,318);
INSERT INTO `movsRepoDimensionado` VALUES (1336,422,'2-1 AsP',966,320);
INSERT INTO `movsRepoDimensionado` VALUES (1338,422,'2-1 AsP',285,286);
INSERT INTO `movsRepoDimensionado` VALUES (1339,422,'2-1 AsP',50,308);
INSERT INTO `movsRepoDimensionado` VALUES (1340,422,'2-1 AsP',152,212);
INSERT INTO `movsRepoDimensionado` VALUES (1341,423,'2-1 AsCB',1110,316);
INSERT INTO `movsRepoDimensionado` VALUES (1342,423,'2-1 AsCB',50,200);
INSERT INTO `movsRepoDimensionado` VALUES (1343,423,'2-1 AsCB',100,181);
INSERT INTO `movsRepoDimensionado` VALUES (1344,423,'2-1 AsCB',530,176);
INSERT INTO `movsRepoDimensionado` VALUES (1345,424,'2-1 AsP',304,214);
INSERT INTO `movsRepoDimensionado` VALUES (1346,424,'2-1 AsP',443,213);
INSERT INTO `movsRepoDimensionado` VALUES (1347,424,'2-1 AsP',240,286);
INSERT INTO `movsRepoDimensionado` VALUES (1348,424,'2-1 AsP',100,308);
INSERT INTO `movsRepoDimensionado` VALUES (1349,424,'2-1 AsP',30,221);
INSERT INTO `movsRepoDimensionado` VALUES (1350,424,'2-1 AsP',130,212);
INSERT INTO `movsRepoDimensionado` VALUES (1351,425,'2-1 AsCB',80,195);
INSERT INTO `movsRepoDimensionado` VALUES (1352,425,'2-1 AsCB',1080,316);
INSERT INTO `movsRepoDimensionado` VALUES (1353,425,'2-1 AsCB',70,200);
INSERT INTO `movsRepoDimensionado` VALUES (1355,425,'2-1 AsCB',210,176);
INSERT INTO `movsRepoDimensionado` VALUES (1356,425,'2-1 AsCB',100,181);
INSERT INTO `movsRepoDimensionado` VALUES (1357,426,'2-1 AsCB',880,316);
INSERT INTO `movsRepoDimensionado` VALUES (1358,426,'2-1 AsCB',300,181);
INSERT INTO `movsRepoDimensionado` VALUES (1359,426,'2-1 AsCB',110,176);
INSERT INTO `movsRepoDimensionado` VALUES (1360,426,'2-1 AsCB',60,305);
INSERT INTO `movsRepoDimensionado` VALUES (1361,426,'2-1 AsCB',60,200);
INSERT INTO `movsRepoDimensionado` VALUES (1362,427,'2-1 AsP',800,320);
INSERT INTO `movsRepoDimensionado` VALUES (1363,427,'2-1 AsP',50,212);
INSERT INTO `movsRepoDimensionado` VALUES (1364,427,'2-1 AsP',240,286);
INSERT INTO `movsRepoDimensionado` VALUES (1365,427,'2-1 AsP',76,220);
INSERT INTO `movsRepoDimensionado` VALUES (1366,427,'2-1 AsCB',203,187);
INSERT INTO `movsRepoDimensionado` VALUES (1367,428,'2-1 AsCB',610,187);
INSERT INTO `movsRepoDimensionado` VALUES (1368,428,'2-1 AsCB',55,209);
INSERT INTO `movsRepoDimensionado` VALUES (1369,428,'2-1 AsCB',300,178);
INSERT INTO `movsRepoDimensionado` VALUES (1370,428,'2-1 AsCB',75,316);
INSERT INTO `movsRepoDimensionado` VALUES (1371,428,'2-1 AsCB',40,185);
INSERT INTO `movsRepoDimensionado` VALUES (1373,429,'2-1 AsP',87,221);
INSERT INTO `movsRepoDimensionado` VALUES (1374,429,'2-1 AsP',350,210);
INSERT INTO `movsRepoDimensionado` VALUES (1375,430,'2-1 AsP',140,213);
INSERT INTO `movsRepoDimensionado` VALUES (1376,430,'2-1 AsP',727,320);
INSERT INTO `movsRepoDimensionado` VALUES (1377,430,'2-1 AsP',400,286);
INSERT INTO `movsRepoDimensionado` VALUES (1378,430,'2-1 AsP',200,212);
INSERT INTO `movsRepoDimensionado` VALUES (1379,431,'2-1 AsP',690,320);
INSERT INTO `movsRepoDimensionado` VALUES (1380,431,'2-1 AsP',130,212);
INSERT INTO `movsRepoDimensionado` VALUES (1381,431,'2-1 AsP',140,286);
INSERT INTO `movsRepoDimensionado` VALUES (1382,431,'2-1 AsP',60,308);
INSERT INTO `movsRepoDimensionado` VALUES (1383,431,'2-1 AsP',250,214);
INSERT INTO `movsRepoDimensionado` VALUES (1384,432,'2-1 AsCB',73,187);
INSERT INTO `movsRepoDimensionado` VALUES (1385,432,'2-1 AsCB',32,209);
INSERT INTO `movsRepoDimensionado` VALUES (1386,432,'2-1 AsCB',200,181);
INSERT INTO `movsRepoDimensionado` VALUES (1387,432,'2-1 AsCB',1200,316);
INSERT INTO `movsRepoDimensionado` VALUES (1388,432,'2-1 AsCB',157,176);
INSERT INTO `movsRepoDimensionado` VALUES (1389,432,'2-1 AsCB',50,305);
INSERT INTO `movsRepoDimensionado` VALUES (1390,432,'2-1 AsCB',90,200);
INSERT INTO `movsRepoDimensionado` VALUES (1391,433,'2-1 AsCB',726,187);
INSERT INTO `movsRepoDimensionado` VALUES (1392,433,'2-1 AsCB',150,209);
INSERT INTO `movsRepoDimensionado` VALUES (1393,433,'2-1 AsCB',150,178);
INSERT INTO `movsRepoDimensionado` VALUES (1394,433,'2-1 AsCB',137,316);
INSERT INTO `movsRepoDimensionado` VALUES (1395,434,'2-1 AsCB',354,187);
INSERT INTO `movsRepoDimensionado` VALUES (1396,434,'2-1 AsCB',90,209);
INSERT INTO `movsRepoDimensionado` VALUES (1398,434,'2-1 AsP',250,210);
INSERT INTO `movsRepoDimensionado` VALUES (1399,435,'2-1 AsP',956,320);
INSERT INTO `movsRepoDimensionado` VALUES (1400,435,'2-1 AsP',200,212);
INSERT INTO `movsRepoDimensionado` VALUES (1401,435,'2-1 AsP',600,286);
INSERT INTO `movsRepoDimensionado` VALUES (1403,436,'2-1 AsP',428,214);
INSERT INTO `movsRepoDimensionado` VALUES (1404,436,'2-1 AsP',55,221);
INSERT INTO `movsRepoDimensionado` VALUES (1405,436,'2-1 AsP',80,210);
INSERT INTO `movsRepoDimensionado` VALUES (1406,436,'2-1 AsP',60,318);
INSERT INTO `movsRepoDimensionado` VALUES (1407,437,'2-1 AsCB',552,316);
INSERT INTO `movsRepoDimensionado` VALUES (1408,437,'2-1 AsCB',200,181);
INSERT INTO `movsRepoDimensionado` VALUES (1409,437,'2-1 AsCB',240,176);
INSERT INTO `movsRepoDimensionado` VALUES (1410,437,'2-1 AsCB',37,200);
INSERT INTO `movsRepoDimensionado` VALUES (1411,439,'2-1 AsCB',115,187);
INSERT INTO `movsRepoDimensionado` VALUES (1412,439,'2-1 AsCB',36,209);
INSERT INTO `movsRepoDimensionado` VALUES (1413,439,'2-1 AsCB',128,316);
INSERT INTO `movsRepoDimensionado` VALUES (1414,439,'2-1 AsCB',70,185);
INSERT INTO `movsRepoDimensionado` VALUES (1416,439,'2-1 AsCB',230,176);
INSERT INTO `movsRepoDimensionado` VALUES (1417,439,'2-1 AsCB',25,200);
INSERT INTO `movsRepoDimensionado` VALUES (1418,440,'2-1 AsP',302,320);
INSERT INTO `movsRepoDimensionado` VALUES (1420,440,'2-1 AsP',200,212);
INSERT INTO `movsRepoDimensionado` VALUES (1422,440,'2-1 AsP',400,286);
INSERT INTO `movsRepoDimensionado` VALUES (1423,397,'2-1 AsP',400,286);
INSERT INTO `movsRepoDimensionado` VALUES (1424,441,'2-1 AsCB',450,187);
INSERT INTO `movsRepoDimensionado` VALUES (1425,441,'2-1 AsCB',103,189);
INSERT INTO `movsRepoDimensionado` VALUES (1426,441,'2-1 AsCB',200,193);
INSERT INTO `movsRepoDimensionado` VALUES (1427,441,'2-1 AsCB',60,194);
INSERT INTO `movsRepoDimensionado` VALUES (1428,442,'2-1 AsCB',1020,256);
INSERT INTO `movsRepoDimensionado` VALUES (1429,442,'2-1 AsCB',50,206);
INSERT INTO `movsRepoDimensionado` VALUES (1430,442,'2-1 AsCB',337,186);
INSERT INTO `movsRepoDimensionado` VALUES (1431,442,'2-1 AsCB',300,177);
INSERT INTO `movsRepoDimensionado` VALUES (1432,443,'2-1 AsCB',240,289);
INSERT INTO `movsRepoDimensionado` VALUES (1433,443,'2-1 AsP',90,294);
INSERT INTO `movsRepoDimensionado` VALUES (1434,443,'2-1 AsCB',150,193);
INSERT INTO `movsRepoDimensionado` VALUES (1435,444,'2-1 AsCB',400,201);
INSERT INTO `movsRepoDimensionado` VALUES (1436,444,'2-1 AsCB',100,208);
INSERT INTO `movsRepoDimensionado` VALUES (1437,444,'2-1 AsCB',90,180);
INSERT INTO `movsRepoDimensionado` VALUES (1438,444,'2-1 AsCB',600,206);
INSERT INTO `movsRepoDimensionado` VALUES (1439,444,'2-1 AsCB',300,177);
INSERT INTO `movsRepoDimensionado` VALUES (1441,444,'2-1 AsCB',150,186);
INSERT INTO `movsRepoDimensionado` VALUES (1443,445,'2-1 AsP',408,284);
INSERT INTO `movsRepoDimensionado` VALUES (1444,445,'2-1 AsCB',505,186);
INSERT INTO `movsRepoDimensionado` VALUES (1445,445,'2-1 AsCB',94,180);
INSERT INTO `movsRepoDimensionado` VALUES (1446,446,'2-1 AsP',1254,218);
INSERT INTO `movsRepoDimensionado` VALUES (1447,446,'2-1 AsCB',210,192);
INSERT INTO `movsRepoDimensionado` VALUES (1450,446,'2-1 AsP',236,222);
INSERT INTO `movsRepoDimensionado` VALUES (1451,446,'2-1 AsP',48,223);
INSERT INTO `movsRepoDimensionado` VALUES (1452,447,'2-1 AsCB',520,196);
INSERT INTO `movsRepoDimensionado` VALUES (1453,447,'2-1 AsCB',137,185);
INSERT INTO `movsRepoDimensionado` VALUES (1454,447,'2-1 AsCB',370,191);
INSERT INTO `movsRepoDimensionado` VALUES (1455,448,'2-1 AsP',343,214);
INSERT INTO `movsRepoDimensionado` VALUES (1456,448,'2-1 AsP',500,219);
INSERT INTO `movsRepoDimensionado` VALUES (1457,449,'2-1 AsP',614,211);
INSERT INTO `movsRepoDimensionado` VALUES (1459,449,'2-1 AsP',186,213);
INSERT INTO `movsRepoDimensionado` VALUES (1460,449,'2-1 AsP',180,286);
INSERT INTO `movsRepoDimensionado` VALUES (1461,449,'2-1 AsCB',557,209);
INSERT INTO `movsRepoDimensionado` VALUES (1462,450,'2-1 AsCB',1280,195);
INSERT INTO `movsRepoDimensionado` VALUES (1463,450,'2-1 AsCB',150,192);
INSERT INTO `movsRepoDimensionado` VALUES (1464,422,'2-1 AsP',188,220);
INSERT INTO `movsRepoDimensionado` VALUES (1465,451,'2-1 AsCB',1365,195);
INSERT INTO `movsRepoDimensionado` VALUES (1466,451,'2-1 AsCB',36,186);
INSERT INTO `movsRepoDimensionado` VALUES (1467,451,'2-1 AsCB',300,177);
INSERT INTO `movsRepoDimensionado` VALUES (1468,451,'2-1 AsCB',32,302);
INSERT INTO `movsRepoDimensionado` VALUES (1469,452,'2-1 AsP',578,214);
INSERT INTO `movsRepoDimensionado` VALUES (1470,452,'2-1 AsP',48,221);
INSERT INTO `movsRepoDimensionado` VALUES (1471,452,'2-1 AsP',280,210);
INSERT INTO `movsRepoDimensionado` VALUES (1472,453,'2-1 AsCB',885,316);
INSERT INTO `movsRepoDimensionado` VALUES (1473,453,'2-1 AsCB',200,181);
INSERT INTO `movsRepoDimensionado` VALUES (1474,453,'2-1 AsCB',130,176);
INSERT INTO `movsRepoDimensionado` VALUES (1475,453,'2-1 AsCB',80,200);
INSERT INTO `movsRepoDimensionado` VALUES (1476,454,'2-1 AsP',201,214);
INSERT INTO `movsRepoDimensionado` VALUES (1477,454,'2-1 AsP',60,221);
INSERT INTO `movsRepoDimensionado` VALUES (1478,454,'2-1 AsP',140,210);
INSERT INTO `movsRepoDimensionado` VALUES (1479,454,'2-1 AsCB',460,181);
INSERT INTO `movsRepoDimensionado` VALUES (1480,454,'2-1 AsCB',117,185);
INSERT INTO `movsRepoDimensionado` VALUES (1481,455,'2-1 AsP',765,214);
INSERT INTO `movsRepoDimensionado` VALUES (1482,455,'2-1 AsP',70,221);
INSERT INTO `movsRepoDimensionado` VALUES (1483,455,'2-1 AsP',130,210);
INSERT INTO `movsRepoDimensionado` VALUES (1484,455,'2-1 AsP',100,318);
INSERT INTO `movsRepoDimensionado` VALUES (1487,456,'2-1 AsP',70,221);
INSERT INTO `movsRepoDimensionado` VALUES (1489,456,'2-1 AsP',130,210);
INSERT INTO `movsRepoDimensionado` VALUES (1491,456,'2-1 AsP',315,223);
INSERT INTO `movsRepoDimensionado` VALUES (1493,456,'2-1 AsP',150,212);
INSERT INTO `movsRepoDimensionado` VALUES (1496,456,'2-1 AsP',497,214);
INSERT INTO `movsRepoDimensionado` VALUES (1497,457,'2-1 AsCB',414,187);
INSERT INTO `movsRepoDimensionado` VALUES (1499,457,'2-1 AsP',310,223);
INSERT INTO `movsRepoDimensionado` VALUES (1500,457,'2-1 AsP',180,212);
INSERT INTO `movsRepoDimensionado` VALUES (1501,457,'2-1 AsP',100,320);
INSERT INTO `movsRepoDimensionado` VALUES (1502,458,'2-1 AsCB',450,316);
INSERT INTO `movsRepoDimensionado` VALUES (1503,458,'2-1 AsCB',256,181);
INSERT INTO `movsRepoDimensionado` VALUES (1504,458,'2-1 AsCB',350,176);
INSERT INTO `movsRepoDimensionado` VALUES (1505,458,'2-1 AsCB',320,205);
INSERT INTO `movsRepoDimensionado` VALUES (1507,458,'2-1 AsCB',173,200);
INSERT INTO `movsRepoDimensionado` VALUES (1508,459,'2-1 AsCB',1206,195);
INSERT INTO `movsRepoDimensionado` VALUES (1509,459,'2-1 AsCB',77,192);
INSERT INTO `movsRepoDimensionado` VALUES (1510,459,'2-1 AsCB',251,267);
INSERT INTO `movsRepoDimensionado` VALUES (1511,459,'2-1 AsCB',140,177);
INSERT INTO `movsRepoDimensionado` VALUES (1512,460,'2-1 AsCB',714,187);
INSERT INTO `movsRepoDimensionado` VALUES (1513,460,'2-1 AsCB',156,209);
INSERT INTO `movsRepoDimensionado` VALUES (1514,460,'2-1 AsCB',230,178);
INSERT INTO `movsRepoDimensionado` VALUES (1515,460,'2-1 AsCB',490,205);
INSERT INTO `movsRepoDimensionado` VALUES (1516,460,'2-1 AsCB',45,200);
INSERT INTO `movsRepoDimensionado` VALUES (1517,461,'2-1 AsCB',817,316);
INSERT INTO `movsRepoDimensionado` VALUES (1518,461,'2-1 AsCB',74,200);
INSERT INTO `movsRepoDimensionado` VALUES (1519,461,'2-1 AsCB',400,176);
INSERT INTO `movsRepoDimensionado` VALUES (1520,461,'2-1 AsCB',43,305);
INSERT INTO `movsRepoDimensionado` VALUES (1521,461,'2-1 AsCB',354,205);
INSERT INTO `movsRepoDimensionado` VALUES (1522,461,'2-1 AsCB',453,181);
INSERT INTO `movsRepoDimensionado` VALUES (1523,462,'2-1 AsP',583,212);
INSERT INTO `movsRepoDimensionado` VALUES (1524,462,'2-1 AsP',400,211);
INSERT INTO `movsRepoDimensionado` VALUES (1525,462,'2-1 AsP',400,213);
INSERT INTO `movsRepoDimensionado` VALUES (1526,462,'2-1 AsP',223,286);
INSERT INTO `movsRepoDimensionado` VALUES (1527,463,'2-1 AsCB',730,181);
INSERT INTO `movsRepoDimensionado` VALUES (1528,463,'2-1 AsCB',200,179);
INSERT INTO `movsRepoDimensionado` VALUES (1529,463,'2-1 AsCB',200,185);
INSERT INTO `movsRepoDimensionado` VALUES (1530,463,'2-1 AsCB',140,176);
INSERT INTO `movsRepoDimensionado` VALUES (1531,464,'2-1 AsCB',658,181);
INSERT INTO `movsRepoDimensionado` VALUES (1532,464,'2-1 AsCB',294,179);
INSERT INTO `movsRepoDimensionado` VALUES (1533,464,'2-1 AsCB',313,185);
INSERT INTO `movsRepoDimensionado` VALUES (1534,464,'2-1 AsCB',210,176);
INSERT INTO `movsRepoDimensionado` VALUES (1535,465,'2-1 AsP',731,212);
INSERT INTO `movsRepoDimensionado` VALUES (1536,465,'2-1 AsP',641,211);
INSERT INTO `movsRepoDimensionado` VALUES (1537,465,'2-1 AsP',247,213);
INSERT INTO `movsRepoDimensionado` VALUES (1538,465,'2-1 AsP',612,286);
INSERT INTO `movsRepoDimensionado` VALUES (1539,466,'2-1 AsP',740,212);
INSERT INTO `movsRepoDimensionado` VALUES (1540,466,'2-1 AsP',330,211);
INSERT INTO `movsRepoDimensionado` VALUES (1541,466,'2-1 AsP',300,213);
INSERT INTO `movsRepoDimensionado` VALUES (1542,466,'2-1 AsP',80,286);
INSERT INTO `movsRepoDimensionado` VALUES (1543,466,'2-1 AsP',40,308);
INSERT INTO `movsRepoDimensionado` VALUES (1544,467,'2-1 AsP',562,213);
INSERT INTO `movsRepoDimensionado` VALUES (1545,467,'2-1 AsP',84,286);
INSERT INTO `movsRepoDimensionado` VALUES (1546,467,'2-1 AsCB',130,329);
INSERT INTO `movsRepoDimensionado` VALUES (1547,467,'2-1 AsCB',375,330);
INSERT INTO `movsRepoDimensionado` VALUES (1548,467,'2-1 AsP',70,211);
INSERT INTO `movsRepoDimensionado` VALUES (1549,467,'2-1 AsCB',80,187);
INSERT INTO `movsRepoDimensionado` VALUES (1550,467,'2-1 AsCB',12,209);
INSERT INTO `movsRepoDimensionado` VALUES (1551,468,'2-1 AsCB',200,185);
INSERT INTO `movsRepoDimensionado` VALUES (1552,468,'2-1 AsCB',100,176);
INSERT INTO `movsRepoDimensionado` VALUES (1553,469,'2-1 AsCB',454,185);
INSERT INTO `movsRepoDimensionado` VALUES (1554,469,'2-1 AsCB',282,176);
INSERT INTO `movsRepoDimensionado` VALUES (1555,469,'2-1 AsCB',290,179);
INSERT INTO `movsRepoDimensionado` VALUES (1556,469,'2-1 AsCB',604,181);
INSERT INTO `movsRepoDimensionado` VALUES (1557,470,'2-1 AsCB',947,195);
INSERT INTO `movsRepoDimensionado` VALUES (1558,470,'2-1 AsCB',200,177);
INSERT INTO `movsRepoDimensionado` VALUES (1560,470,'2-1 AsP',119,214);
INSERT INTO `movsRepoDimensionado` VALUES (1561,470,'2-1 AsP',130,320);
INSERT INTO `movsRepoDimensionado` VALUES (1562,471,'2-1 AsCB',1185,195);
INSERT INTO `movsRepoDimensionado` VALUES (1563,471,'2-1 AsCB',400,177);
INSERT INTO `movsRepoDimensionado` VALUES (1564,471,'2-1 AsP',140,214);
INSERT INTO `movsRepoDimensionado` VALUES (1565,472,'2-1 AsP',800,320);
INSERT INTO `movsRepoDimensionado` VALUES (1566,472,'2-1 AsP',519,212);
INSERT INTO `movsRepoDimensionado` VALUES (1567,472,'2-1 AsP',66,220);
INSERT INTO `movsRepoDimensionado` VALUES (1568,472,'2-1 AsP',274,286);
INSERT INTO `movsRepoDimensionado` VALUES (1569,473,'2-1 AsCB',463,316);
INSERT INTO `movsRepoDimensionado` VALUES (1570,473,'2-1 AsCB',505,181);
INSERT INTO `movsRepoDimensionado` VALUES (1571,473,'2-1 AsCB',120,179);
INSERT INTO `movsRepoDimensionado` VALUES (1572,473,'2-1 AsCB',130,176);
INSERT INTO `movsRepoDimensionado` VALUES (1573,473,'2-1 AsCB',213,185);
INSERT INTO `movsRepoDimensionado` VALUES (1574,474,'2-1 AsP',781,214);
INSERT INTO `movsRepoDimensionado` VALUES (1575,474,'2-1 AsP',146,331);
INSERT INTO `movsRepoDimensionado` VALUES (1577,475,'2-1 AsP',480,214);
INSERT INTO `movsRepoDimensionado` VALUES (1578,475,'2-1 AsP',75,221);
INSERT INTO `movsRepoDimensionado` VALUES (1579,475,'2-1 AsCB',340,177);
INSERT INTO `movsRepoDimensionado` VALUES (1580,475,'2-1 AsCB',300,195);
INSERT INTO `movsRepoDimensionado` VALUES (1581,477,'2-1 AsCB',600,185);
INSERT INTO `movsRepoDimensionado` VALUES (1582,477,'2-1 AsCB',120,179);
INSERT INTO `movsRepoDimensionado` VALUES (1583,477,'2-1 AsCB',100,176);
INSERT INTO `movsRepoDimensionado` VALUES (1584,479,'2-1 AsCB',417,185);
INSERT INTO `movsRepoDimensionado` VALUES (1585,479,'2-1 AsCB',60,179);
INSERT INTO `movsRepoDimensionado` VALUES (1586,479,'2-1 AsCB',60,176);
INSERT INTO `movsRepoDimensionado` VALUES (1587,480,'2-1 AsCB',650,195);
INSERT INTO `movsRepoDimensionado` VALUES (1588,480,'2-1 AsCB',110,177);
INSERT INTO `movsRepoDimensionado` VALUES (1589,480,'2-1 AsCB',40,302);
INSERT INTO `movsRepoDimensionado` VALUES (1590,481,'2-1 AsCB',700,195);
INSERT INTO `movsRepoDimensionado` VALUES (1591,481,'2-1 AsCB',300,177);
INSERT INTO `movsRepoDimensionado` VALUES (1592,481,'2-1 AsCB',20,180);
INSERT INTO `movsRepoDimensionado` VALUES (1593,481,'2-1 AsP',40,214);
INSERT INTO `movsRepoDimensionado` VALUES (1594,483,'5-2 Yg',420,245);
INSERT INTO `movsRepoDimensionado` VALUES (1595,485,'2-1 AsCB',800,195);
INSERT INTO `movsRepoDimensionado` VALUES (1596,485,'2-1 AsCB',50,177);
INSERT INTO `movsRepoDimensionado` VALUES (1597,486,'2-1 AsCB',1234,195);
INSERT INTO `movsRepoDimensionado` VALUES (1598,486,'2-1 AsCB',170,177);
INSERT INTO `movsRepoDimensionado` VALUES (1599,486,'2-1 AsCB',80,302);
INSERT INTO `movsRepoDimensionado` VALUES (1600,487,'2-1 AsCB',1426,195);
INSERT INTO `movsRepoDimensionado` VALUES (1601,487,'2-1 AsCB',566,177);
INSERT INTO `movsRepoDimensionado` VALUES (1602,488,'2-1 AsCB',550,185);
INSERT INTO `movsRepoDimensionado` VALUES (1603,488,'2-1 AsCB',410,181);
INSERT INTO `movsRepoDimensionado` VALUES (1604,488,'2-1 AsCB',180,176);
INSERT INTO `movsRepoDimensionado` VALUES (1605,488,'2-1 AsCB',187,179);
INSERT INTO `movsRepoDimensionado` VALUES (1606,488,'2-1 AsCB',17,200);
INSERT INTO `movsRepoDimensionado` VALUES (1607,489,'2-1 AsCB',571,185);
INSERT INTO `movsRepoDimensionado` VALUES (1608,489,'2-1 AsCB',600,181);
INSERT INTO `movsRepoDimensionado` VALUES (1609,489,'2-1 AsCB',164,176);
INSERT INTO `movsRepoDimensionado` VALUES (1610,489,'2-1 AsCB',154,179);
INSERT INTO `movsRepoDimensionado` VALUES (1611,490,'2-1 AsCB',2000,181);
INSERT INTO `movsRepoDimensionado` VALUES (1612,490,'2-1 AsCB',160,176);
INSERT INTO `movsRepoDimensionado` VALUES (1613,490,'2-1 AsCB',180,179);
INSERT INTO `movsRepoDimensionado` VALUES (1614,491,'2-1 AsCB',1640,181);
INSERT INTO `movsRepoDimensionado` VALUES (1615,491,'2-1 AsCB',120,176);
INSERT INTO `movsRepoDimensionado` VALUES (1616,491,'2-1 AsCB',270,179);
INSERT INTO `movsRepoDimensionado` VALUES (1618,492,'2-1 AsP',1220,218);
INSERT INTO `movsRepoDimensionado` VALUES (1619,492,'2-1 AsP',470,291);
INSERT INTO `movsRepoDimensionado` VALUES (1620,492,'2-1 AsP',64,280);
INSERT INTO `movsRepoDimensionado` VALUES (1622,493,'2-1 AsP',970,218);
INSERT INTO `movsRepoDimensionado` VALUES (1623,493,'2-1 AsP',80,291);
INSERT INTO `movsRepoDimensionado` VALUES (1624,493,'2-1 AsP',80,319);
INSERT INTO `movsRepoDimensionado` VALUES (1625,493,'2-1 AsP',360,280);
INSERT INTO `movsRepoDimensionado` VALUES (1626,493,'2-1 AsP',320,222);
INSERT INTO `movsRepoDimensionado` VALUES (1627,494,'2-1 AsP',810,218);
INSERT INTO `movsRepoDimensionado` VALUES (1628,494,'2-1 AsP',250,280);
INSERT INTO `movsRepoDimensionado` VALUES (1629,494,'2-1 AsP',303,222);
INSERT INTO `movsRepoDimensionado` VALUES (1631,497,'2-1 AsCB',750,181);
INSERT INTO `movsRepoDimensionado` VALUES (1632,497,'2-1 AsCB',1042,179);
INSERT INTO `movsRepoDimensionado` VALUES (1633,497,'2-1 AsCB',150,176);
INSERT INTO `movsRepoDimensionado` VALUES (1634,498,'2-1 AsCB',826,181);
INSERT INTO `movsRepoDimensionado` VALUES (1635,498,'2-1 AsCB',880,179);
INSERT INTO `movsRepoDimensionado` VALUES (1636,498,'2-1 AsCB',328,176);
INSERT INTO `movsRepoDimensionado` VALUES (1637,499,'5-2 Yg',864,245);
INSERT INTO `movsRepoDimensionado` VALUES (1638,499,'2-1 AsP',110,291);
INSERT INTO `movsRepoDimensionado` VALUES (1639,499,'2-1 AsP',70,280);
INSERT INTO `movsRepoDimensionado` VALUES (1640,499,'2-1 AsP',215,218);
INSERT INTO `movsRepoDimensionado` VALUES (1641,500,'2-1 AsP',1680,218);
INSERT INTO `movsRepoDimensionado` VALUES (1642,500,'2-1 AsP',260,280);
INSERT INTO `movsRepoDimensionado` VALUES (1643,501,'2-1 AsP',1220,218);
INSERT INTO `movsRepoDimensionado` VALUES (1644,501,'2-1 AsP',220,280);
INSERT INTO `movsRepoDimensionado` VALUES (1645,501,'2-1 AsP',140,291);
INSERT INTO `movsRepoDimensionado` VALUES (1646,501,'2-1 AsP',60,319);
INSERT INTO `movsRepoDimensionado` VALUES (1647,502,'2-1 AsCB',1000,181);
INSERT INTO `movsRepoDimensionado` VALUES (1648,502,'2-1 AsCB',750,179);
INSERT INTO `movsRepoDimensionado` VALUES (1649,502,'2-1 AsCB',90,176);
INSERT INTO `movsRepoDimensionado` VALUES (1650,503,'2-1 AsCB',900,181);
INSERT INTO `movsRepoDimensionado` VALUES (1651,503,'2-1 AsCB',416,179);
INSERT INTO `movsRepoDimensionado` VALUES (1655,504,'2-1 AsP',884,218);
INSERT INTO `movsRepoDimensionado` VALUES (1656,504,'2-1 AsP',660,291);
INSERT INTO `movsRepoDimensionado` VALUES (1657,504,'2-1 AsP',600,222);
INSERT INTO `movsRepoDimensionado` VALUES (1658,504,'2-1 AsP',300,223);
INSERT INTO `movsRepoDimensionado` VALUES (1659,505,'2-1 AsP',500,280);
INSERT INTO `movsRepoDimensionado` VALUES (1660,505,'2-1 AsP',310,291);
INSERT INTO `movsRepoDimensionado` VALUES (1661,505,'2-1 AsP',140,319);
INSERT INTO `movsRepoDimensionado` VALUES (1662,505,'2-1 AsP',600,222);
INSERT INTO `movsRepoDimensionado` VALUES (1663,505,'2-1 AsP',300,223);
INSERT INTO `movsRepoDimensionado` VALUES (1664,506,'2-1 AsCB',1500,230);
INSERT INTO `movsRepoDimensionado` VALUES (1665,506,'2-1 AsCB',160,180);
INSERT INTO `movsRepoDimensionado` VALUES (1666,507,'2-1 AsP',900,218);
INSERT INTO `movsRepoDimensionado` VALUES (1673,509,'2-1 AsP',274,213);
INSERT INTO `movsRepoDimensionado` VALUES (1674,509,'2-1 AsP',1320,212);
INSERT INTO `movsRepoDimensionado` VALUES (1675,509,'2-1 AsP',283,211);
INSERT INTO `movsRepoDimensionado` VALUES (1676,509,'2-1 AsP',180,286);
INSERT INTO `movsRepoDimensionado` VALUES (1677,510,'2-1 AsCB',600,195);
INSERT INTO `movsRepoDimensionado` VALUES (1678,510,'2-1 AsCB',80,192);
INSERT INTO `movsRepoDimensionado` VALUES (1679,510,'2-1 AsP',441,213);
INSERT INTO `movsRepoDimensionado` VALUES (1680,510,'2-1 AsP',100,211);
INSERT INTO `movsRepoDimensionado` VALUES (1681,510,'2-1 AsP',120,286);
INSERT INTO `movsRepoDimensionado` VALUES (1682,511,'2-1 AsP',539,213);
INSERT INTO `movsRepoDimensionado` VALUES (1683,511,'2-1 AsP',74,211);
INSERT INTO `movsRepoDimensionado` VALUES (1684,511,'2-1 AsP',20,286);
INSERT INTO `movsRepoDimensionado` VALUES (1685,513,'2-1 AsP',338,213);
INSERT INTO `movsRepoDimensionado` VALUES (1686,513,'2-1 AsP',87,211);
INSERT INTO `movsRepoDimensionado` VALUES (1687,513,'2-1 AsP',100,286);
INSERT INTO `movsRepoDimensionado` VALUES (1688,513,'2-1 AsCB',237,195);
INSERT INTO `movsRepoDimensionado` VALUES (1689,513,'2-1 AsCB',80,192);
INSERT INTO `movsRepoDimensionado` VALUES (1690,514,'2-1 AsCB',500,206);
INSERT INTO `movsRepoDimensionado` VALUES (1691,514,'2-1 AsCB',150,192);
INSERT INTO `movsRepoDimensionado` VALUES (1692,514,'2-1 AsCB',400,195);
INSERT INTO `movsRepoDimensionado` VALUES (1693,515,'2-1 AsCB',631,209);
INSERT INTO `movsRepoDimensionado` VALUES (1694,515,'2-1 AsCB',57,193);
INSERT INTO `movsRepoDimensionado` VALUES (1696,516,'2-1 AsP',350,222);
INSERT INTO `movsRepoDimensionado` VALUES (1697,516,'2-1 AsP',28,223);
INSERT INTO `movsRepoDimensionado` VALUES (1698,517,'2-1 AsCB',500,192);
INSERT INTO `movsRepoDimensionado` VALUES (1699,517,'2-1 AsP',604,213);
INSERT INTO `movsRepoDimensionado` VALUES (1700,517,'2-1 AsP',200,286);
INSERT INTO `movsRepoDimensionado` VALUES (1701,517,'2-1 AsP',150,211);
INSERT INTO `movsRepoDimensionado` VALUES (1702,518,'2-1 AsP',600,213);
INSERT INTO `movsRepoDimensionado` VALUES (1703,518,'2-1 AsP',108,211);
INSERT INTO `movsRepoDimensionado` VALUES (1704,518,'2-1 AsCB',267,187);
INSERT INTO `movsRepoDimensionado` VALUES (1705,518,'2-1 AsCB',37,209);
INSERT INTO `movsRepoDimensionado` VALUES (1706,518,'2-1 AsCB',32,289);
INSERT INTO `movsRepoDimensionado` VALUES (1707,519,'2-1 AsCB',810,195);
INSERT INTO `movsRepoDimensionado` VALUES (1708,519,'2-1 AsCB',760,192);
INSERT INTO `movsRepoDimensionado` VALUES (1709,468,'5-2 Yg',600,258);
INSERT INTO `movsRepoDimensionado` VALUES (1714,474,'2-1 AsP',550,210);
INSERT INTO `movsRepoDimensionado` VALUES (1715,492,'2-1 AsP',354,222);
INSERT INTO `movsRepoDimensionado` VALUES (1716,503,'2-1 AsCB',70,176);
INSERT INTO `movsRepoDimensionado` VALUES (1717,503,'2-1 AsCB',240,195);
INSERT INTO `movsRepoDimensionado` VALUES (1718,503,'2-1 AsCB',70,192);
INSERT INTO `movsRepoDimensionado` VALUES (1719,507,'2-1 AsP',180,280);
INSERT INTO `movsRepoDimensionado` VALUES (1720,507,'2-1 AsP',50,319);
INSERT INTO `movsRepoDimensionado` VALUES (1721,456,'2-1 AsP',50,318);
INSERT INTO `movsRepoDimensionado` VALUES (1722,429,'2-1 AsP',380,214);
INSERT INTO `movsRepoDimensionado` VALUES (1723,456,'2-1 AsP',200,320);
INSERT INTO `movsRepoDimensionado` VALUES (1724,457,'2-1 AsCB',800,176);
INSERT INTO `movsRepoDimensionado` VALUES (1725,417,'2-1 AsCB',1305,195);
INSERT INTO `movsRepoDimensionado` VALUES (1726,417,'2-1 AsCB',320,177);
INSERT INTO `movsRepoDimensionado` VALUES (1727,522,'2-1 AsP',500,215);
INSERT INTO `movsRepoDimensionado` VALUES (1728,522,'2-1 AsP',604,213);
INSERT INTO `movsRepoDimensionado` VALUES (1729,522,'2-1 AsP',200,286);
INSERT INTO `movsRepoDimensionado` VALUES (1730,522,'2-1 AsP',150,211);
INSERT INTO `movsRepoDimensionado` VALUES (1731,523,'2-1 AsP',600,213);
INSERT INTO `movsRepoDimensionado` VALUES (1732,523,'2-1 AsP',108,211);
INSERT INTO `movsRepoDimensionado` VALUES (1733,523,'2-1 AsCB',267,187);
INSERT INTO `movsRepoDimensionado` VALUES (1734,523,'2-1 AsCB',37,209);
INSERT INTO `movsRepoDimensionado` VALUES (1735,523,'2-1 AsCB',32,289);
INSERT INTO `movsRepoDimensionado` VALUES (1736,524,'2-1 AsCB',810,195);
INSERT INTO `movsRepoDimensionado` VALUES (1737,524,'2-1 AsCB',760,192);
/*!40000 ALTER TABLE `movsRepoDimensionado` ENABLE KEYS */;
UNLOCK TABLES;

--
-- Table structure for table `movsRepoOtrasActiv`
--

DROP TABLE IF EXISTS `movsRepoOtrasActiv`;
/*!40101 SET @saved_cs_client     = @@character_set_client */;
/*!40101 SET character_set_client = utf8 */;
CREATE TABLE `movsRepoOtrasActiv` (
  `id` int(11) NOT NULL AUTO_INCREMENT,
  `idRepo` int(11) DEFAULT '0' COMMENT 'id de reportes de aserrio',
  `idRepoCT` int(11) DEFAULT '0' COMMENT 'id de reportes de clavado de tarima',
  `idRepoCL` int(11) DEFAULT '0' COMMENT 'id de reportes de corte a largo',
  `idRepoOD` int(11) DEFAULT '0' COMMENT 'id de reportes de otros destajos',
  `actividad` char(12) DEFAULT NULL,
  `cantidad` decimal(13,3) DEFAULT NULL,
  `idEmpleado` int(11) NOT NULL COMMENT 'a quien se le paga el destajo',
  PRIMARY KEY (`id`),
  KEY `idEmpleado` (`idEmpleado`,`idRepo`),
  KEY `idRepo` (`idRepo`),
  KEY `idRepoCT` (`idRepoCT`),
  KEY `idEmpleado_2` (`idEmpleado`,`idRepoCT`),
  KEY `idRepoCL` (`idRepoCL`),
  KEY `idEmpleado_3` (`idEmpleado`,`idRepoCL`),
  KEY `idRepoOD` (`idRepoOD`)
) ENGINE=InnoDB AUTO_INCREMENT=2344 DEFAULT CHARSET=latin1;
/*!40101 SET character_set_client = @saved_cs_client */;

--
-- Dumping data for table `movsRepoOtrasActiv`
--

LOCK TABLES `movsRepoOtrasActiv` WRITE;
/*!40000 ALTER TABLE `movsRepoOtrasActiv` DISABLE KEYS */;
INSERT INTO `movsRepoOtrasActiv` VALUES (9,10,0,0,0,'ctCORONA',66.000,12);
INSERT INTO `movsRepoOtrasActiv` VALUES (10,10,0,0,0,'ct43 1/4 1/2',20.000,12);
INSERT INTO `movsRepoOtrasActiv` VALUES (15,18,0,0,0,'ctDAL 38X38',48.000,46);
INSERT INTO `movsRepoOtrasActiv` VALUES (525,176,0,0,0,'2-3 AsCBZ',41.000,88);
INSERT INTO `movsRepoOtrasActiv` VALUES (527,178,0,0,0,'2-3 AsCJE',12.000,87);
INSERT INTO `movsRepoOtrasActiv` VALUES (529,178,0,0,0,'2-3 AsCBZ',28.000,87);
INSERT INTO `movsRepoOtrasActiv` VALUES (534,180,0,0,0,'2-3 AsCJD',4.000,55);
INSERT INTO `movsRepoOtrasActiv` VALUES (535,180,0,0,0,'2-3 AsCBZ',38.000,54);
INSERT INTO `movsRepoOtrasActiv` VALUES (537,182,0,0,0,'2-3 AsCJD',12.000,87);
INSERT INTO `movsRepoOtrasActiv` VALUES (539,182,0,0,0,'2-3 AsCBZ',100.000,87);
INSERT INTO `movsRepoOtrasActiv` VALUES (545,189,0,0,0,'2-3 AsCBZ',55.000,90);
INSERT INTO `movsRepoOtrasActiv` VALUES (546,189,0,0,0,'1-2 Rabr',8.000,87);
INSERT INTO `movsRepoOtrasActiv` VALUES (553,193,0,0,0,'2-3 AsCBZ',63.000,93);
INSERT INTO `movsRepoOtrasActiv` VALUES (555,202,0,0,0,'10-2  SCAv',1.000,88);
INSERT INTO `movsRepoOtrasActiv` VALUES (556,202,0,0,0,'10-2  SCAv',1.000,74);
INSERT INTO `movsRepoOtrasActiv` VALUES (559,205,0,0,0,'2-3 AsCBZ',40.000,87);
INSERT INTO `movsRepoOtrasActiv` VALUES (560,205,0,0,0,'2-3 AsCBZ',40.000,90);
INSERT INTO `movsRepoOtrasActiv` VALUES (561,231,0,0,0,'2-3 AsCJE',2.000,87);
INSERT INTO `movsRepoOtrasActiv` VALUES (562,231,0,0,0,'2-3 AsCJE',2.000,90);
INSERT INTO `movsRepoOtrasActiv` VALUES (563,238,0,0,0,'2-3 AsCJE',31.000,87);
INSERT INTO `movsRepoOtrasActiv` VALUES (564,238,0,0,0,'2-3 AsCJE',31.000,90);
INSERT INTO `movsRepoOtrasActiv` VALUES (565,241,0,0,0,'2-3 AsCBZ',10.000,88);
INSERT INTO `movsRepoOtrasActiv` VALUES (566,241,0,0,0,'2-3 AsCBZ',10.000,74);
INSERT INTO `movsRepoOtrasActiv` VALUES (567,242,0,0,0,'2-3 AsCBZ',16.000,87);
INSERT INTO `movsRepoOtrasActiv` VALUES (568,242,0,0,0,'2-3 AsCBZ',16.000,90);
INSERT INTO `movsRepoOtrasActiv` VALUES (569,251,0,0,0,'2-3 AsCBZ',14.000,87);
INSERT INTO `movsRepoOtrasActiv` VALUES (570,251,0,0,0,'2-3 AsCBZ',14.000,90);
INSERT INTO `movsRepoOtrasActiv` VALUES (571,251,0,0,0,'2-3 AsCJD',14.000,87);
INSERT INTO `movsRepoOtrasActiv` VALUES (572,251,0,0,0,'2-3 AsCJD',14.000,90);
INSERT INTO `movsRepoOtrasActiv` VALUES (573,252,0,0,0,'2-3 AsCBZ',24.500,69);
INSERT INTO `movsRepoOtrasActiv` VALUES (574,252,0,0,0,'2-3 AsCBZ',24.500,79);
INSERT INTO `movsRepoOtrasActiv` VALUES (575,256,0,0,0,'2-3 AsCJE',5.500,87);
INSERT INTO `movsRepoOtrasActiv` VALUES (576,256,0,0,0,'2-3 AsCJE',5.500,90);
INSERT INTO `movsRepoOtrasActiv` VALUES (578,268,0,0,0,'2-3 AsCBZ',10.000,88);
INSERT INTO `movsRepoOtrasActiv` VALUES (579,268,0,0,0,'2-3 AsCBZ',10.000,74);
INSERT INTO `movsRepoOtrasActiv` VALUES (580,273,0,0,0,'2-3 AsCJD',18.500,87);
INSERT INTO `movsRepoOtrasActiv` VALUES (581,273,0,0,0,'2-3 AsCJD',18.500,90);
INSERT INTO `movsRepoOtrasActiv` VALUES (586,283,0,0,0,'1-2 Rabr',5.000,88);
INSERT INTO `movsRepoOtrasActiv` VALUES (587,286,0,0,0,'1-3 Rarr',1.000,54);
INSERT INTO `movsRepoOtrasActiv` VALUES (588,286,0,0,0,'1-3 Rarr',1.000,55);
INSERT INTO `movsRepoOtrasActiv` VALUES (589,287,0,0,0,'2-3 AsCJE',8.900,87);
INSERT INTO `movsRepoOtrasActiv` VALUES (590,287,0,0,0,'2-3 AsCJE',8.900,90);
INSERT INTO `movsRepoOtrasActiv` VALUES (591,287,0,0,0,'2-3 AsCJE',5.000,87);
INSERT INTO `movsRepoOtrasActiv` VALUES (592,287,0,0,0,'2-3 AsCJE',5.000,90);
INSERT INTO `movsRepoOtrasActiv` VALUES (593,288,0,0,0,'1-3 Rarr',2.000,54);
INSERT INTO `movsRepoOtrasActiv` VALUES (594,288,0,0,0,'1-3 Rarr',2.000,55);
INSERT INTO `movsRepoOtrasActiv` VALUES (595,289,0,0,0,'1-3 Rarr',1.000,69);
INSERT INTO `movsRepoOtrasActiv` VALUES (596,289,0,0,0,'1-3 Rarr',1.000,79);
INSERT INTO `movsRepoOtrasActiv` VALUES (597,290,0,0,0,'2-3 AsCBZ',11.000,88);
INSERT INTO `movsRepoOtrasActiv` VALUES (598,290,0,0,0,'2-3 AsCBZ',11.000,74);
INSERT INTO `movsRepoOtrasActiv` VALUES (599,290,0,0,0,'1-3 Rarr',1.300,88);
INSERT INTO `movsRepoOtrasActiv` VALUES (600,290,0,0,0,'1-3 Rarr',1.300,74);
INSERT INTO `movsRepoOtrasActiv` VALUES (601,291,0,0,0,'2-3 AsCJE',10.000,87);
INSERT INTO `movsRepoOtrasActiv` VALUES (602,291,0,0,0,'2-3 AsCJE',10.000,90);
INSERT INTO `movsRepoOtrasActiv` VALUES (603,291,0,0,0,'2-3 AsCJD',10.000,87);
INSERT INTO `movsRepoOtrasActiv` VALUES (604,291,0,0,0,'2-3 AsCJD',10.000,90);
INSERT INTO `movsRepoOtrasActiv` VALUES (605,294,0,0,0,'1-3 Rarr',1.000,54);
INSERT INTO `movsRepoOtrasActiv` VALUES (606,294,0,0,0,'1-3 Rarr',1.000,55);
INSERT INTO `movsRepoOtrasActiv` VALUES (607,303,0,0,0,'2-3 AsCBZ',21.000,87);
INSERT INTO `movsRepoOtrasActiv` VALUES (608,303,0,0,0,'2-3 AsCBZ',21.000,90);
INSERT INTO `movsRepoOtrasActiv` VALUES (609,306,0,0,0,'2-3 AsCBZ',10.000,54);
INSERT INTO `movsRepoOtrasActiv` VALUES (610,306,0,0,0,'2-3 AsCBZ',10.000,55);
INSERT INTO `movsRepoOtrasActiv` VALUES (611,306,0,0,0,'1-3 Rarr',2.000,54);
INSERT INTO `movsRepoOtrasActiv` VALUES (612,306,0,0,0,'1-3 Rarr',2.000,55);
INSERT INTO `movsRepoOtrasActiv` VALUES (613,311,0,0,0,'1-3 Rarr',2.000,54);
INSERT INTO `movsRepoOtrasActiv` VALUES (614,311,0,0,0,'1-3 Rarr',2.000,55);
INSERT INTO `movsRepoOtrasActiv` VALUES (615,312,0,0,0,'2-3 AsCJD',27.000,87);
INSERT INTO `movsRepoOtrasActiv` VALUES (616,312,0,0,0,'2-3 AsCJD',27.000,90);
INSERT INTO `movsRepoOtrasActiv` VALUES (617,314,0,0,0,'10-2  SCAv',1.000,88);
INSERT INTO `movsRepoOtrasActiv` VALUES (618,318,0,0,0,'2-3 AsCJE',10.000,87);
INSERT INTO `movsRepoOtrasActiv` VALUES (619,318,0,0,0,'2-3 AsCJE',10.000,90);
INSERT INTO `movsRepoOtrasActiv` VALUES (620,320,0,0,0,'2-3 AsCBZ',12.500,88);
INSERT INTO `movsRepoOtrasActiv` VALUES (621,320,0,0,0,'2-3 AsCBZ',12.500,74);
INSERT INTO `movsRepoOtrasActiv` VALUES (622,324,0,0,0,'10-2  SCAv',3.000,69);
INSERT INTO `movsRepoOtrasActiv` VALUES (623,324,0,0,0,'10-2  SCAv',3.000,79);
INSERT INTO `movsRepoOtrasActiv` VALUES (624,0,58,0,0,'ctMAI01',143.000,60);
INSERT INTO `movsRepoOtrasActiv` VALUES (625,0,58,0,0,'ctMAI01',168.000,76);
INSERT INTO `movsRepoOtrasActiv` VALUES (626,0,58,0,0,'ctMAI01',25.000,90);
INSERT INTO `movsRepoOtrasActiv` VALUES (627,0,58,0,0,'ctMAI01',53.000,87);
INSERT INTO `movsRepoOtrasActiv` VALUES (628,0,58,0,0,'ctMAI01',7.000,88);
INSERT INTO `movsRepoOtrasActiv` VALUES (629,0,59,0,0,'ctMAI01',113.000,60);
INSERT INTO `movsRepoOtrasActiv` VALUES (630,0,59,0,0,'ctMAI01',110.000,76);
INSERT INTO `movsRepoOtrasActiv` VALUES (631,0,59,0,0,'ct0174D',151.000,70);
INSERT INTO `movsRepoOtrasActiv` VALUES (632,0,60,0,0,'ct0174D',112.000,60);
INSERT INTO `movsRepoOtrasActiv` VALUES (633,0,60,0,0,'ctMAI01',35.000,60);
INSERT INTO `movsRepoOtrasActiv` VALUES (634,0,60,0,0,'ct0174D',105.000,76);
INSERT INTO `movsRepoOtrasActiv` VALUES (635,0,60,0,0,'ctMAI01',32.000,76);
INSERT INTO `movsRepoOtrasActiv` VALUES (636,0,60,0,0,'ct0174D',130.000,70);
INSERT INTO `movsRepoOtrasActiv` VALUES (637,0,62,0,0,'ctMAI01',66.000,60);
INSERT INTO `movsRepoOtrasActiv` VALUES (638,0,62,0,0,'ctMAI01',60.000,76);
INSERT INTO `movsRepoOtrasActiv` VALUES (639,0,62,0,0,'ctMAI01',17.000,70);
INSERT INTO `movsRepoOtrasActiv` VALUES (640,0,63,0,0,'ct0174D',105.000,60);
INSERT INTO `movsRepoOtrasActiv` VALUES (641,0,63,0,0,'ct0174D',100.000,76);
INSERT INTO `movsRepoOtrasActiv` VALUES (642,0,63,0,0,'ct0174D',98.000,70);
INSERT INTO `movsRepoOtrasActiv` VALUES (644,0,65,0,0,'ct0174D',110.000,60);
INSERT INTO `movsRepoOtrasActiv` VALUES (645,0,65,0,0,'ct0174D',112.000,76);
INSERT INTO `movsRepoOtrasActiv` VALUES (646,0,65,0,0,'ct0174D',85.000,70);
INSERT INTO `movsRepoOtrasActiv` VALUES (647,0,65,0,0,'ctCOR01',10.000,70);
INSERT INTO `movsRepoOtrasActiv` VALUES (648,0,65,0,0,'10-2  CAvA',1.000,76);
INSERT INTO `movsRepoOtrasActiv` VALUES (649,0,66,0,0,'ct0174D',85.000,60);
INSERT INTO `movsRepoOtrasActiv` VALUES (650,0,66,0,0,'ct0207D',13.000,60);
INSERT INTO `movsRepoOtrasActiv` VALUES (651,0,66,0,0,'ct0174D',83.000,76);
INSERT INTO `movsRepoOtrasActiv` VALUES (652,0,66,0,0,'ct0207D',13.000,76);
INSERT INTO `movsRepoOtrasActiv` VALUES (653,0,66,0,0,'ctCOR01',103.000,70);
INSERT INTO `movsRepoOtrasActiv` VALUES (654,0,66,0,0,'ctCOR01',22.000,99);
INSERT INTO `movsRepoOtrasActiv` VALUES (655,0,66,0,0,'ctCOR01',10.000,100);
INSERT INTO `movsRepoOtrasActiv` VALUES (656,0,66,0,0,'10-2  CAvC',0.300,70);
INSERT INTO `movsRepoOtrasActiv` VALUES (657,0,67,0,0,'ct0207D',93.000,60);
INSERT INTO `movsRepoOtrasActiv` VALUES (658,0,67,0,0,'ct0224D',47.000,60);
INSERT INTO `movsRepoOtrasActiv` VALUES (659,0,67,0,0,'ct0207D',94.000,76);
INSERT INTO `movsRepoOtrasActiv` VALUES (660,0,67,0,0,'ct0224D',50.000,76);
INSERT INTO `movsRepoOtrasActiv` VALUES (661,0,67,0,0,'ctCOR01',109.000,70);
INSERT INTO `movsRepoOtrasActiv` VALUES (662,0,67,0,0,'ctCOR01',33.000,99);
INSERT INTO `movsRepoOtrasActiv` VALUES (663,0,67,0,0,'ctCOR01',17.000,100);
INSERT INTO `movsRepoOtrasActiv` VALUES (664,0,67,0,0,'10-2  CAvC',3.300,70);
INSERT INTO `movsRepoOtrasActiv` VALUES (665,0,68,0,0,'ct0224D',96.000,60);
INSERT INTO `movsRepoOtrasActiv` VALUES (666,0,68,0,0,'ct0207D',51.000,60);
INSERT INTO `movsRepoOtrasActiv` VALUES (667,0,68,0,0,'ct0224D',108.000,76);
INSERT INTO `movsRepoOtrasActiv` VALUES (668,0,68,0,0,'ct0207D',51.000,76);
INSERT INTO `movsRepoOtrasActiv` VALUES (669,0,68,0,0,'ct0207D',56.000,61);
INSERT INTO `movsRepoOtrasActiv` VALUES (670,0,68,0,0,'ctCOR01',110.000,70);
INSERT INTO `movsRepoOtrasActiv` VALUES (671,0,68,0,0,'ctCOR01',30.000,99);
INSERT INTO `movsRepoOtrasActiv` VALUES (672,0,68,0,0,'ctCOR01',22.000,100);
INSERT INTO `movsRepoOtrasActiv` VALUES (673,0,68,0,0,'10-2  CAvA',1.000,70);
INSERT INTO `movsRepoOtrasActiv` VALUES (674,0,69,0,0,'ct0203D',87.000,99);
INSERT INTO `movsRepoOtrasActiv` VALUES (675,0,69,0,0,'ct0203D',81.000,76);
INSERT INTO `movsRepoOtrasActiv` VALUES (676,0,69,0,0,'ct0203D',37.000,61);
INSERT INTO `movsRepoOtrasActiv` VALUES (677,0,69,0,0,'ctCOR01',54.000,70);
INSERT INTO `movsRepoOtrasActiv` VALUES (678,0,69,0,0,'10-2  CAvC',1.000,70);
INSERT INTO `movsRepoOtrasActiv` VALUES (684,0,71,0,0,'ct0203D',50.000,61);
INSERT INTO `movsRepoOtrasActiv` VALUES (685,0,71,0,0,'ct0203D',38.000,87);
INSERT INTO `movsRepoOtrasActiv` VALUES (686,0,71,0,0,'ct0203D',107.000,83);
INSERT INTO `movsRepoOtrasActiv` VALUES (687,0,71,0,0,'ct0203D',114.000,70);
INSERT INTO `movsRepoOtrasActiv` VALUES (688,0,72,0,0,'ct0203D',28.000,60);
INSERT INTO `movsRepoOtrasActiv` VALUES (689,0,72,0,0,'ct0043D',96.000,60);
INSERT INTO `movsRepoOtrasActiv` VALUES (690,0,72,0,0,'ctCOR01',59.000,70);
INSERT INTO `movsRepoOtrasActiv` VALUES (691,0,72,0,0,'ct0043D',60.000,70);
INSERT INTO `movsRepoOtrasActiv` VALUES (692,0,73,0,0,'ct0043D',136.000,60);
INSERT INTO `movsRepoOtrasActiv` VALUES (693,0,73,0,0,'ct0043D',135.000,76);
INSERT INTO `movsRepoOtrasActiv` VALUES (694,0,73,0,0,'ct0043D',40.000,61);
INSERT INTO `movsRepoOtrasActiv` VALUES (695,0,73,0,0,'ct0207D',52.000,61);
INSERT INTO `movsRepoOtrasActiv` VALUES (696,0,73,0,0,'ct0207D',106.000,70);
INSERT INTO `movsRepoOtrasActiv` VALUES (697,0,73,0,0,'ctCOR01',11.000,70);
INSERT INTO `movsRepoOtrasActiv` VALUES (698,0,73,0,0,'ctCOR01',38.000,99);
INSERT INTO `movsRepoOtrasActiv` VALUES (699,0,73,0,0,'ct0043D',38.000,100);
INSERT INTO `movsRepoOtrasActiv` VALUES (700,0,74,0,0,'ct0043D',36.000,60);
INSERT INTO `movsRepoOtrasActiv` VALUES (701,0,74,0,0,'ct0141D',121.000,60);
INSERT INTO `movsRepoOtrasActiv` VALUES (702,0,74,0,0,'ct0043D',35.000,76);
INSERT INTO `movsRepoOtrasActiv` VALUES (703,0,74,0,0,'ct0141D',76.000,76);
INSERT INTO `movsRepoOtrasActiv` VALUES (704,0,74,0,0,'ct0139D',51.000,76);
INSERT INTO `movsRepoOtrasActiv` VALUES (705,0,74,0,0,'ct0139D',86.000,61);
INSERT INTO `movsRepoOtrasActiv` VALUES (706,0,74,0,0,'ct0139D',27.000,101);
INSERT INTO `movsRepoOtrasActiv` VALUES (707,0,74,0,0,'ct0139D',37.000,99);
INSERT INTO `movsRepoOtrasActiv` VALUES (709,0,74,0,0,'ctIEQ',2.000,99);
INSERT INTO `movsRepoOtrasActiv` VALUES (710,0,75,0,0,'ct0141D',118.000,60);
INSERT INTO `movsRepoOtrasActiv` VALUES (711,0,75,0,0,'ct 0085D',17.000,60);
INSERT INTO `movsRepoOtrasActiv` VALUES (713,0,75,0,0,'ct 0085D',114.000,61);
INSERT INTO `movsRepoOtrasActiv` VALUES (714,0,75,0,0,'ct0141D',122.000,76);
INSERT INTO `movsRepoOtrasActiv` VALUES (715,0,75,0,0,'ct 0085D',17.000,76);
INSERT INTO `movsRepoOtrasActiv` VALUES (716,0,75,0,0,'ct 0085D',42.000,99);
INSERT INTO `movsRepoOtrasActiv` VALUES (718,0,76,0,0,'ct 0085D',141.000,60);
INSERT INTO `movsRepoOtrasActiv` VALUES (719,0,76,0,0,'ct 0085D',135.000,76);
INSERT INTO `movsRepoOtrasActiv` VALUES (720,0,76,0,0,'ct 0085D',168.000,61);
INSERT INTO `movsRepoOtrasActiv` VALUES (721,0,76,0,0,'ct 0085D',41.000,100);
INSERT INTO `movsRepoOtrasActiv` VALUES (722,0,76,0,0,'ct0141D',25.000,76);
INSERT INTO `movsRepoOtrasActiv` VALUES (730,0,79,0,0,'ctCOR01',42.000,60);
INSERT INTO `movsRepoOtrasActiv` VALUES (731,0,79,0,0,'ct 0085D',105.000,76);
INSERT INTO `movsRepoOtrasActiv` VALUES (732,0,79,0,0,'ct 0085D',71.000,61);
INSERT INTO `movsRepoOtrasActiv` VALUES (733,0,81,0,0,'ctCOR01',100.000,76);
INSERT INTO `movsRepoOtrasActiv` VALUES (734,0,81,0,0,'ctCOR01',37.000,82);
INSERT INTO `movsRepoOtrasActiv` VALUES (740,0,81,0,0,'ctCOR01',37.000,81);
INSERT INTO `movsRepoOtrasActiv` VALUES (741,0,81,0,0,'ct 0085D',93.000,61);
INSERT INTO `movsRepoOtrasActiv` VALUES (742,0,81,0,0,'ct0043D',154.000,70);
INSERT INTO `movsRepoOtrasActiv` VALUES (743,0,81,0,0,'ct0043D',148.000,83);
INSERT INTO `movsRepoOtrasActiv` VALUES (744,0,82,0,0,'ct0043D',101.000,60);
INSERT INTO `movsRepoOtrasActiv` VALUES (746,0,82,0,0,'ct0043D',86.000,70);
INSERT INTO `movsRepoOtrasActiv` VALUES (747,0,82,0,0,'ctCOR01',71.000,76);
INSERT INTO `movsRepoOtrasActiv` VALUES (748,0,82,0,0,'ctCOR01',60.000,82);
INSERT INTO `movsRepoOtrasActiv` VALUES (749,0,82,0,0,'ctCOR01',68.000,81);
INSERT INTO `movsRepoOtrasActiv` VALUES (750,0,82,0,0,'ct0207D',5.000,61);
INSERT INTO `movsRepoOtrasActiv` VALUES (751,0,83,0,0,'ct0043D',170.000,60);
INSERT INTO `movsRepoOtrasActiv` VALUES (752,0,83,0,0,'ct0043D',132.000,70);
INSERT INTO `movsRepoOtrasActiv` VALUES (753,0,83,0,0,'ctCOR01',109.000,76);
INSERT INTO `movsRepoOtrasActiv` VALUES (754,0,83,0,0,'ctCOR01',54.000,82);
INSERT INTO `movsRepoOtrasActiv` VALUES (755,0,83,0,0,'ctCOR01',64.000,81);
INSERT INTO `movsRepoOtrasActiv` VALUES (756,0,83,0,0,'ct0207D',122.000,61);
INSERT INTO `movsRepoOtrasActiv` VALUES (761,0,85,0,0,'ct0043D',32.000,60);
INSERT INTO `movsRepoOtrasActiv` VALUES (762,0,85,0,0,'ct0141D',118.000,60);
INSERT INTO `movsRepoOtrasActiv` VALUES (763,0,85,0,0,'ct0043D',26.000,70);
INSERT INTO `movsRepoOtrasActiv` VALUES (764,0,85,0,0,'ct0141D',104.000,70);
INSERT INTO `movsRepoOtrasActiv` VALUES (765,0,85,0,0,'ctCOR01',43.000,76);
INSERT INTO `movsRepoOtrasActiv` VALUES (766,0,85,0,0,'ct0141D',91.000,76);
INSERT INTO `movsRepoOtrasActiv` VALUES (771,0,86,0,0,'ctCOR01',70.000,82);
INSERT INTO `movsRepoOtrasActiv` VALUES (772,0,86,0,0,'ctCOR01',61.000,81);
INSERT INTO `movsRepoOtrasActiv` VALUES (774,0,86,0,0,'ctIEQ',20.000,81);
INSERT INTO `movsRepoOtrasActiv` VALUES (775,0,87,0,0,'ct0141D',145.000,60);
INSERT INTO `movsRepoOtrasActiv` VALUES (776,0,87,0,0,'ct0141D',142.000,76);
INSERT INTO `movsRepoOtrasActiv` VALUES (777,0,87,0,0,'ct0141D',105.000,70);
INSERT INTO `movsRepoOtrasActiv` VALUES (778,0,88,0,0,'ctCOR01',86.000,81);
INSERT INTO `movsRepoOtrasActiv` VALUES (779,0,88,0,0,'ctCOR01',77.000,82);
INSERT INTO `movsRepoOtrasActiv` VALUES (780,0,88,0,0,'ctCOR01',36.000,61);
INSERT INTO `movsRepoOtrasActiv` VALUES (782,0,88,0,0,'ct0207D',36.000,61);
INSERT INTO `movsRepoOtrasActiv` VALUES (783,0,89,0,0,'ct0141D',80.000,60);
INSERT INTO `movsRepoOtrasActiv` VALUES (784,0,89,0,0,'ct0224D',28.000,60);
INSERT INTO `movsRepoOtrasActiv` VALUES (785,0,89,0,0,'ct0141D',76.000,76);
INSERT INTO `movsRepoOtrasActiv` VALUES (786,0,89,0,0,'ct0224D',31.000,76);
INSERT INTO `movsRepoOtrasActiv` VALUES (787,0,89,0,0,'ct0141D',67.000,70);
INSERT INTO `movsRepoOtrasActiv` VALUES (788,0,89,0,0,'ct0224D',23.000,70);
INSERT INTO `movsRepoOtrasActiv` VALUES (789,0,90,0,0,'ct0224D',6.000,60);
INSERT INTO `movsRepoOtrasActiv` VALUES (790,0,90,0,0,'ctMAI01',67.000,60);
INSERT INTO `movsRepoOtrasActiv` VALUES (791,0,90,0,0,'ct0224D',4.000,76);
INSERT INTO `movsRepoOtrasActiv` VALUES (792,0,90,0,0,'ctMAI01',94.000,76);
INSERT INTO `movsRepoOtrasActiv` VALUES (793,0,91,0,0,'ctMAI01',11.000,61);
INSERT INTO `movsRepoOtrasActiv` VALUES (794,0,91,0,0,'ct0203D',31.000,61);
INSERT INTO `movsRepoOtrasActiv` VALUES (795,0,91,0,0,'ctMAI01',96.000,81);
INSERT INTO `movsRepoOtrasActiv` VALUES (796,0,91,0,0,'ctMAI01',96.000,82);
INSERT INTO `movsRepoOtrasActiv` VALUES (797,0,91,0,0,'ctMAI01',68.000,83);
INSERT INTO `movsRepoOtrasActiv` VALUES (798,0,92,0,0,'ct0139D',21.000,61);
INSERT INTO `movsRepoOtrasActiv` VALUES (799,0,92,0,0,'ct0203D',3.000,61);
INSERT INTO `movsRepoOtrasActiv` VALUES (800,0,92,0,0,'ct0139D',17.000,82);
INSERT INTO `movsRepoOtrasActiv` VALUES (801,0,92,0,0,'ctCOR01',28.000,82);
INSERT INTO `movsRepoOtrasActiv` VALUES (802,0,92,0,0,'ct0203D',32.000,81);
INSERT INTO `movsRepoOtrasActiv` VALUES (803,0,92,0,0,'ctCOR01',41.000,81);
INSERT INTO `movsRepoOtrasActiv` VALUES (804,0,93,0,0,'ct0139D',85.000,61);
INSERT INTO `movsRepoOtrasActiv` VALUES (805,0,93,0,0,'ct0139D',61.000,82);
INSERT INTO `movsRepoOtrasActiv` VALUES (806,0,93,0,0,'ctIEQ',66.000,81);
INSERT INTO `movsRepoOtrasActiv` VALUES (807,0,94,0,0,'ct0043D',74.000,60);
INSERT INTO `movsRepoOtrasActiv` VALUES (808,0,94,0,0,'ct0224D',23.000,60);
INSERT INTO `movsRepoOtrasActiv` VALUES (809,0,94,0,0,'ct0141D',27.000,60);
INSERT INTO `movsRepoOtrasActiv` VALUES (810,0,94,0,0,'ct0043D',75.000,76);
INSERT INTO `movsRepoOtrasActiv` VALUES (811,0,94,0,0,'ct0224D',20.000,76);
INSERT INTO `movsRepoOtrasActiv` VALUES (812,0,94,0,0,'ct0141D',26.000,76);
INSERT INTO `movsRepoOtrasActiv` VALUES (813,0,94,0,0,'ct0043D',68.000,70);
INSERT INTO `movsRepoOtrasActiv` VALUES (814,0,94,0,0,'ct0224D',28.000,70);
INSERT INTO `movsRepoOtrasActiv` VALUES (815,0,94,0,0,'ct0141D',22.000,70);
INSERT INTO `movsRepoOtrasActiv` VALUES (816,0,95,0,0,'ct0043D',144.000,60);
INSERT INTO `movsRepoOtrasActiv` VALUES (817,0,95,0,0,'ct0043D',131.000,76);
INSERT INTO `movsRepoOtrasActiv` VALUES (818,0,95,0,0,'ct0043D',124.000,70);
INSERT INTO `movsRepoOtrasActiv` VALUES (824,0,97,0,0,'ctIEQ',100.000,82);
INSERT INTO `movsRepoOtrasActiv` VALUES (825,0,97,0,0,'ctIEQ',100.000,81);
INSERT INTO `movsRepoOtrasActiv` VALUES (826,0,97,0,0,'ct0139D',71.000,61);
INSERT INTO `movsRepoOtrasActiv` VALUES (827,0,97,0,0,'ct0043D',9.000,61);
INSERT INTO `movsRepoOtrasActiv` VALUES (828,0,97,0,0,'10-2  CAvC',2.300,81);
INSERT INTO `movsRepoOtrasActiv` VALUES (829,0,97,0,0,'10-2  CAvC',2.300,82);
INSERT INTO `movsRepoOtrasActiv` VALUES (830,0,97,0,0,'10-2  CAvA',3.000,61);
INSERT INTO `movsRepoOtrasActiv` VALUES (831,0,98,0,0,'ct0043D',82.000,60);
INSERT INTO `movsRepoOtrasActiv` VALUES (832,0,98,0,0,'ct0043D',82.000,76);
INSERT INTO `movsRepoOtrasActiv` VALUES (833,0,98,0,0,'ct0043D',73.000,70);
INSERT INTO `movsRepoOtrasActiv` VALUES (834,0,98,0,0,'10-2  CAvE',1.300,81);
INSERT INTO `movsRepoOtrasActiv` VALUES (835,0,98,0,0,'10-2  CAvE',1.300,82);
INSERT INTO `movsRepoOtrasActiv` VALUES (836,0,99,0,0,'ctIEQ',80.000,82);
INSERT INTO `movsRepoOtrasActiv` VALUES (837,0,99,0,0,'ctIEQ',84.000,81);
INSERT INTO `movsRepoOtrasActiv` VALUES (839,0,100,0,0,'ct0043D',111.000,60);
INSERT INTO `movsRepoOtrasActiv` VALUES (840,0,100,0,0,'ct0043D',101.000,76);
INSERT INTO `movsRepoOtrasActiv` VALUES (841,0,100,0,0,'ct0043D',94.000,70);
INSERT INTO `movsRepoOtrasActiv` VALUES (842,0,101,0,0,'ctIEQ',80.000,82);
INSERT INTO `movsRepoOtrasActiv` VALUES (843,0,101,0,0,'ctIEQ',34.000,81);
INSERT INTO `movsRepoOtrasActiv` VALUES (844,0,101,0,0,'ctIEQ',54.000,61);
INSERT INTO `movsRepoOtrasActiv` VALUES (846,0,101,0,0,'ctIEQ',28.000,83);
INSERT INTO `movsRepoOtrasActiv` VALUES (847,0,102,0,0,'ct0043D',38.000,60);
INSERT INTO `movsRepoOtrasActiv` VALUES (848,0,102,0,0,'ct0043D',33.000,76);
INSERT INTO `movsRepoOtrasActiv` VALUES (849,0,102,0,0,'ct0043D',33.000,70);
INSERT INTO `movsRepoOtrasActiv` VALUES (850,0,103,0,0,'ctIEQ',1.000,82);
INSERT INTO `movsRepoOtrasActiv` VALUES (851,0,103,0,0,'ctIEQ',8.000,81);
INSERT INTO `movsRepoOtrasActiv` VALUES (852,0,103,0,0,'ctIEQ',18.000,61);
INSERT INTO `movsRepoOtrasActiv` VALUES (853,0,104,0,0,'ct0043D',93.000,60);
INSERT INTO `movsRepoOtrasActiv` VALUES (854,0,104,0,0,'ct 0085D',45.000,60);
INSERT INTO `movsRepoOtrasActiv` VALUES (855,0,104,0,0,'ct0043D',88.000,76);
INSERT INTO `movsRepoOtrasActiv` VALUES (856,0,104,0,0,'ct 0085D',43.000,76);
INSERT INTO `movsRepoOtrasActiv` VALUES (857,0,105,0,0,'ctIEQ',67.000,82);
INSERT INTO `movsRepoOtrasActiv` VALUES (858,0,105,0,0,'ctIEQ',54.000,81);
INSERT INTO `movsRepoOtrasActiv` VALUES (859,0,106,0,0,'ctIEQ',36.000,81);
INSERT INTO `movsRepoOtrasActiv` VALUES (860,0,106,0,0,'ctCOR01',28.000,81);
INSERT INTO `movsRepoOtrasActiv` VALUES (861,0,106,0,0,'ctIEQ',90.000,82);
INSERT INTO `movsRepoOtrasActiv` VALUES (862,0,106,0,0,'ctCOR01',68.000,61);
INSERT INTO `movsRepoOtrasActiv` VALUES (863,0,107,0,0,'ct 0085D',160.000,60);
INSERT INTO `movsRepoOtrasActiv` VALUES (864,0,107,0,0,'ct 0085D',161.000,76);
INSERT INTO `movsRepoOtrasActiv` VALUES (865,0,107,0,0,'ct 0085D',40.000,70);
INSERT INTO `movsRepoOtrasActiv` VALUES (866,0,108,0,0,'ctIEQ',90.000,82);
INSERT INTO `movsRepoOtrasActiv` VALUES (867,0,108,0,0,'ctCOR01',90.000,61);
INSERT INTO `movsRepoOtrasActiv` VALUES (868,0,108,0,0,'ctCOR01',44.000,81);
INSERT INTO `movsRepoOtrasActiv` VALUES (870,0,109,0,0,'ct0043D',61.000,60);
INSERT INTO `movsRepoOtrasActiv` VALUES (871,0,109,0,0,'ct 0085D',45.000,76);
INSERT INTO `movsRepoOtrasActiv` VALUES (872,0,109,0,0,'ct0043D',96.000,76);
INSERT INTO `movsRepoOtrasActiv` VALUES (873,0,109,0,0,'ct 0085D',47.000,70);
INSERT INTO `movsRepoOtrasActiv` VALUES (876,0,110,0,0,'ct0043D',9.000,60);
INSERT INTO `movsRepoOtrasActiv` VALUES (877,0,110,0,0,'ct 0085D',41.000,60);
INSERT INTO `movsRepoOtrasActiv` VALUES (878,0,110,0,0,'ctIEQ',53.000,60);
INSERT INTO `movsRepoOtrasActiv` VALUES (879,0,110,0,0,'ct0043D',8.000,76);
INSERT INTO `movsRepoOtrasActiv` VALUES (880,0,110,0,0,'ct 0085D',41.000,76);
INSERT INTO `movsRepoOtrasActiv` VALUES (881,0,110,0,0,'ctIEQ',50.000,76);
INSERT INTO `movsRepoOtrasActiv` VALUES (882,0,110,0,0,'ct0043D',8.000,70);
INSERT INTO `movsRepoOtrasActiv` VALUES (883,0,110,0,0,'ct 0085D',37.000,70);
INSERT INTO `movsRepoOtrasActiv` VALUES (884,0,110,0,0,'ctIEQ',44.000,70);
INSERT INTO `movsRepoOtrasActiv` VALUES (885,0,111,0,0,'ctCOR01',29.000,61);
INSERT INTO `movsRepoOtrasActiv` VALUES (886,0,111,0,0,'ctIEQ',50.000,82);
INSERT INTO `movsRepoOtrasActiv` VALUES (887,0,111,0,0,'ctCOR01',37.000,83);
INSERT INTO `movsRepoOtrasActiv` VALUES (888,0,111,0,0,'ctCOR01',28.000,81);
INSERT INTO `movsRepoOtrasActiv` VALUES (892,0,111,0,0,'10-2  CAvC',6.000,81);
INSERT INTO `movsRepoOtrasActiv` VALUES (893,0,111,0,0,'10-2  CAvC',6.000,82);
INSERT INTO `movsRepoOtrasActiv` VALUES (894,0,112,0,0,'ctIEQ',92.000,60);
INSERT INTO `movsRepoOtrasActiv` VALUES (895,0,112,0,0,'ctIEQ',90.000,76);
INSERT INTO `movsRepoOtrasActiv` VALUES (896,0,112,0,0,'ctIEQ',66.000,70);
INSERT INTO `movsRepoOtrasActiv` VALUES (897,0,113,0,0,'ctCOR01',73.000,83);
INSERT INTO `movsRepoOtrasActiv` VALUES (898,0,113,0,0,'ctIEQ',3.000,83);
INSERT INTO `movsRepoOtrasActiv` VALUES (899,0,113,0,0,'ctCOR01',70.000,81);
INSERT INTO `movsRepoOtrasActiv` VALUES (900,0,113,0,0,'10-2  CAvC',8.000,82);
INSERT INTO `movsRepoOtrasActiv` VALUES (902,0,113,0,0,'10-2  CAvC',8.000,61);
INSERT INTO `movsRepoOtrasActiv` VALUES (903,0,114,0,0,'ctIEQ',33.000,60);
INSERT INTO `movsRepoOtrasActiv` VALUES (904,0,114,0,0,'ctIEQ',29.000,76);
INSERT INTO `movsRepoOtrasActiv` VALUES (905,0,115,0,0,'ctIEQ',54.000,82);
INSERT INTO `movsRepoOtrasActiv` VALUES (906,0,115,0,0,'ctCOR01',49.000,81);
INSERT INTO `movsRepoOtrasActiv` VALUES (908,0,115,0,0,'10-2  CAvC',3.000,82);
INSERT INTO `movsRepoOtrasActiv` VALUES (909,0,115,0,0,'10-2  CAvC',3.000,81);
INSERT INTO `movsRepoOtrasActiv` VALUES (910,0,115,0,0,'10-2  CAvC',6.000,83);
INSERT INTO `movsRepoOtrasActiv` VALUES (912,0,115,0,0,'10-2  CAvC',4.000,61);
INSERT INTO `movsRepoOtrasActiv` VALUES (913,0,115,0,0,'9-1 PEmbA',1.000,81);
INSERT INTO `movsRepoOtrasActiv` VALUES (914,0,115,0,0,'9-1 PEmbA',1.000,82);
INSERT INTO `movsRepoOtrasActiv` VALUES (915,0,116,0,0,'10-2  CAvC',5.000,82);
INSERT INTO `movsRepoOtrasActiv` VALUES (916,0,116,0,0,'10-2  CAvC',3.000,61);
INSERT INTO `movsRepoOtrasActiv` VALUES (918,0,116,0,0,'10-2  CAvE',5.000,81);
INSERT INTO `movsRepoOtrasActiv` VALUES (919,0,116,0,0,'10-2  CAvP',4.000,61);
INSERT INTO `movsRepoOtrasActiv` VALUES (920,0,117,0,0,'ctIEQ',49.000,60);
INSERT INTO `movsRepoOtrasActiv` VALUES (921,0,117,0,0,'ct0043D',85.000,60);
INSERT INTO `movsRepoOtrasActiv` VALUES (922,0,117,0,0,'ct0043D',60.000,61);
INSERT INTO `movsRepoOtrasActiv` VALUES (923,0,117,0,0,'ct0043D',58.000,83);
INSERT INTO `movsRepoOtrasActiv` VALUES (924,0,118,0,0,'ct0043D',122.000,60);
INSERT INTO `movsRepoOtrasActiv` VALUES (925,0,118,0,0,'ct0043D',118.000,76);
INSERT INTO `movsRepoOtrasActiv` VALUES (926,0,118,0,0,'ct0043D',113.000,70);
INSERT INTO `movsRepoOtrasActiv` VALUES (927,0,119,0,0,'ctCOR01',55.000,81);
INSERT INTO `movsRepoOtrasActiv` VALUES (928,0,119,0,0,'ctCOR01',55.000,61);
INSERT INTO `movsRepoOtrasActiv` VALUES (930,0,119,0,0,'10-2  CAvC',9.000,83);
INSERT INTO `movsRepoOtrasActiv` VALUES (931,0,119,0,0,'10-2  CAvC',1.000,83);
INSERT INTO `movsRepoOtrasActiv` VALUES (932,0,120,0,0,'ctCOR01',24.000,61);
INSERT INTO `movsRepoOtrasActiv` VALUES (933,0,120,0,0,'ctIEQ',74.000,81);
INSERT INTO `movsRepoOtrasActiv` VALUES (934,0,120,0,0,'ctIEQ',72.000,82);
INSERT INTO `movsRepoOtrasActiv` VALUES (935,332,0,0,0,'2-3 AsCBZ',15.000,87);
INSERT INTO `movsRepoOtrasActiv` VALUES (936,332,0,0,0,'2-3 AsCBZ',15.000,90);
INSERT INTO `movsRepoOtrasActiv` VALUES (937,333,0,0,0,'2-3 AsCBZ',25.000,79);
INSERT INTO `movsRepoOtrasActiv` VALUES (943,338,0,0,0,'2-3 AsCBZ',7.000,87);
INSERT INTO `movsRepoOtrasActiv` VALUES (944,338,0,0,0,'2-3 AsCBZ',7.000,90);
INSERT INTO `movsRepoOtrasActiv` VALUES (945,339,0,0,0,'10-2  SCBC',3.000,79);
INSERT INTO `movsRepoOtrasActiv` VALUES (946,340,0,0,0,'2-3 AsCBZ',6.500,88);
INSERT INTO `movsRepoOtrasActiv` VALUES (947,340,0,0,0,'2-3 AsCBZ',6.500,74);
INSERT INTO `movsRepoOtrasActiv` VALUES (948,0,124,0,0,'ctIEQ',70.000,81);
INSERT INTO `movsRepoOtrasActiv` VALUES (949,0,124,0,0,'ctCOR01',18.000,61);
INSERT INTO `movsRepoOtrasActiv` VALUES (950,0,124,0,0,'ctIEQ',62.000,82);
INSERT INTO `movsRepoOtrasActiv` VALUES (951,0,124,0,0,'ctIEQ',69.000,83);
INSERT INTO `movsRepoOtrasActiv` VALUES (952,0,124,0,0,'10-2  CAvC',2.000,81);
INSERT INTO `movsRepoOtrasActiv` VALUES (953,0,124,0,0,'10-2  CAvC',2.000,82);
INSERT INTO `movsRepoOtrasActiv` VALUES (954,0,125,0,0,'ct0207D',76.000,60);
INSERT INTO `movsRepoOtrasActiv` VALUES (956,0,125,0,0,'ct0207D',78.000,61);
INSERT INTO `movsRepoOtrasActiv` VALUES (957,0,125,0,0,'ct0207D',67.000,70);
INSERT INTO `movsRepoOtrasActiv` VALUES (958,0,126,0,0,'ctIEQ',100.000,81);
INSERT INTO `movsRepoOtrasActiv` VALUES (959,0,126,0,0,'ctIEQ',73.000,82);
INSERT INTO `movsRepoOtrasActiv` VALUES (960,0,126,0,0,'ctIEQ',96.000,83);
INSERT INTO `movsRepoOtrasActiv` VALUES (961,0,127,0,0,'ct0207D',98.000,60);
INSERT INTO `movsRepoOtrasActiv` VALUES (962,0,127,0,0,'ct0207D',88.000,76);
INSERT INTO `movsRepoOtrasActiv` VALUES (963,0,127,0,0,'ct0207D',85.000,70);
INSERT INTO `movsRepoOtrasActiv` VALUES (964,0,127,0,0,'10-2  CAvC',1.000,60);
INSERT INTO `movsRepoOtrasActiv` VALUES (965,0,127,0,0,'10-2  CAvC',1.000,76);
INSERT INTO `movsRepoOtrasActiv` VALUES (966,0,127,0,0,'10-2  CAvC',1.000,70);
INSERT INTO `movsRepoOtrasActiv` VALUES (967,342,0,0,0,'10-2  SCAv',1.000,87);
INSERT INTO `movsRepoOtrasActiv` VALUES (968,342,0,0,0,'10-2  SCAv',1.000,90);
INSERT INTO `movsRepoOtrasActiv` VALUES (969,344,0,0,0,'10-2  CAvC',3.000,79);
INSERT INTO `movsRepoOtrasActiv` VALUES (974,344,0,0,0,'10-2  SCAv',3.000,56);
INSERT INTO `movsRepoOtrasActiv` VALUES (975,0,128,0,0,'ct0207D',30.000,60);
INSERT INTO `movsRepoOtrasActiv` VALUES (976,0,128,0,0,'ct0207D',27.000,76);
INSERT INTO `movsRepoOtrasActiv` VALUES (977,0,128,0,0,'ct0207D',27.000,70);
INSERT INTO `movsRepoOtrasActiv` VALUES (978,348,0,0,0,'2-3 AsCJE',15.000,87);
INSERT INTO `movsRepoOtrasActiv` VALUES (979,348,0,0,0,'2-3 AsCJE',15.000,90);
INSERT INTO `movsRepoOtrasActiv` VALUES (980,349,0,0,0,'2-3 AsCBZ',7.500,88);
INSERT INTO `movsRepoOtrasActiv` VALUES (981,349,0,0,0,'2-3 AsCBZ',7.500,74);
INSERT INTO `movsRepoOtrasActiv` VALUES (982,349,0,0,0,'1-2 Rabr',5.000,74);
INSERT INTO `movsRepoOtrasActiv` VALUES (983,351,0,0,0,'2-3 AsCBZ',5.000,54);
INSERT INTO `movsRepoOtrasActiv` VALUES (984,351,0,0,0,'2-3 AsCBZ',5.000,55);
INSERT INTO `movsRepoOtrasActiv` VALUES (986,0,129,0,0,'10-2  CAvC',5.000,82);
INSERT INTO `movsRepoOtrasActiv` VALUES (987,0,129,0,0,'10-2  CAvC',5.000,81);
INSERT INTO `movsRepoOtrasActiv` VALUES (988,0,129,0,0,'10-2  CAvC',5.000,83);
INSERT INTO `movsRepoOtrasActiv` VALUES (989,0,130,0,0,'ctCOR01',33.000,82);
INSERT INTO `movsRepoOtrasActiv` VALUES (990,0,130,0,0,'ctCOR01',40.000,81);
INSERT INTO `movsRepoOtrasActiv` VALUES (991,0,130,0,0,'ctCOR01',40.000,83);
INSERT INTO `movsRepoOtrasActiv` VALUES (992,0,130,0,0,'ctIEQ',19.000,82);
INSERT INTO `movsRepoOtrasActiv` VALUES (993,0,130,0,0,'ctIEQ',27.000,81);
INSERT INTO `movsRepoOtrasActiv` VALUES (994,0,130,0,0,'ctIEQ',28.000,83);
INSERT INTO `movsRepoOtrasActiv` VALUES (998,0,131,0,0,'10-2  CAvC',1.000,60);
INSERT INTO `movsRepoOtrasActiv` VALUES (999,0,131,0,0,'10-2  CAvC',1.000,76);
INSERT INTO `movsRepoOtrasActiv` VALUES (1000,0,131,0,0,'10-2  CAvC',1.000,70);
INSERT INTO `movsRepoOtrasActiv` VALUES (1001,352,0,0,0,'2-3 AsCJD',10.500,87);
INSERT INTO `movsRepoOtrasActiv` VALUES (1002,352,0,0,0,'2-3 AsCJD',10.500,90);
INSERT INTO `movsRepoOtrasActiv` VALUES (1003,352,0,0,0,'2-3 AsCBZ',25.500,87);
INSERT INTO `movsRepoOtrasActiv` VALUES (1004,352,0,0,0,'2-3 AsCBZ',25.500,90);
INSERT INTO `movsRepoOtrasActiv` VALUES (1005,352,0,0,0,'2-3 AsCJE',2.000,87);
INSERT INTO `movsRepoOtrasActiv` VALUES (1006,352,0,0,0,'2-3 AsCJE',2.000,90);
INSERT INTO `movsRepoOtrasActiv` VALUES (1008,0,132,0,0,'ct0207D',9.000,60);
INSERT INTO `movsRepoOtrasActiv` VALUES (1010,0,132,0,0,'ct0207D',8.000,76);
INSERT INTO `movsRepoOtrasActiv` VALUES (1012,0,132,0,0,'ct0207D',8.000,70);
INSERT INTO `movsRepoOtrasActiv` VALUES (1014,356,0,0,0,'1-3 Rarr',2.000,90);
INSERT INTO `movsRepoOtrasActiv` VALUES (1015,356,0,0,0,'10-2  SCNP',7.000,90);
INSERT INTO `movsRepoOtrasActiv` VALUES (1018,359,0,0,0,'10-2  SCAv',2.000,54);
INSERT INTO `movsRepoOtrasActiv` VALUES (1019,359,0,0,0,'10-2  SCAv',2.000,55);
INSERT INTO `movsRepoOtrasActiv` VALUES (1020,0,133,0,0,'ctCOR01',13.000,81);
INSERT INTO `movsRepoOtrasActiv` VALUES (1021,0,133,0,0,'ctCOR01',14.000,82);
INSERT INTO `movsRepoOtrasActiv` VALUES (1022,0,133,0,0,'ctCOR01',17.000,83);
INSERT INTO `movsRepoOtrasActiv` VALUES (1023,0,133,0,0,'ctMAI01',10.000,81);
INSERT INTO `movsRepoOtrasActiv` VALUES (1024,0,133,0,0,'ctMAI01',8.000,82);
INSERT INTO `movsRepoOtrasActiv` VALUES (1025,0,133,0,0,'ctMAI01',9.000,83);
INSERT INTO `movsRepoOtrasActiv` VALUES (1026,0,134,0,0,'ctMAI01',104.000,81);
INSERT INTO `movsRepoOtrasActiv` VALUES (1027,0,134,0,0,'ctMAI01',100.000,82);
INSERT INTO `movsRepoOtrasActiv` VALUES (1028,0,134,0,0,'ctMAI01',117.000,83);
INSERT INTO `movsRepoOtrasActiv` VALUES (1029,0,135,0,0,'ct0207D',66.000,60);
INSERT INTO `movsRepoOtrasActiv` VALUES (1031,0,135,0,0,'10-2  CAvC',2.000,60);
INSERT INTO `movsRepoOtrasActiv` VALUES (1032,0,135,0,0,'10-2  CAvC',9.000,76);
INSERT INTO `movsRepoOtrasActiv` VALUES (1033,0,135,0,0,'10-2  CAvC',9.000,70);
INSERT INTO `movsRepoOtrasActiv` VALUES (1034,361,0,0,0,'10-2  SCAv',1.000,88);
INSERT INTO `movsRepoOtrasActiv` VALUES (1035,361,0,0,0,'10-2  SCAv',1.000,74);
INSERT INTO `movsRepoOtrasActiv` VALUES (1036,362,0,0,0,'2-3 AsCJD',5.000,72);
INSERT INTO `movsRepoOtrasActiv` VALUES (1037,362,0,0,0,'2-3 AsCJD',5.000,79);
INSERT INTO `movsRepoOtrasActiv` VALUES (1041,0,137,0,0,'10-2  CAvA',9.000,76);
INSERT INTO `movsRepoOtrasActiv` VALUES (1042,0,137,0,0,'10-2  CAvA',6.000,70);
INSERT INTO `movsRepoOtrasActiv` VALUES (1044,0,138,0,0,'ctMAI01',103.000,81);
INSERT INTO `movsRepoOtrasActiv` VALUES (1045,0,138,0,0,'ctMAI01',92.000,82);
INSERT INTO `movsRepoOtrasActiv` VALUES (1046,0,138,0,0,'ctMAI01',113.000,83);
INSERT INTO `movsRepoOtrasActiv` VALUES (1048,0,138,0,0,'10-2  CAvA',1.000,83);
INSERT INTO `movsRepoOtrasActiv` VALUES (1050,0,139,0,0,'ctIEQ',64.000,60);
INSERT INTO `movsRepoOtrasActiv` VALUES (1054,0,139,0,0,'ctIEQ',45.000,70);
INSERT INTO `movsRepoOtrasActiv` VALUES (1055,0,139,0,0,'10-2  CAvP',1.000,60);
INSERT INTO `movsRepoOtrasActiv` VALUES (1056,0,139,0,0,'10-2  SCAv',1.000,76);
INSERT INTO `movsRepoOtrasActiv` VALUES (1057,0,139,0,0,'10-2  CAvP',1.000,70);
INSERT INTO `movsRepoOtrasActiv` VALUES (1058,0,139,0,0,'10-2  CAvA',4.000,76);
INSERT INTO `movsRepoOtrasActiv` VALUES (1059,0,140,0,0,'ctMAI01',18.000,82);
INSERT INTO `movsRepoOtrasActiv` VALUES (1060,0,140,0,0,'ctMAI01',20.000,81);
INSERT INTO `movsRepoOtrasActiv` VALUES (1062,0,140,0,0,'10-2  CAvA',4.000,83);
INSERT INTO `movsRepoOtrasActiv` VALUES (1066,372,0,0,0,'2-3 AsCBZ',12.000,88);
INSERT INTO `movsRepoOtrasActiv` VALUES (1067,372,0,0,0,'2-3 AsCBZ',12.000,74);
INSERT INTO `movsRepoOtrasActiv` VALUES (1068,0,143,0,0,'ctMAI01',37.000,81);
INSERT INTO `movsRepoOtrasActiv` VALUES (1069,0,143,0,0,'ctIEQ',17.000,81);
INSERT INTO `movsRepoOtrasActiv` VALUES (1070,0,143,0,0,'ctMAI01',29.000,82);
INSERT INTO `movsRepoOtrasActiv` VALUES (1071,0,143,0,0,'ctIEQ',13.000,81);
INSERT INTO `movsRepoOtrasActiv` VALUES (1072,0,143,0,0,'ctMAI01',38.000,83);
INSERT INTO `movsRepoOtrasActiv` VALUES (1073,0,143,0,0,'ctIEQ',74.000,83);
INSERT INTO `movsRepoOtrasActiv` VALUES (1078,375,0,0,0,'2-3 AsCJE',9.500,87);
INSERT INTO `movsRepoOtrasActiv` VALUES (1079,375,0,0,0,'2-3 AsCJE',9.500,90);
INSERT INTO `movsRepoOtrasActiv` VALUES (1080,0,145,0,0,'ctIEQ',75.000,81);
INSERT INTO `movsRepoOtrasActiv` VALUES (1081,0,145,0,0,'ctIEQ',77.000,82);
INSERT INTO `movsRepoOtrasActiv` VALUES (1082,0,145,0,0,'ctIEQ',77.000,83);
INSERT INTO `movsRepoOtrasActiv` VALUES (1084,0,146,0,0,'ct0174D',92.000,60);
INSERT INTO `movsRepoOtrasActiv` VALUES (1087,0,146,0,0,'ct0174D',91.000,76);
INSERT INTO `movsRepoOtrasActiv` VALUES (1090,382,0,0,0,'2-3 AsCBZ',40.000,87);
INSERT INTO `movsRepoOtrasActiv` VALUES (1091,382,0,0,0,'2-3 AsCBZ',40.000,90);
INSERT INTO `movsRepoOtrasActiv` VALUES (1094,386,0,0,0,'2-3 AsCBZ',20.500,72);
INSERT INTO `movsRepoOtrasActiv` VALUES (1095,386,0,0,0,'2-3 AsCBZ',20.500,58);
INSERT INTO `movsRepoOtrasActiv` VALUES (1096,384,0,0,0,'1-2 Rabr',1.000,88);
INSERT INTO `movsRepoOtrasActiv` VALUES (1097,384,0,0,0,'1-2 Rabr',1.000,74);
INSERT INTO `movsRepoOtrasActiv` VALUES (1098,0,0,0,1,'6-1 BTrF',9.000,84);
INSERT INTO `movsRepoOtrasActiv` VALUES (1099,0,0,0,1,'9-1 PEmbA',11.300,73);
INSERT INTO `movsRepoOtrasActiv` VALUES (1100,0,0,0,1,'6-1 BTrF',9.000,58);
INSERT INTO `movsRepoOtrasActiv` VALUES (1101,0,0,0,1,'6-1 BTrC',9.000,68);
INSERT INTO `movsRepoOtrasActiv` VALUES (1102,0,0,0,2,'9-1 PEmbA',10.000,73);
INSERT INTO `movsRepoOtrasActiv` VALUES (1103,0,0,0,2,'5-4 MpCD',2.000,84);
INSERT INTO `movsRepoOtrasActiv` VALUES (1104,0,0,0,2,'6-1 BTrF',7.300,84);
INSERT INTO `movsRepoOtrasActiv` VALUES (1105,0,0,0,2,'6-1 BTrC',7.000,68);
INSERT INTO `movsRepoOtrasActiv` VALUES (1106,0,0,0,2,'6-1 BTrF',1.000,68);
INSERT INTO `movsRepoOtrasActiv` VALUES (1108,0,0,0,2,'103-MVMat',2.000,68);
INSERT INTO `movsRepoOtrasActiv` VALUES (1109,0,0,0,2,'6-1 BTrF',3.000,58);
INSERT INTO `movsRepoOtrasActiv` VALUES (1110,0,0,0,3,'6-1 BTrC',9.000,73);
INSERT INTO `movsRepoOtrasActiv` VALUES (1112,0,0,0,3,'5-4 MpCD',7.000,84);
INSERT INTO `movsRepoOtrasActiv` VALUES (1113,0,0,0,3,'6-1 BTrF',2.000,55);
INSERT INTO `movsRepoOtrasActiv` VALUES (1114,0,0,0,3,'6-1 BTrC',9.000,68);
INSERT INTO `movsRepoOtrasActiv` VALUES (1115,0,0,0,3,'6-1 BTrF',9.000,58);
INSERT INTO `movsRepoOtrasActiv` VALUES (1116,0,0,0,4,'9-1 PEmbA',6.000,73);
INSERT INTO `movsRepoOtrasActiv` VALUES (1117,0,0,0,4,'5-4 MpCD',3.000,84);
INSERT INTO `movsRepoOtrasActiv` VALUES (1118,0,0,0,4,'6-1 BTrF',1.000,84);
INSERT INTO `movsRepoOtrasActiv` VALUES (1119,0,0,0,4,'6-1 BTrC',4.000,68);
INSERT INTO `movsRepoOtrasActiv` VALUES (1120,0,0,0,4,'6-1 BTrF',3.000,58);
INSERT INTO `movsRepoOtrasActiv` VALUES (1121,0,0,0,5,'6-1 BTrC',4.000,73);
INSERT INTO `movsRepoOtrasActiv` VALUES (1122,0,0,0,5,'9-1 PEmbA',5.000,73);
INSERT INTO `movsRepoOtrasActiv` VALUES (1124,0,0,0,5,'6-1 BTrF',5.000,84);
INSERT INTO `movsRepoOtrasActiv` VALUES (1125,0,0,0,6,'9-1 PEmbA',9.000,73);
INSERT INTO `movsRepoOtrasActiv` VALUES (1126,0,0,0,6,'6-1 BTrC',9.000,57);
INSERT INTO `movsRepoOtrasActiv` VALUES (1127,0,0,0,6,'5-4 MpCD',6.000,84);
INSERT INTO `movsRepoOtrasActiv` VALUES (1128,0,0,0,6,'6-1 BTrF',3.000,84);
INSERT INTO `movsRepoOtrasActiv` VALUES (1130,0,0,0,6,'6-1 BTrC',9.000,68);
INSERT INTO `movsRepoOtrasActiv` VALUES (1131,0,0,0,6,'6-1 BTrC',9.000,63);
INSERT INTO `movsRepoOtrasActiv` VALUES (1132,0,0,0,6,'6-1 BTrC',9.000,102);
INSERT INTO `movsRepoOtrasActiv` VALUES (1133,0,0,0,7,'6-1 BTrC',3.000,57);
INSERT INTO `movsRepoOtrasActiv` VALUES (1134,0,0,0,7,'5-4 MpCD',6.000,57);
INSERT INTO `movsRepoOtrasActiv` VALUES (1135,0,0,0,7,'9-1 PEmbA',9.000,73);
INSERT INTO `movsRepoOtrasActiv` VALUES (1136,0,0,0,7,'4-1Rc',6.000,84);
INSERT INTO `movsRepoOtrasActiv` VALUES (1137,0,0,0,7,'6-1 BTrF',3.000,84);
INSERT INTO `movsRepoOtrasActiv` VALUES (1138,0,0,0,7,'4-1Rc',3.000,68);
INSERT INTO `movsRepoOtrasActiv` VALUES (1139,0,0,0,7,'5-1- BrB',6.000,68);
INSERT INTO `movsRepoOtrasActiv` VALUES (1140,0,0,0,7,'6-1 BTrC',9.000,63);
INSERT INTO `movsRepoOtrasActiv` VALUES (1141,0,0,0,7,'5-4 MpCD',6.000,102);
INSERT INTO `movsRepoOtrasActiv` VALUES (1142,0,0,0,7,'103-MVMat',3.000,102);
INSERT INTO `movsRepoOtrasActiv` VALUES (1143,0,0,0,8,'6-1 BTrC',3.000,57);
INSERT INTO `movsRepoOtrasActiv` VALUES (1144,0,0,0,8,'6-1 BTrC',4.000,57);
INSERT INTO `movsRepoOtrasActiv` VALUES (1145,0,0,0,8,'9-1 PEmbA',9.000,73);
INSERT INTO `movsRepoOtrasActiv` VALUES (1146,0,0,0,8,'6-1 BTrF',9.000,84);
INSERT INTO `movsRepoOtrasActiv` VALUES (1147,0,0,0,8,'5-1- BrA',9.000,68);
INSERT INTO `movsRepoOtrasActiv` VALUES (1148,0,0,0,8,'6-1 BTrC',9.000,63);
INSERT INTO `movsRepoOtrasActiv` VALUES (1149,0,0,0,8,'6-1 BTrE',2.000,102);
INSERT INTO `movsRepoOtrasActiv` VALUES (1151,0,0,0,8,'5-4 Mp1',7.000,102);
INSERT INTO `movsRepoOtrasActiv` VALUES (1152,0,0,0,9,'5-4 Mp',6.000,57);
INSERT INTO `movsRepoOtrasActiv` VALUES (1153,0,0,0,9,'6-1 BTrC',4.300,57);
INSERT INTO `movsRepoOtrasActiv` VALUES (1154,0,0,0,9,'9-1 PEmbA',6.000,73);
INSERT INTO `movsRepoOtrasActiv` VALUES (1155,0,0,0,9,'103-MVMat',4.000,73);
INSERT INTO `movsRepoOtrasActiv` VALUES (1156,0,0,0,9,'6-1 BTrF',10.000,84);
INSERT INTO `movsRepoOtrasActiv` VALUES (1157,0,0,0,9,'6-1 BTrC',1.000,68);
INSERT INTO `movsRepoOtrasActiv` VALUES (1158,0,0,0,9,'103-MVMat',2.000,68);
INSERT INTO `movsRepoOtrasActiv` VALUES (1159,0,0,0,9,'5-1- BrB',8.000,68);
INSERT INTO `movsRepoOtrasActiv` VALUES (1160,0,0,0,9,'5-4 Mp',7.000,63);
INSERT INTO `movsRepoOtrasActiv` VALUES (1162,0,0,0,9,'6-1 BTrC',2.000,63);
INSERT INTO `movsRepoOtrasActiv` VALUES (1163,0,0,0,9,'6-1 BTrE',5.000,102);
INSERT INTO `movsRepoOtrasActiv` VALUES (1164,0,0,0,9,'103-MVMat',4.000,102);
INSERT INTO `movsRepoOtrasActiv` VALUES (1165,0,0,0,10,'6-1 BTrC',5.000,57);
INSERT INTO `movsRepoOtrasActiv` VALUES (1167,0,0,0,10,'103-MVMat',4.300,73);
INSERT INTO `movsRepoOtrasActiv` VALUES (1168,0,0,0,10,'6-1 BTrF',5.000,84);
INSERT INTO `movsRepoOtrasActiv` VALUES (1169,0,0,0,10,'103-MVMat',5.000,68);
INSERT INTO `movsRepoOtrasActiv` VALUES (1170,0,0,0,10,'5-1- BrA',1.000,68);
INSERT INTO `movsRepoOtrasActiv` VALUES (1171,0,0,0,10,'6-1 BTrC',1.000,63);
INSERT INTO `movsRepoOtrasActiv` VALUES (1172,0,0,0,10,'6-1 BTrC',2.000,102);
INSERT INTO `movsRepoOtrasActiv` VALUES (1173,0,0,0,11,'5-4 Mp2',3.000,84);
INSERT INTO `movsRepoOtrasActiv` VALUES (1174,0,0,0,11,'6-1 BTrB',6.000,73);
INSERT INTO `movsRepoOtrasActiv` VALUES (1175,0,0,0,11,'6-1 BTrB',6.000,77);
INSERT INTO `movsRepoOtrasActiv` VALUES (1176,0,0,0,11,'6-1 BTrB',6.000,59);
INSERT INTO `movsRepoOtrasActiv` VALUES (1177,0,0,0,11,'6-1 BTrB',3.000,84);
INSERT INTO `movsRepoOtrasActiv` VALUES (1178,0,0,0,12,'6-1 BTrC',4.000,57);
INSERT INTO `movsRepoOtrasActiv` VALUES (1180,0,0,0,12,'103-MVMat',5.000,57);
INSERT INTO `movsRepoOtrasActiv` VALUES (1181,0,0,0,12,'9-1 PEmbA',5.000,73);
INSERT INTO `movsRepoOtrasActiv` VALUES (1182,0,0,0,12,'103-MVMat',4.000,73);
INSERT INTO `movsRepoOtrasActiv` VALUES (1183,0,0,0,12,'6-1 BTrF',9.000,84);
INSERT INTO `movsRepoOtrasActiv` VALUES (1184,0,0,0,12,'4-1Rc',2.000,66);
INSERT INTO `movsRepoOtrasActiv` VALUES (1185,0,0,0,12,'5-4 Mp',7.000,66);
INSERT INTO `movsRepoOtrasActiv` VALUES (1186,0,0,0,12,'4-1Rc',3.000,68);
INSERT INTO `movsRepoOtrasActiv` VALUES (1187,0,0,0,12,'6-1 BTrC',3.000,68);
INSERT INTO `movsRepoOtrasActiv` VALUES (1188,0,0,0,12,'5-1- BrA',3.000,68);
INSERT INTO `movsRepoOtrasActiv` VALUES (1189,0,0,0,12,'6-1 BTrF',6.000,58);
INSERT INTO `movsRepoOtrasActiv` VALUES (1190,0,0,0,12,'103-MVMat',3.000,58);
INSERT INTO `movsRepoOtrasActiv` VALUES (1191,0,0,0,12,'6-1 BTrE',1.000,102);
INSERT INTO `movsRepoOtrasActiv` VALUES (1192,0,0,0,12,'103-MVMat',8.000,102);
INSERT INTO `movsRepoOtrasActiv` VALUES (1193,0,0,0,13,'10-1 EnTGC',7.000,57);
INSERT INTO `movsRepoOtrasActiv` VALUES (1195,0,0,0,13,'6-1 BTrC',6.000,73);
INSERT INTO `movsRepoOtrasActiv` VALUES (1196,0,0,0,13,'103-MVMat',3.000,73);
INSERT INTO `movsRepoOtrasActiv` VALUES (1197,0,0,0,13,'6-1 BTrF',9.000,84);
INSERT INTO `movsRepoOtrasActiv` VALUES (1198,0,0,0,13,'6-1 BTrE',7.000,66);
INSERT INTO `movsRepoOtrasActiv` VALUES (1199,0,0,0,13,'4-1Rc',4.000,68);
INSERT INTO `movsRepoOtrasActiv` VALUES (1200,0,0,0,13,'5-1- BrA',5.000,68);
INSERT INTO `movsRepoOtrasActiv` VALUES (1201,0,0,0,13,'6-1 BTrF',5.000,58);
INSERT INTO `movsRepoOtrasActiv` VALUES (1202,0,0,0,13,'9-1 PEmbA',4.000,58);
INSERT INTO `movsRepoOtrasActiv` VALUES (1203,0,0,0,13,'103-MVMat',9.000,102);
INSERT INTO `movsRepoOtrasActiv` VALUES (1204,0,0,0,14,'6-1 BTrC',9.000,57);
INSERT INTO `movsRepoOtrasActiv` VALUES (1205,0,0,0,14,'9-1 PEmbA',4.000,73);
INSERT INTO `movsRepoOtrasActiv` VALUES (1206,0,0,0,14,'103-MVMat',5.000,73);
INSERT INTO `movsRepoOtrasActiv` VALUES (1207,0,0,0,14,'6-1 BTrF',9.000,84);
INSERT INTO `movsRepoOtrasActiv` VALUES (1208,0,0,0,14,'4-1Rc',9.000,66);
INSERT INTO `movsRepoOtrasActiv` VALUES (1209,0,0,0,14,'5-1- BrA',9.000,68);
INSERT INTO `movsRepoOtrasActiv` VALUES (1210,0,0,0,14,'6-1 BTrF',6.000,58);
INSERT INTO `movsRepoOtrasActiv` VALUES (1211,0,0,0,14,'5-4 Mp',9.000,63);
INSERT INTO `movsRepoOtrasActiv` VALUES (1212,0,0,0,14,'10-1 EnTGA',7.000,102);
INSERT INTO `movsRepoOtrasActiv` VALUES (1213,0,0,0,14,'4-1Rc',9.000,56);
INSERT INTO `movsRepoOtrasActiv` VALUES (1214,0,0,0,15,'6-1 BTrC',8.000,57);
INSERT INTO `movsRepoOtrasActiv` VALUES (1215,0,0,0,15,'9-1 PEmbA',5.000,73);
INSERT INTO `movsRepoOtrasActiv` VALUES (1216,0,0,0,15,'103-MVMat',4.000,73);
INSERT INTO `movsRepoOtrasActiv` VALUES (1217,0,0,0,15,'6-1 BTrF',9.000,84);
INSERT INTO `movsRepoOtrasActiv` VALUES (1218,0,0,0,15,'4-1Rc',9.000,66);
INSERT INTO `movsRepoOtrasActiv` VALUES (1219,0,0,0,15,'4-1Rc',5.000,68);
INSERT INTO `movsRepoOtrasActiv` VALUES (1220,0,0,0,15,'5-1- BrA',4.000,68);
INSERT INTO `movsRepoOtrasActiv` VALUES (1221,0,0,0,15,'10-1 EnTGA',7.000,102);
INSERT INTO `movsRepoOtrasActiv` VALUES (1266,0,0,0,22,'6-1 BTrC',9.000,57);
INSERT INTO `movsRepoOtrasActiv` VALUES (1267,0,0,0,22,'9-1 PEmbA',9.000,73);
INSERT INTO `movsRepoOtrasActiv` VALUES (1268,0,0,0,22,'5-4 Mp1',4.000,84);
INSERT INTO `movsRepoOtrasActiv` VALUES (1269,0,0,0,22,'6-1 BTrF',5.000,84);
INSERT INTO `movsRepoOtrasActiv` VALUES (1270,0,0,0,22,'4-1Rc',6.000,66);
INSERT INTO `movsRepoOtrasActiv` VALUES (1271,0,0,0,22,'5-4 Mp',1.000,66);
INSERT INTO `movsRepoOtrasActiv` VALUES (1272,0,0,0,22,'6-1 BTrE',2.000,66);
INSERT INTO `movsRepoOtrasActiv` VALUES (1273,0,0,0,22,'4-1Rc',3.000,68);
INSERT INTO `movsRepoOtrasActiv` VALUES (1274,0,0,0,22,'6-1 BTrC',4.000,68);
INSERT INTO `movsRepoOtrasActiv` VALUES (1275,0,0,0,22,'6-1 BTrF',6.000,58);
INSERT INTO `movsRepoOtrasActiv` VALUES (1276,0,0,0,22,'8-1 CrB',3.000,58);
INSERT INTO `movsRepoOtrasActiv` VALUES (1277,0,0,0,22,'5-4 Mp',5.000,63);
INSERT INTO `movsRepoOtrasActiv` VALUES (1278,0,0,0,22,'6-1 BTrC',4.000,63);
INSERT INTO `movsRepoOtrasActiv` VALUES (1279,0,0,0,22,'6-1 BTrE',3.000,102);
INSERT INTO `movsRepoOtrasActiv` VALUES (1280,0,0,0,22,'103-MVMat',6.000,102);
INSERT INTO `movsRepoOtrasActiv` VALUES (1281,0,0,0,23,'6-1 BTrC',4.000,57);
INSERT INTO `movsRepoOtrasActiv` VALUES (1282,0,0,0,23,'9-1 PEmbA',2.000,73);
INSERT INTO `movsRepoOtrasActiv` VALUES (1283,0,0,0,23,'10-1 EnTGA',2.300,73);
INSERT INTO `movsRepoOtrasActiv` VALUES (1284,0,0,0,23,'9-1 PEmbB',2.000,59);
INSERT INTO `movsRepoOtrasActiv` VALUES (1285,0,0,0,23,'10-1 EnTGB',2.300,59);
INSERT INTO `movsRepoOtrasActiv` VALUES (1286,0,0,0,24,'6-1 BTrB',6.300,68);
INSERT INTO `movsRepoOtrasActiv` VALUES (1287,0,0,0,24,'5-4 Mp',4.300,73);
INSERT INTO `movsRepoOtrasActiv` VALUES (1288,0,0,0,24,'6-1 BTrB',6.500,59);
INSERT INTO `movsRepoOtrasActiv` VALUES (1290,0,0,0,25,'6-1 BTrC',9.000,57);
INSERT INTO `movsRepoOtrasActiv` VALUES (1291,0,0,0,25,'9-1 PEmbA',9.000,73);
INSERT INTO `movsRepoOtrasActiv` VALUES (1292,0,0,0,25,'5-4 Mp1',3.000,84);
INSERT INTO `movsRepoOtrasActiv` VALUES (1293,0,0,0,25,'6-1 BTrF',6.000,84);
INSERT INTO `movsRepoOtrasActiv` VALUES (1294,0,0,0,25,'4-1Rc',4.000,66);
INSERT INTO `movsRepoOtrasActiv` VALUES (1295,0,0,0,25,'5-1- BrC',3.000,66);
INSERT INTO `movsRepoOtrasActiv` VALUES (1296,0,0,0,25,'6-1 BTrE',2.000,66);
INSERT INTO `movsRepoOtrasActiv` VALUES (1297,0,0,0,25,'4-1Rc',3.000,68);
INSERT INTO `movsRepoOtrasActiv` VALUES (1298,0,0,0,25,'6-1 BTrC',6.000,68);
INSERT INTO `movsRepoOtrasActiv` VALUES (1299,0,0,0,25,'6-1 BTrC',9.000,63);
INSERT INTO `movsRepoOtrasActiv` VALUES (1300,0,0,0,25,'10-1 EnTGA',9.000,102);
INSERT INTO `movsRepoOtrasActiv` VALUES (1301,0,0,0,25,'6-1 BTrF',9.000,103);
INSERT INTO `movsRepoOtrasActiv` VALUES (1302,0,0,0,26,'6-1 BTrC',9.000,57);
INSERT INTO `movsRepoOtrasActiv` VALUES (1303,0,0,0,26,'9-1 PEmbA',9.000,73);
INSERT INTO `movsRepoOtrasActiv` VALUES (1304,0,0,0,26,'6-1 BTrF',8.000,84);
INSERT INTO `movsRepoOtrasActiv` VALUES (1305,0,0,0,26,'6-1 BTrE',9.000,66);
INSERT INTO `movsRepoOtrasActiv` VALUES (1306,0,0,0,26,'6-1 BTrC',9.000,68);
INSERT INTO `movsRepoOtrasActiv` VALUES (1307,0,0,0,26,'6-1 BTrC',9.000,58);
INSERT INTO `movsRepoOtrasActiv` VALUES (1308,0,0,0,26,'6-1 BTrC',9.000,58);
INSERT INTO `movsRepoOtrasActiv` VALUES (1309,0,0,0,26,'10-1 EnTGA',9.000,102);
INSERT INTO `movsRepoOtrasActiv` VALUES (1310,0,0,0,26,'4-1Rc',9.000,56);
INSERT INTO `movsRepoOtrasActiv` VALUES (1311,0,0,0,26,'5-1- BrA',9.000,103);
INSERT INTO `movsRepoOtrasActiv` VALUES (1312,0,0,0,27,'10-1 EnTGC',4.000,77);
INSERT INTO `movsRepoOtrasActiv` VALUES (1313,0,0,0,27,'6-1 BTrD',5.000,77);
INSERT INTO `movsRepoOtrasActiv` VALUES (1314,0,0,0,27,'5-4 Mp',3.000,68);
INSERT INTO `movsRepoOtrasActiv` VALUES (1315,0,0,0,27,'6-1 BTrC',6.000,68);
INSERT INTO `movsRepoOtrasActiv` VALUES (1316,0,0,0,27,'10-1 EnTGB',4.000,59);
INSERT INTO `movsRepoOtrasActiv` VALUES (1317,0,0,0,27,'6-1 BTrD',3.000,59);
INSERT INTO `movsRepoOtrasActiv` VALUES (1318,0,0,0,27,'6-1 BTrF',6.000,58);
INSERT INTO `movsRepoOtrasActiv` VALUES (1319,0,0,0,27,'5-1- BrA',9.000,103);
INSERT INTO `movsRepoOtrasActiv` VALUES (1320,0,0,0,28,'6-1 BTrC',9.000,68);
INSERT INTO `movsRepoOtrasActiv` VALUES (1321,0,0,0,28,'5-4 Mp1',3.000,59);
INSERT INTO `movsRepoOtrasActiv` VALUES (1322,0,0,0,28,'6-1 BTrD',3.000,59);
INSERT INTO `movsRepoOtrasActiv` VALUES (1323,0,0,0,28,'103-MVMat',3.000,59);
INSERT INTO `movsRepoOtrasActiv` VALUES (1324,0,0,0,28,'6-1 BTrC',9.000,58);
INSERT INTO `movsRepoOtrasActiv` VALUES (1325,0,0,0,28,'6-1 BTrD',5.000,77);
INSERT INTO `movsRepoOtrasActiv` VALUES (1326,0,0,0,28,'103-MVMat',4.000,58);
INSERT INTO `movsRepoOtrasActiv` VALUES (1327,0,0,0,28,'5-1- BrA',6.000,103);
INSERT INTO `movsRepoOtrasActiv` VALUES (1328,0,0,0,28,'6-1 BTrF',3.000,103);
INSERT INTO `movsRepoOtrasActiv` VALUES (1329,0,0,0,29,'6-1 BTrD',9.000,57);
INSERT INTO `movsRepoOtrasActiv` VALUES (1330,0,0,0,29,'6-1 BTrD',9.000,84);
INSERT INTO `movsRepoOtrasActiv` VALUES (1331,0,0,0,29,'6-1 BTrE',9.000,66);
INSERT INTO `movsRepoOtrasActiv` VALUES (1332,0,0,0,29,'5-4 Mp',9.000,63);
INSERT INTO `movsRepoOtrasActiv` VALUES (1333,0,0,0,29,'103-MVMat',9.000,102);
INSERT INTO `movsRepoOtrasActiv` VALUES (1334,0,0,0,29,'9-1 PEmbA',9.000,73);
INSERT INTO `movsRepoOtrasActiv` VALUES (1336,0,0,0,30,'5-1- BrB',1.000,68);
INSERT INTO `movsRepoOtrasActiv` VALUES (1337,0,0,0,30,'5-4 Mp',4.000,68);
INSERT INTO `movsRepoOtrasActiv` VALUES (1338,0,0,0,30,'6-1 BTrC',4.000,68);
INSERT INTO `movsRepoOtrasActiv` VALUES (1339,0,0,0,30,'6-1 BTrD',3.000,59);
INSERT INTO `movsRepoOtrasActiv` VALUES (1341,0,0,0,30,'103-MVMat',6.000,59);
INSERT INTO `movsRepoOtrasActiv` VALUES (1342,0,0,0,30,'6-1 BTrF',6.000,58);
INSERT INTO `movsRepoOtrasActiv` VALUES (1343,0,0,0,30,'8-1 CrA',3.000,58);
INSERT INTO `movsRepoOtrasActiv` VALUES (1344,0,0,0,30,'6-1 BTrD',3.000,77);
INSERT INTO `movsRepoOtrasActiv` VALUES (1345,0,0,0,30,'103-MVMat',14.000,77);
INSERT INTO `movsRepoOtrasActiv` VALUES (1346,0,0,0,31,'5-4 Mp',2.000,68);
INSERT INTO `movsRepoOtrasActiv` VALUES (1347,0,0,0,31,'6-1 BTrC',5.300,68);
INSERT INTO `movsRepoOtrasActiv` VALUES (1348,0,0,0,31,'9-1 PEmbB',0.300,68);
INSERT INTO `movsRepoOtrasActiv` VALUES (1349,0,0,0,31,'6-1 BTrD',3.000,59);
INSERT INTO `movsRepoOtrasActiv` VALUES (1350,0,0,0,31,'9-1 PembC',3.000,59);
INSERT INTO `movsRepoOtrasActiv` VALUES (1351,0,0,0,31,'5-4 Mp',1.000,58);
INSERT INTO `movsRepoOtrasActiv` VALUES (1352,0,0,0,31,'6-1 BTrF',2.000,58);
INSERT INTO `movsRepoOtrasActiv` VALUES (1353,0,0,0,31,'6-1 BTrD',5.300,77);
INSERT INTO `movsRepoOtrasActiv` VALUES (1354,0,0,0,31,'103-MVMat',5.000,102);
INSERT INTO `movsRepoOtrasActiv` VALUES (1355,0,0,0,32,'4-1Rc',3.000,68);
INSERT INTO `movsRepoOtrasActiv` VALUES (1356,0,0,0,32,'5-1- BrB',3.000,68);
INSERT INTO `movsRepoOtrasActiv` VALUES (1357,0,0,0,32,'6-1 BTrC',3.000,68);
INSERT INTO `movsRepoOtrasActiv` VALUES (1358,0,0,0,32,'6-1 BTrD',6.000,59);
INSERT INTO `movsRepoOtrasActiv` VALUES (1359,0,0,0,32,'10-1 EnTGD',3.000,59);
INSERT INTO `movsRepoOtrasActiv` VALUES (1360,0,0,0,32,'4-1Rc',1.000,58);
INSERT INTO `movsRepoOtrasActiv` VALUES (1361,0,0,0,32,'6-1 BTrF',5.000,58);
INSERT INTO `movsRepoOtrasActiv` VALUES (1362,0,0,0,32,'8-1 CrA',3.000,58);
INSERT INTO `movsRepoOtrasActiv` VALUES (1363,0,0,0,32,'6-1 BTrD',9.000,77);
INSERT INTO `movsRepoOtrasActiv` VALUES (1364,0,0,0,32,'6-1 BTrD',3.000,102);
INSERT INTO `movsRepoOtrasActiv` VALUES (1365,0,0,0,32,'10-1 EnTGA',6.000,102);
INSERT INTO `movsRepoOtrasActiv` VALUES (1366,0,0,0,33,'4-1Rc',4.000,68);
INSERT INTO `movsRepoOtrasActiv` VALUES (1367,0,0,0,33,'5-4 Mp',1.000,68);
INSERT INTO `movsRepoOtrasActiv` VALUES (1368,0,0,0,33,'6-1 BTrC',4.000,68);
INSERT INTO `movsRepoOtrasActiv` VALUES (1369,0,0,0,33,'5-4 Mp',7.000,59);
INSERT INTO `movsRepoOtrasActiv` VALUES (1370,0,0,0,33,'10-1 EnTGD',2.000,59);
INSERT INTO `movsRepoOtrasActiv` VALUES (1371,0,0,0,33,'6-1 BTrD',7.000,102);
INSERT INTO `movsRepoOtrasActiv` VALUES (1372,0,0,0,33,'103-MVMat',2.000,102);
INSERT INTO `movsRepoOtrasActiv` VALUES (1374,0,0,0,34,'10-1 EnTGD',9.000,57);
INSERT INTO `movsRepoOtrasActiv` VALUES (1375,0,0,0,34,'6-1 BTrD',9.000,84);
INSERT INTO `movsRepoOtrasActiv` VALUES (1376,0,0,0,34,'6-1 BTrE',9.000,66);
INSERT INTO `movsRepoOtrasActiv` VALUES (1377,0,0,0,34,'5-4 Mp',7.000,63);
INSERT INTO `movsRepoOtrasActiv` VALUES (1378,0,0,0,34,'6-1 BTrD',2.000,63);
INSERT INTO `movsRepoOtrasActiv` VALUES (1379,0,0,0,34,'4-1Rc',9.000,56);
INSERT INTO `movsRepoOtrasActiv` VALUES (1380,0,0,0,34,'9-1 PEmbA',9.000,73);
INSERT INTO `movsRepoOtrasActiv` VALUES (1381,0,0,0,35,'5-4 Mp',3.000,68);
INSERT INTO `movsRepoOtrasActiv` VALUES (1382,0,0,0,35,'6-1 BTrC',6.000,68);
INSERT INTO `movsRepoOtrasActiv` VALUES (1383,0,0,0,35,'5-4 Mp',6.000,59);
INSERT INTO `movsRepoOtrasActiv` VALUES (1384,0,0,0,35,'6-1 BTrD',3.000,59);
INSERT INTO `movsRepoOtrasActiv` VALUES (1385,0,0,0,35,'8-1 CrA',9.000,58);
INSERT INTO `movsRepoOtrasActiv` VALUES (1386,0,0,0,35,'6-1 BTrD',9.000,77);
INSERT INTO `movsRepoOtrasActiv` VALUES (1387,0,0,0,35,'6-1 BTrD',2.000,102);
INSERT INTO `movsRepoOtrasActiv` VALUES (1388,0,0,0,35,'10-1 EnTGC',7.000,102);
INSERT INTO `movsRepoOtrasActiv` VALUES (1389,0,0,0,36,'6-1 BTrD',9.000,57);
INSERT INTO `movsRepoOtrasActiv` VALUES (1390,0,0,0,36,'6-1 BTrD',9.000,84);
INSERT INTO `movsRepoOtrasActiv` VALUES (1391,0,0,0,36,'6-1 BTrE',9.000,66);
INSERT INTO `movsRepoOtrasActiv` VALUES (1392,0,0,0,36,'5-4 Mp',7.000,63);
INSERT INTO `movsRepoOtrasActiv` VALUES (1393,0,0,0,36,'6-1 BTrD',2.000,63);
INSERT INTO `movsRepoOtrasActiv` VALUES (1394,0,0,0,36,'4-1Rc',9.000,58);
INSERT INTO `movsRepoOtrasActiv` VALUES (1395,0,0,0,36,'9-1 PEmbA',9.000,73);
INSERT INTO `movsRepoOtrasActiv` VALUES (1396,0,0,0,37,'5-4 Mp',2.000,68);
INSERT INTO `movsRepoOtrasActiv` VALUES (1397,0,0,0,37,'6-1 BTrC',8.300,68);
INSERT INTO `movsRepoOtrasActiv` VALUES (1398,0,0,0,37,'5-4 Mp',3.000,59);
INSERT INTO `movsRepoOtrasActiv` VALUES (1399,0,0,0,37,'6-1 BTrD',6.000,59);
INSERT INTO `movsRepoOtrasActiv` VALUES (1400,0,0,0,37,'8-1 CrA',9.000,58);
INSERT INTO `movsRepoOtrasActiv` VALUES (1401,0,0,0,37,'6-1 BTrD',9.000,77);
INSERT INTO `movsRepoOtrasActiv` VALUES (1402,0,0,0,37,'103-MVMat',9.000,102);
INSERT INTO `movsRepoOtrasActiv` VALUES (1404,0,0,0,38,'6-1 BTrF',9.000,57);
INSERT INTO `movsRepoOtrasActiv` VALUES (1405,0,0,0,38,'6-1 BTrD',9.000,84);
INSERT INTO `movsRepoOtrasActiv` VALUES (1406,0,0,0,38,'6-1 BTrD',9.000,66);
INSERT INTO `movsRepoOtrasActiv` VALUES (1407,0,0,0,38,'5-4 Mp',9.000,63);
INSERT INTO `movsRepoOtrasActiv` VALUES (1408,0,0,0,38,'4-1Rc',9.000,56);
INSERT INTO `movsRepoOtrasActiv` VALUES (1409,0,147,0,0,'ctIEQ',24.000,82);
INSERT INTO `movsRepoOtrasActiv` VALUES (1410,0,147,0,0,'ctIEQ',31.000,81);
INSERT INTO `movsRepoOtrasActiv` VALUES (1411,0,147,0,0,'ctIEQ',30.000,83);
INSERT INTO `movsRepoOtrasActiv` VALUES (1412,0,148,0,0,'ct0174D',21.000,60);
INSERT INTO `movsRepoOtrasActiv` VALUES (1413,0,148,0,0,'ctIEQ',73.000,60);
INSERT INTO `movsRepoOtrasActiv` VALUES (1414,0,148,0,0,'ct0174D',18.000,76);
INSERT INTO `movsRepoOtrasActiv` VALUES (1415,0,148,0,0,'ctIEQ',68.000,76);
INSERT INTO `movsRepoOtrasActiv` VALUES (1416,0,148,0,0,'ct0174D',15.000,70);
INSERT INTO `movsRepoOtrasActiv` VALUES (1417,392,0,0,0,'2-3 AsCJD',10.500,87);
INSERT INTO `movsRepoOtrasActiv` VALUES (1418,392,0,0,0,'2-3 AsCJD',10.500,90);
INSERT INTO `movsRepoOtrasActiv` VALUES (1419,394,0,0,0,'1-2 Rabr',2.500,88);
INSERT INTO `movsRepoOtrasActiv` VALUES (1420,394,0,0,0,'1-2 Rabr',2.500,74);
INSERT INTO `movsRepoOtrasActiv` VALUES (1427,0,0,0,39,'6-1 BTrF',9.000,57);
INSERT INTO `movsRepoOtrasActiv` VALUES (1428,0,0,0,39,'6-1 BTrD',9.000,84);
INSERT INTO `movsRepoOtrasActiv` VALUES (1429,0,0,0,39,'6-1 BTrC',9.000,66);
INSERT INTO `movsRepoOtrasActiv` VALUES (1430,0,0,0,39,'5-4 Mp',9.000,63);
INSERT INTO `movsRepoOtrasActiv` VALUES (1431,0,0,0,39,'4-1Rc',9.000,56);
INSERT INTO `movsRepoOtrasActiv` VALUES (1432,0,0,0,39,'9-1 PEmbA',9.000,73);
INSERT INTO `movsRepoOtrasActiv` VALUES (1433,0,0,0,40,'5-4 Mp',2.000,68);
INSERT INTO `movsRepoOtrasActiv` VALUES (1434,0,0,0,40,'6-1 BTrC',8.000,68);
INSERT INTO `movsRepoOtrasActiv` VALUES (1435,0,0,0,40,'6-1 BTrD',5.000,59);
INSERT INTO `movsRepoOtrasActiv` VALUES (1438,0,0,0,40,'10-1 EnTGD',4.000,59);
INSERT INTO `movsRepoOtrasActiv` VALUES (1439,0,0,0,40,'8-1 EST',9.000,58);
INSERT INTO `movsRepoOtrasActiv` VALUES (1440,0,0,0,40,'6-1 BTrD',9.000,77);
INSERT INTO `movsRepoOtrasActiv` VALUES (1441,0,0,0,40,'10-1 EnTGC',5.000,102);
INSERT INTO `movsRepoOtrasActiv` VALUES (1442,0,0,0,40,'103-MVMat',4.000,102);
INSERT INTO `movsRepoOtrasActiv` VALUES (1443,0,0,0,40,'5-4 Mp',3.000,57);
INSERT INTO `movsRepoOtrasActiv` VALUES (1444,0,0,0,40,'6-1 BTrF',6.000,57);
INSERT INTO `movsRepoOtrasActiv` VALUES (1445,0,0,0,41,'6-1 BTrF',4.000,57);
INSERT INTO `movsRepoOtrasActiv` VALUES (1446,0,0,0,41,'6-1 BTrD',4.000,84);
INSERT INTO `movsRepoOtrasActiv` VALUES (1447,0,0,0,41,'6-1 BTrC',4.000,66);
INSERT INTO `movsRepoOtrasActiv` VALUES (1448,0,0,0,41,'5-4 Mp',4.000,63);
INSERT INTO `movsRepoOtrasActiv` VALUES (1449,0,0,0,41,'10-2 AMtM',3.000,102);
INSERT INTO `movsRepoOtrasActiv` VALUES (1450,0,0,0,41,'4-1Rc',4.000,56);
INSERT INTO `movsRepoOtrasActiv` VALUES (1451,0,0,0,41,'9-1 PEmbA',5.300,76);
INSERT INTO `movsRepoOtrasActiv` VALUES (1452,0,0,0,42,'5-4 Mp',1.000,68);
INSERT INTO `movsRepoOtrasActiv` VALUES (1453,0,0,0,42,'6-1 BTrC',4.000,68);
INSERT INTO `movsRepoOtrasActiv` VALUES (1454,0,0,0,42,'9-1 PEmbA',5.000,59);
INSERT INTO `movsRepoOtrasActiv` VALUES (1455,0,0,0,42,'8-1 EST',3.000,58);
INSERT INTO `movsRepoOtrasActiv` VALUES (1456,0,0,0,42,'6-1 BTrD',5.000,77);
INSERT INTO `movsRepoOtrasActiv` VALUES (1457,0,0,0,42,'5-4 Mp',2.000,57);
INSERT INTO `movsRepoOtrasActiv` VALUES (1458,0,0,0,42,'6-1 BTrF',2.300,57);
INSERT INTO `movsRepoOtrasActiv` VALUES (1459,0,0,0,42,'10-2 AMtM',1.000,102);
INSERT INTO `movsRepoOtrasActiv` VALUES (1460,0,0,0,42,'103-MVMat',2.000,102);
INSERT INTO `movsRepoOtrasActiv` VALUES (1461,0,0,0,43,'6-1 BTrF',9.000,57);
INSERT INTO `movsRepoOtrasActiv` VALUES (1462,0,0,0,43,'6-1 BTrE',9.000,66);
INSERT INTO `movsRepoOtrasActiv` VALUES (1463,0,0,0,43,'5-4 Mp',7.000,63);
INSERT INTO `movsRepoOtrasActiv` VALUES (1464,0,0,0,43,'6-1 BTrD',2.000,63);
INSERT INTO `movsRepoOtrasActiv` VALUES (1465,0,0,0,43,'10-1 EnTGC',9.000,102);
INSERT INTO `movsRepoOtrasActiv` VALUES (1466,0,0,0,43,'4-1Rc',9.000,56);
INSERT INTO `movsRepoOtrasActiv` VALUES (1467,0,0,0,43,'9-1 PEmbA',9.000,73);
INSERT INTO `movsRepoOtrasActiv` VALUES (1468,0,0,0,44,'6-1 BTrC',9.000,68);
INSERT INTO `movsRepoOtrasActiv` VALUES (1469,0,0,0,44,'9-1 PEmbA',10.000,59);
INSERT INTO `movsRepoOtrasActiv` VALUES (1470,0,0,0,44,'8-1 EST',9.000,58);
INSERT INTO `movsRepoOtrasActiv` VALUES (1471,0,0,0,44,'6-1 BTrD',9.000,77);
INSERT INTO `movsRepoOtrasActiv` VALUES (1472,0,0,0,44,'10-2 AMtM',3.000,102);
INSERT INTO `movsRepoOtrasActiv` VALUES (1473,0,0,0,44,'103-MVMat',6.000,102);
INSERT INTO `movsRepoOtrasActiv` VALUES (1474,0,105,0,0,'10-2  CAvC',3.000,82);
INSERT INTO `movsRepoOtrasActiv` VALUES (1475,0,105,0,0,'10-2  CAvC',4.000,81);
INSERT INTO `movsRepoOtrasActiv` VALUES (1476,0,0,0,45,'6-1 BTrC',4.000,68);
INSERT INTO `movsRepoOtrasActiv` VALUES (1477,0,0,0,45,'9-1 PEmbA',9.000,59);
INSERT INTO `movsRepoOtrasActiv` VALUES (1479,0,0,0,45,'5-4 Mp',5.000,77);
INSERT INTO `movsRepoOtrasActiv` VALUES (1480,0,0,0,45,'6-1 BTrD',9.000,77);
INSERT INTO `movsRepoOtrasActiv` VALUES (1481,0,0,0,45,'10-1 EnTGC',9.000,102);
INSERT INTO `movsRepoOtrasActiv` VALUES (1482,0,0,0,46,'6-1 BTrF',9.000,57);
INSERT INTO `movsRepoOtrasActiv` VALUES (1483,0,0,0,46,'6-1 BTrD',9.000,84);
INSERT INTO `movsRepoOtrasActiv` VALUES (1484,0,0,0,46,'4-1Rc',6.000,66);
INSERT INTO `movsRepoOtrasActiv` VALUES (1485,0,0,0,46,'6-1 BTrC',3.000,66);
INSERT INTO `movsRepoOtrasActiv` VALUES (1486,0,0,0,46,'5-4 Mp',6.000,63);
INSERT INTO `movsRepoOtrasActiv` VALUES (1487,0,0,0,46,'6-1 BTrD',3.000,63);
INSERT INTO `movsRepoOtrasActiv` VALUES (1488,0,0,0,46,'10-1 EnTGC',9.000,55);
INSERT INTO `movsRepoOtrasActiv` VALUES (1489,0,0,0,46,'9-1 PEmbA',9.000,73);
INSERT INTO `movsRepoOtrasActiv` VALUES (1491,0,108,0,0,'10-2  CAvC',3.000,81);
INSERT INTO `movsRepoOtrasActiv` VALUES (1492,0,108,0,0,'10-2  CAvC',1.000,82);
INSERT INTO `movsRepoOtrasActiv` VALUES (1493,0,0,0,47,'10-1 EnTGC',9.000,57);
INSERT INTO `movsRepoOtrasActiv` VALUES (1494,0,0,0,47,'6-1 BTrD',9.000,84);
INSERT INTO `movsRepoOtrasActiv` VALUES (1495,0,0,0,47,'4-1Rc',9.000,66);
INSERT INTO `movsRepoOtrasActiv` VALUES (1496,0,0,0,47,'5-4 Mp',6.000,63);
INSERT INTO `movsRepoOtrasActiv` VALUES (1497,0,0,0,47,'6-1 BTrD',3.000,63);
INSERT INTO `movsRepoOtrasActiv` VALUES (1498,0,0,0,47,'103-MVMat',9.000,102);
INSERT INTO `movsRepoOtrasActiv` VALUES (1499,0,0,0,47,'9-1 PEmbA',9.000,73);
INSERT INTO `movsRepoOtrasActiv` VALUES (1500,0,0,0,48,'6-1 BTrD',9.000,57);
INSERT INTO `movsRepoOtrasActiv` VALUES (1501,0,0,0,48,'6-1 BTrC',8.000,66);
INSERT INTO `movsRepoOtrasActiv` VALUES (1502,0,0,0,48,'4-1Rc',1.000,66);
INSERT INTO `movsRepoOtrasActiv` VALUES (1503,0,0,0,48,'5-4 Mp',6.000,63);
INSERT INTO `movsRepoOtrasActiv` VALUES (1504,0,0,0,48,'103-MVMat',9.000,102);
INSERT INTO `movsRepoOtrasActiv` VALUES (1505,0,0,0,48,'4-1Rc',9.000,56);
INSERT INTO `movsRepoOtrasActiv` VALUES (1506,0,0,0,48,'9-1 PEmbA',9.000,73);
INSERT INTO `movsRepoOtrasActiv` VALUES (1507,0,0,0,49,'5-1- BrB',6.000,68);
INSERT INTO `movsRepoOtrasActiv` VALUES (1508,0,0,0,49,'6-1 BTrC',5.000,68);
INSERT INTO `movsRepoOtrasActiv` VALUES (1509,0,0,0,49,'9-1 PEmbA',9.000,59);
INSERT INTO `movsRepoOtrasActiv` VALUES (1510,0,0,0,49,'8-1 EST',3.000,58);
INSERT INTO `movsRepoOtrasActiv` VALUES (1511,0,0,0,49,'6-1 BTrC',6.000,58);
INSERT INTO `movsRepoOtrasActiv` VALUES (1512,0,0,0,49,'6-1 BTrC',9.000,77);
INSERT INTO `movsRepoOtrasActiv` VALUES (1513,0,0,0,49,'103-MVMat',9.000,102);
INSERT INTO `movsRepoOtrasActiv` VALUES (1514,0,0,0,50,'6-1 BTrD',9.000,57);
INSERT INTO `movsRepoOtrasActiv` VALUES (1515,0,0,0,50,'6-1 BTrC',9.000,84);
INSERT INTO `movsRepoOtrasActiv` VALUES (1516,0,0,0,50,'6-1 BTrC',9.000,66);
INSERT INTO `movsRepoOtrasActiv` VALUES (1517,0,0,0,50,'5-4 Mp',7.000,63);
INSERT INTO `movsRepoOtrasActiv` VALUES (1518,0,0,0,50,'6-1 BTrD',2.000,63);
INSERT INTO `movsRepoOtrasActiv` VALUES (1519,0,0,0,50,'10-1 EnTGB',9.000,102);
INSERT INTO `movsRepoOtrasActiv` VALUES (1520,0,0,0,50,'9-1 PEmbA',9.000,73);
INSERT INTO `movsRepoOtrasActiv` VALUES (1521,0,0,0,51,'4-1Rc',2.000,68);
INSERT INTO `movsRepoOtrasActiv` VALUES (1522,0,0,0,51,'6-1 BTrC',2.000,68);
INSERT INTO `movsRepoOtrasActiv` VALUES (1523,0,0,0,51,'5-1- BrB',5.000,68);
INSERT INTO `movsRepoOtrasActiv` VALUES (1524,0,0,0,51,'9-1 PEmbA',9.000,59);
INSERT INTO `movsRepoOtrasActiv` VALUES (1525,0,0,0,51,'5-4 Mp',4.000,58);
INSERT INTO `movsRepoOtrasActiv` VALUES (1526,0,0,0,51,'6-1 BTrF',2.000,58);
INSERT INTO `movsRepoOtrasActiv` VALUES (1527,0,0,0,51,'8-1 EST',3.000,58);
INSERT INTO `movsRepoOtrasActiv` VALUES (1528,0,0,0,51,'6-1 BTrC',9.000,77);
INSERT INTO `movsRepoOtrasActiv` VALUES (1529,0,0,0,52,'6-1 BTrD',4.000,57);
INSERT INTO `movsRepoOtrasActiv` VALUES (1530,0,0,0,52,'4-1Rc',3.300,84);
INSERT INTO `movsRepoOtrasActiv` VALUES (1531,0,0,0,52,'6-1 BTrC',2.300,84);
INSERT INTO `movsRepoOtrasActiv` VALUES (1532,0,0,0,52,'6-1 BTrC',4.000,66);
INSERT INTO `movsRepoOtrasActiv` VALUES (1533,0,0,0,52,'5-4 Mp',3.000,63);
INSERT INTO `movsRepoOtrasActiv` VALUES (1534,0,0,0,52,'6-1 BTrD',1.000,63);
INSERT INTO `movsRepoOtrasActiv` VALUES (1535,0,0,0,52,'103-MVMat',3.000,80);
INSERT INTO `movsRepoOtrasActiv` VALUES (1536,0,0,0,52,'4-1Rc',4.000,56);
INSERT INTO `movsRepoOtrasActiv` VALUES (1537,0,0,0,52,'9-1 PEmbA',4.000,73);
INSERT INTO `movsRepoOtrasActiv` VALUES (1538,0,0,0,53,'6-1 BTrC',5.000,68);
INSERT INTO `movsRepoOtrasActiv` VALUES (1539,0,0,0,53,'9-1 PEmbA',5.000,59);
INSERT INTO `movsRepoOtrasActiv` VALUES (1540,0,0,0,53,'6-1 BTrF',3.000,58);
INSERT INTO `movsRepoOtrasActiv` VALUES (1541,0,0,0,53,'6-1 BTrC',5.000,77);
INSERT INTO `movsRepoOtrasActiv` VALUES (1542,0,0,0,53,'10-1 EnTGB',4.000,102);
INSERT INTO `movsRepoOtrasActiv` VALUES (1543,0,0,0,54,'5-1- BrB',4.000,68);
INSERT INTO `movsRepoOtrasActiv` VALUES (1544,0,0,0,54,'6-1 BTrC',2.000,68);
INSERT INTO `movsRepoOtrasActiv` VALUES (1545,0,0,0,54,'9-1 PEmbA',10.000,59);
INSERT INTO `movsRepoOtrasActiv` VALUES (1546,0,0,0,54,'5-4 Mp1',3.000,58);
INSERT INTO `movsRepoOtrasActiv` VALUES (1547,0,0,0,54,'6-1 BTrF',3.000,58);
INSERT INTO `movsRepoOtrasActiv` VALUES (1548,0,0,0,54,'6-1 BTrC',9.000,77);
INSERT INTO `movsRepoOtrasActiv` VALUES (1549,0,0,0,54,'10-1 EnTGB',9.000,102);
INSERT INTO `movsRepoOtrasActiv` VALUES (1550,0,0,0,55,'6-1 BTrC',8.000,57);
INSERT INTO `movsRepoOtrasActiv` VALUES (1551,0,0,0,55,'6-1 BTrD',9.000,57);
INSERT INTO `movsRepoOtrasActiv` VALUES (1552,0,0,0,55,'4-1Rc',4.000,66);
INSERT INTO `movsRepoOtrasActiv` VALUES (1553,0,0,0,55,'5-1- BrA',1.000,66);
INSERT INTO `movsRepoOtrasActiv` VALUES (1554,0,0,0,55,'5-4 Mp',9.000,63);
INSERT INTO `movsRepoOtrasActiv` VALUES (1555,0,0,0,55,'4-1Rc',6.000,56);
INSERT INTO `movsRepoOtrasActiv` VALUES (1556,0,0,0,55,'9-1 PEmbA',3.000,73);
INSERT INTO `movsRepoOtrasActiv` VALUES (1557,0,0,0,56,'6-1 BTrC',9.000,84);
INSERT INTO `movsRepoOtrasActiv` VALUES (1558,0,0,0,56,'6-1 BTrC',9.000,57);
INSERT INTO `movsRepoOtrasActiv` VALUES (1559,0,0,0,56,'4-1Rc',9.000,66);
INSERT INTO `movsRepoOtrasActiv` VALUES (1560,0,0,0,56,'5-4 Mp',7.000,63);
INSERT INTO `movsRepoOtrasActiv` VALUES (1562,0,0,0,56,'6-1 BTrE',2.000,63);
INSERT INTO `movsRepoOtrasActiv` VALUES (1563,0,0,0,56,'10-1 EnTGC',9.000,102);
INSERT INTO `movsRepoOtrasActiv` VALUES (1564,0,0,0,56,'9-1 PEmbA',9.000,73);
INSERT INTO `movsRepoOtrasActiv` VALUES (1565,0,0,0,57,'5-1- BrA',7.000,68);
INSERT INTO `movsRepoOtrasActiv` VALUES (1566,0,0,0,57,'6-1 BTrC',3.000,68);
INSERT INTO `movsRepoOtrasActiv` VALUES (1568,0,0,0,57,'9-1 PEmbA',10.000,59);
INSERT INTO `movsRepoOtrasActiv` VALUES (1569,0,0,0,57,'6-1 BTrC',6.000,58);
INSERT INTO `movsRepoOtrasActiv` VALUES (1570,0,0,0,57,'8-1 EST',3.000,58);
INSERT INTO `movsRepoOtrasActiv` VALUES (1571,0,0,0,57,'10-1 EnTGC',9.000,102);
INSERT INTO `movsRepoOtrasActiv` VALUES (1573,0,0,0,58,'5-1- BrB',6.000,68);
INSERT INTO `movsRepoOtrasActiv` VALUES (1574,0,0,0,58,'6-1 BTrC',4.000,68);
INSERT INTO `movsRepoOtrasActiv` VALUES (1575,0,0,0,58,'9-1 PEmbA',9.000,59);
INSERT INTO `movsRepoOtrasActiv` VALUES (1576,0,0,0,58,'6-1 BTrC',6.000,58);
INSERT INTO `movsRepoOtrasActiv` VALUES (1577,0,0,0,58,'8-1 EST',3.000,58);
INSERT INTO `movsRepoOtrasActiv` VALUES (1578,0,0,0,58,'6-1 BTrC',9.000,84);
INSERT INTO `movsRepoOtrasActiv` VALUES (1579,0,0,0,58,'4-1Rc',6.000,66);
INSERT INTO `movsRepoOtrasActiv` VALUES (1580,0,0,0,58,'6-1 BTrC',3.000,66);
INSERT INTO `movsRepoOtrasActiv` VALUES (1581,0,0,0,58,'9-1 PEmbA',9.000,59);
INSERT INTO `movsRepoOtrasActiv` VALUES (1582,0,0,0,58,'9-1 PEmbA',9.000,73);
INSERT INTO `movsRepoOtrasActiv` VALUES (1583,0,0,0,59,'6-1 BTrC',9.000,84);
INSERT INTO `movsRepoOtrasActiv` VALUES (1584,0,0,0,59,'4-1Rc',6.000,66);
INSERT INTO `movsRepoOtrasActiv` VALUES (1585,0,0,0,59,'6-1 BTrC',3.000,66);
INSERT INTO `movsRepoOtrasActiv` VALUES (1586,0,0,0,59,'5-4 Mp',7.000,63);
INSERT INTO `movsRepoOtrasActiv` VALUES (1587,0,0,0,59,'6-1 BTrC',2.000,63);
INSERT INTO `movsRepoOtrasActiv` VALUES (1588,0,0,0,59,'4-1Rc',1.000,56);
INSERT INTO `movsRepoOtrasActiv` VALUES (1589,0,0,0,59,'9-1 PEmbA',9.000,73);
INSERT INTO `movsRepoOtrasActiv` VALUES (1590,0,0,0,59,'6-1 BTrA',9.000,59);
INSERT INTO `movsRepoOtrasActiv` VALUES (1593,0,0,0,60,'4-1Rc',6.000,66);
INSERT INTO `movsRepoOtrasActiv` VALUES (1596,0,0,0,60,'6-1 BTrC',3.000,66);
INSERT INTO `movsRepoOtrasActiv` VALUES (1597,0,0,0,60,'5-4 Mp',7.000,63);
INSERT INTO `movsRepoOtrasActiv` VALUES (1598,0,0,0,60,'6-1 BTrD',2.000,63);
INSERT INTO `movsRepoOtrasActiv` VALUES (1599,0,0,0,60,'4-1Rc',5.000,56);
INSERT INTO `movsRepoOtrasActiv` VALUES (1600,0,0,0,60,'9-1 PEmbA',9.000,73);
INSERT INTO `movsRepoOtrasActiv` VALUES (1601,0,0,0,60,'9-1 PEmbA',9.000,73);
INSERT INTO `movsRepoOtrasActiv` VALUES (1602,0,0,0,60,'9-1 PembC',9.000,59);
INSERT INTO `movsRepoOtrasActiv` VALUES (1603,0,0,0,61,'4-1Rc',3.000,66);
INSERT INTO `movsRepoOtrasActiv` VALUES (1604,0,0,0,61,'6-1 BTrC',6.000,66);
INSERT INTO `movsRepoOtrasActiv` VALUES (1605,0,0,0,61,'5-4 Mp',7.000,63);
INSERT INTO `movsRepoOtrasActiv` VALUES (1606,0,0,0,61,'6-1 BTrC',2.000,63);
INSERT INTO `movsRepoOtrasActiv` VALUES (1607,0,0,0,61,'4-1Rc',5.000,56);
INSERT INTO `movsRepoOtrasActiv` VALUES (1609,0,0,0,61,'9-1 PEmbA',9.000,73);
INSERT INTO `movsRepoOtrasActiv` VALUES (1610,0,0,0,61,'9-1 PembC',9.000,59);
INSERT INTO `movsRepoOtrasActiv` VALUES (1611,0,0,0,62,'4-1Rc',4.000,68);
INSERT INTO `movsRepoOtrasActiv` VALUES (1612,0,0,0,62,'5-4 Mp',3.000,68);
INSERT INTO `movsRepoOtrasActiv` VALUES (1613,0,0,0,62,'10-2 AMtM',6.000,58);
INSERT INTO `movsRepoOtrasActiv` VALUES (1614,0,0,0,62,'8-1 EST',3.000,58);
INSERT INTO `movsRepoOtrasActiv` VALUES (1615,0,0,0,62,'5-4 Mp',3.000,77);
INSERT INTO `movsRepoOtrasActiv` VALUES (1616,0,0,0,62,'6-1 BTrC',6.000,77);
INSERT INTO `movsRepoOtrasActiv` VALUES (1617,0,0,0,62,'6-1 BTrB',9.000,57);
INSERT INTO `movsRepoOtrasActiv` VALUES (1618,0,0,0,63,'6-1 BTrC',7.000,84);
INSERT INTO `movsRepoOtrasActiv` VALUES (1619,0,0,0,63,'6-1 BTrC',3.000,66);
INSERT INTO `movsRepoOtrasActiv` VALUES (1620,0,0,0,63,'6-1 BTrD',9.000,63);
INSERT INTO `movsRepoOtrasActiv` VALUES (1621,0,0,0,63,'4-1Rc',4.000,58);
INSERT INTO `movsRepoOtrasActiv` VALUES (1622,0,0,0,63,'9-1 PEmbA',9.000,73);
INSERT INTO `movsRepoOtrasActiv` VALUES (1624,0,0,0,63,'9-1 PembC',10.000,59);
INSERT INTO `movsRepoOtrasActiv` VALUES (1625,0,0,0,64,'4-1Rc',4.000,68);
INSERT INTO `movsRepoOtrasActiv` VALUES (1626,0,0,0,64,'6-1 BTrC',1.000,68);
INSERT INTO `movsRepoOtrasActiv` VALUES (1627,0,0,0,64,'10-2 AMtM',3.000,58);
INSERT INTO `movsRepoOtrasActiv` VALUES (1628,0,0,0,64,'6-1 BTrC',5.000,77);
INSERT INTO `movsRepoOtrasActiv` VALUES (1630,0,0,0,65,'6-1 BTrC',3.000,83);
INSERT INTO `movsRepoOtrasActiv` VALUES (1631,0,0,0,65,'6-1 BTrC',2.000,66);
INSERT INTO `movsRepoOtrasActiv` VALUES (1632,0,0,0,65,'6-1 BTrD',3.000,63);
INSERT INTO `movsRepoOtrasActiv` VALUES (1633,0,0,0,65,'4-1Rc',4.000,56);
INSERT INTO `movsRepoOtrasActiv` VALUES (1634,0,0,0,65,'9-1 PEmbA',9.000,73);
INSERT INTO `movsRepoOtrasActiv` VALUES (1635,0,0,0,65,'9-1 PembC',5.000,59);
INSERT INTO `movsRepoOtrasActiv` VALUES (1636,0,0,0,66,'4-1Rc',3.000,68);
INSERT INTO `movsRepoOtrasActiv` VALUES (1637,0,0,0,66,'5-1- BrA',3.000,68);
INSERT INTO `movsRepoOtrasActiv` VALUES (1638,0,0,0,66,'6-1 BTrC',4.000,68);
INSERT INTO `movsRepoOtrasActiv` VALUES (1639,0,0,0,66,'9-1 PEmbA',9.000,59);
INSERT INTO `movsRepoOtrasActiv` VALUES (1640,0,0,0,66,'5-4 Mp',3.000,58);
INSERT INTO `movsRepoOtrasActiv` VALUES (1641,0,0,0,66,'8-1 EST',3.000,58);
INSERT INTO `movsRepoOtrasActiv` VALUES (1642,0,0,0,66,'10-2 AMtM',3.000,58);
INSERT INTO `movsRepoOtrasActiv` VALUES (1643,0,0,0,66,'5-4 Mp',3.000,76);
INSERT INTO `movsRepoOtrasActiv` VALUES (1644,0,0,0,66,'6-1 BTrC',6.000,77);
INSERT INTO `movsRepoOtrasActiv` VALUES (1645,0,0,0,67,'6-1 BTrC',9.000,84);
INSERT INTO `movsRepoOtrasActiv` VALUES (1646,0,0,0,67,'6-1 BTrC',9.000,66);
INSERT INTO `movsRepoOtrasActiv` VALUES (1647,0,0,0,67,'5-4 Mp',8.000,63);
INSERT INTO `movsRepoOtrasActiv` VALUES (1649,0,0,0,67,'103-MVMat',1.000,63);
INSERT INTO `movsRepoOtrasActiv` VALUES (1650,0,0,0,67,'4-1Rc',9.000,56);
INSERT INTO `movsRepoOtrasActiv` VALUES (1651,0,0,0,67,'103-MVMat',9.000,102);
INSERT INTO `movsRepoOtrasActiv` VALUES (1652,0,0,0,67,'9-1 PEmbA',9.000,73);
INSERT INTO `movsRepoOtrasActiv` VALUES (1653,0,0,0,67,'9-1 PEmbA',9.000,59);
INSERT INTO `movsRepoOtrasActiv` VALUES (1654,0,0,0,69,'6-1 BTrC',4.300,68);
INSERT INTO `movsRepoOtrasActiv` VALUES (1655,0,0,0,69,'4-1Rc',3.000,68);
INSERT INTO `movsRepoOtrasActiv` VALUES (1656,0,0,0,69,'5-1- BrB',3.000,96);
INSERT INTO `movsRepoOtrasActiv` VALUES (1657,0,0,0,69,'9-1 PEmbA',9.000,59);
INSERT INTO `movsRepoOtrasActiv` VALUES (1658,0,0,0,69,'103-MVMat',9.000,58);
INSERT INTO `movsRepoOtrasActiv` VALUES (1660,0,0,0,69,'5-4 Mp',2.000,77);
INSERT INTO `movsRepoOtrasActiv` VALUES (1661,0,0,0,69,'6-1 BTrC',7.000,77);
INSERT INTO `movsRepoOtrasActiv` VALUES (1662,0,0,0,69,'5-4 Mp',4.000,57);
INSERT INTO `movsRepoOtrasActiv` VALUES (1664,0,0,0,69,'6-1 BTrC',3.000,57);
INSERT INTO `movsRepoOtrasActiv` VALUES (1665,0,0,0,69,'103-MVMat',9.000,61);
INSERT INTO `movsRepoOtrasActiv` VALUES (1666,0,0,0,70,'6-1 BTrC',9.000,84);
INSERT INTO `movsRepoOtrasActiv` VALUES (1667,0,0,0,70,'6-1 BTrC',9.000,66);
INSERT INTO `movsRepoOtrasActiv` VALUES (1668,0,0,0,70,'5-1- BrC',7.000,63);
INSERT INTO `movsRepoOtrasActiv` VALUES (1670,0,0,0,70,'6-1 BTrD',2.000,63);
INSERT INTO `movsRepoOtrasActiv` VALUES (1671,0,0,0,70,'4-1Rc',9.000,56);
INSERT INTO `movsRepoOtrasActiv` VALUES (1672,0,0,0,70,'10-1 EnTGC',9.000,102);
INSERT INTO `movsRepoOtrasActiv` VALUES (1673,0,0,0,70,'9-1 PEmbA',9.000,59);
INSERT INTO `movsRepoOtrasActiv` VALUES (1675,0,0,0,70,'9-1 PEmbA',9.000,73);
INSERT INTO `movsRepoOtrasActiv` VALUES (1676,0,0,0,71,'5-1- BrB',3.000,68);
INSERT INTO `movsRepoOtrasActiv` VALUES (1677,0,0,0,71,'5-4 Mp',1.000,68);
INSERT INTO `movsRepoOtrasActiv` VALUES (1678,0,0,0,71,'6-1 BTrC',6.000,68);
INSERT INTO `movsRepoOtrasActiv` VALUES (1679,0,0,0,71,'9-1 PEmbA',9.000,59);
INSERT INTO `movsRepoOtrasActiv` VALUES (1680,0,0,0,71,'103-MVMat',9.000,58);
INSERT INTO `movsRepoOtrasActiv` VALUES (1681,0,0,0,71,'6-1 BTrC',9.000,57);
INSERT INTO `movsRepoOtrasActiv` VALUES (1682,0,0,0,72,'6-1 BTrC',9.000,84);
INSERT INTO `movsRepoOtrasActiv` VALUES (1683,0,0,0,72,'4-1Rc',2.000,66);
INSERT INTO `movsRepoOtrasActiv` VALUES (1684,0,0,0,72,'6-1 BTrC',7.000,66);
INSERT INTO `movsRepoOtrasActiv` VALUES (1685,0,0,0,72,'5-4 Mp',9.000,63);
INSERT INTO `movsRepoOtrasActiv` VALUES (1686,0,0,0,72,'4-1Rc',9.000,56);
INSERT INTO `movsRepoOtrasActiv` VALUES (1687,0,0,0,72,'103-MVMat',9.000,102);
INSERT INTO `movsRepoOtrasActiv` VALUES (1688,0,0,0,72,'9-1 PEmbA',9.000,59);
INSERT INTO `movsRepoOtrasActiv` VALUES (1689,0,0,0,73,'6-1 BTrC',9.000,66);
INSERT INTO `movsRepoOtrasActiv` VALUES (1690,0,0,0,73,'5-4 Mp',7.000,63);
INSERT INTO `movsRepoOtrasActiv` VALUES (1691,0,0,0,73,'6-1 BTrD',2.000,63);
INSERT INTO `movsRepoOtrasActiv` VALUES (1692,0,0,0,73,'4-1Rc',9.000,56);
INSERT INTO `movsRepoOtrasActiv` VALUES (1693,0,0,0,73,'103-MVMat',9.000,102);
INSERT INTO `movsRepoOtrasActiv` VALUES (1694,0,0,0,73,'9-1 PEmbA',9.000,73);
INSERT INTO `movsRepoOtrasActiv` VALUES (1695,0,0,0,73,'9-1 PEmbA',9.000,59);
INSERT INTO `movsRepoOtrasActiv` VALUES (1696,0,0,0,74,'6-1 BTrC',10.000,68);
INSERT INTO `movsRepoOtrasActiv` VALUES (1697,0,0,0,74,'9-1 PEmbA',9.000,59);
INSERT INTO `movsRepoOtrasActiv` VALUES (1698,0,0,0,74,'10-2 AMtM',3.000,58);
INSERT INTO `movsRepoOtrasActiv` VALUES (1699,0,0,0,74,'8-1 EST',6.000,58);
INSERT INTO `movsRepoOtrasActiv` VALUES (1700,0,0,0,74,'6-1 BTrC',9.000,77);
INSERT INTO `movsRepoOtrasActiv` VALUES (1701,0,0,0,74,'6-1 BTrC',9.000,57);
INSERT INTO `movsRepoOtrasActiv` VALUES (1702,0,0,0,75,'6-1 BTrC',9.300,84);
INSERT INTO `movsRepoOtrasActiv` VALUES (1703,0,0,0,75,'4-1Rc',4.000,66);
INSERT INTO `movsRepoOtrasActiv` VALUES (1704,0,0,0,75,'6-1 BTrC',5.300,66);
INSERT INTO `movsRepoOtrasActiv` VALUES (1705,0,0,0,75,'4-1Rc',5.000,63);
INSERT INTO `movsRepoOtrasActiv` VALUES (1706,0,0,0,75,'6-1 BTrD',4.000,63);
INSERT INTO `movsRepoOtrasActiv` VALUES (1707,0,0,0,75,'103-MVMat',9.000,102);
INSERT INTO `movsRepoOtrasActiv` VALUES (1708,0,0,0,75,'9-1 PEmbA',9.300,73);
INSERT INTO `movsRepoOtrasActiv` VALUES (1709,0,0,0,75,'9-1 PEmbA',9.300,59);
INSERT INTO `movsRepoOtrasActiv` VALUES (1710,0,0,0,76,'4-1Rc',4.000,68);
INSERT INTO `movsRepoOtrasActiv` VALUES (1711,0,0,0,76,'5-4 Mp',2.000,68);
INSERT INTO `movsRepoOtrasActiv` VALUES (1712,0,0,0,76,'6-1 BTrC',4.000,68);
INSERT INTO `movsRepoOtrasActiv` VALUES (1713,0,0,0,76,'6-1 BTrC',9.000,57);
INSERT INTO `movsRepoOtrasActiv` VALUES (1714,0,0,0,76,'5-4 Mp',3.000,77);
INSERT INTO `movsRepoOtrasActiv` VALUES (1715,0,0,0,76,'6-1 BTrC',6.000,77);
INSERT INTO `movsRepoOtrasActiv` VALUES (1716,0,0,0,76,'10-2 AMtM',6.000,58);
INSERT INTO `movsRepoOtrasActiv` VALUES (1717,0,0,0,76,'8-1 EST',3.000,58);
INSERT INTO `movsRepoOtrasActiv` VALUES (1718,0,0,0,78,'6-1 BTrB',4.000,84);
INSERT INTO `movsRepoOtrasActiv` VALUES (1719,0,0,0,78,'6-1 BTrC',4.000,66);
INSERT INTO `movsRepoOtrasActiv` VALUES (1720,0,0,0,78,'5-4 Mp',3.000,63);
INSERT INTO `movsRepoOtrasActiv` VALUES (1721,0,0,0,78,'4-1Rc',4.000,56);
INSERT INTO `movsRepoOtrasActiv` VALUES (1722,0,0,0,78,'103-MVMat',3.000,102);
INSERT INTO `movsRepoOtrasActiv` VALUES (1723,0,0,0,78,'9-1 PEmbA',5.000,73);
INSERT INTO `movsRepoOtrasActiv` VALUES (1724,0,0,0,78,'9-1 PEmbA',5.000,59);
INSERT INTO `movsRepoOtrasActiv` VALUES (1725,0,142,0,0,'ct0141D+',103.000,76);
INSERT INTO `movsRepoOtrasActiv` VALUES (1726,0,142,0,0,'ct0141D+',38.000,70);
INSERT INTO `movsRepoOtrasActiv` VALUES (1727,0,142,0,0,'ct0236D',39.000,70);
INSERT INTO `movsRepoOtrasActiv` VALUES (1728,0,0,0,79,'5-4 Mp',2.000,68);
INSERT INTO `movsRepoOtrasActiv` VALUES (1729,0,0,0,79,'6-1 BTrC',3.000,68);
INSERT INTO `movsRepoOtrasActiv` VALUES (1730,0,0,0,79,'6-1 BTrC',4.000,57);
INSERT INTO `movsRepoOtrasActiv` VALUES (1731,0,0,0,79,'6-1 BTrC',4.000,77);
INSERT INTO `movsRepoOtrasActiv` VALUES (1732,0,0,0,79,'8-1 EST',3.000,58);
INSERT INTO `movsRepoOtrasActiv` VALUES (1733,0,0,0,79,'103-MVMat',3.000,102);
INSERT INTO `movsRepoOtrasActiv` VALUES (1734,0,150,0,0,'ct0141D+',118.000,60);
INSERT INTO `movsRepoOtrasActiv` VALUES (1735,0,150,0,0,'ct0141D+',41.000,76);
INSERT INTO `movsRepoOtrasActiv` VALUES (1736,0,150,0,0,'10-2  CAvP',5.000,76);
INSERT INTO `movsRepoOtrasActiv` VALUES (1737,0,150,0,0,'10-2  CAvP',1.000,60);
INSERT INTO `movsRepoOtrasActiv` VALUES (1738,0,0,0,80,'4-1Rc',5.000,66);
INSERT INTO `movsRepoOtrasActiv` VALUES (1739,0,0,0,80,'6-1 BTrC',4.000,66);
INSERT INTO `movsRepoOtrasActiv` VALUES (1740,0,0,0,80,'5-4 Mp',6.000,63);
INSERT INTO `movsRepoOtrasActiv` VALUES (1741,0,0,0,80,'6-1 BTrC',3.000,63);
INSERT INTO `movsRepoOtrasActiv` VALUES (1742,0,0,0,80,'10-1 EnTGC',9.000,102);
INSERT INTO `movsRepoOtrasActiv` VALUES (1743,0,0,0,80,'9-1 PEmbA',9.000,73);
INSERT INTO `movsRepoOtrasActiv` VALUES (1744,0,0,0,80,'9-1 PEmbA',9.000,59);
INSERT INTO `movsRepoOtrasActiv` VALUES (1745,0,0,0,81,'4-1Rc',6.000,68);
INSERT INTO `movsRepoOtrasActiv` VALUES (1746,0,0,0,81,'5-4 Mp',3.000,68);
INSERT INTO `movsRepoOtrasActiv` VALUES (1747,0,0,0,81,'6-1 BTrC',2.000,68);
INSERT INTO `movsRepoOtrasActiv` VALUES (1748,0,0,0,81,'6-1 BTrC',9.000,77);
INSERT INTO `movsRepoOtrasActiv` VALUES (1749,0,0,0,81,'103-MVMat',3.000,58);
INSERT INTO `movsRepoOtrasActiv` VALUES (1750,0,0,0,81,'8-1 EST',6.000,58);
INSERT INTO `movsRepoOtrasActiv` VALUES (1751,0,0,0,81,'5-4 Mp',3.000,59);
INSERT INTO `movsRepoOtrasActiv` VALUES (1752,0,0,0,81,'9-1 PEmbA',6.000,59);
INSERT INTO `movsRepoOtrasActiv` VALUES (1753,0,145,0,0,'10-2  CAvA',3.000,81);
INSERT INTO `movsRepoOtrasActiv` VALUES (1754,0,145,0,0,'10-2  CAvA',3.000,82);
INSERT INTO `movsRepoOtrasActiv` VALUES (1755,0,145,0,0,'10-2  CAvA',3.000,83);
INSERT INTO `movsRepoOtrasActiv` VALUES (1756,0,0,0,82,'4-1Rc',6.000,68);
INSERT INTO `movsRepoOtrasActiv` VALUES (1757,0,0,0,82,'6-1 BTrC',5.300,68);
INSERT INTO `movsRepoOtrasActiv` VALUES (1758,0,0,0,82,'8-1 EST',9.000,58);
INSERT INTO `movsRepoOtrasActiv` VALUES (1759,0,146,0,0,'ct0141D+',54.000,60);
INSERT INTO `movsRepoOtrasActiv` VALUES (1760,0,146,0,0,'ct0141D+',50.000,76);
INSERT INTO `movsRepoOtrasActiv` VALUES (1761,0,0,0,83,'5-4 Mp',6.000,84);
INSERT INTO `movsRepoOtrasActiv` VALUES (1762,0,0,0,83,'6-1 BTrC',3.000,84);
INSERT INTO `movsRepoOtrasActiv` VALUES (1763,0,0,0,83,'4-1Rc',3.000,66);
INSERT INTO `movsRepoOtrasActiv` VALUES (1764,0,0,0,83,'6-1 BTrC',6.000,66);
INSERT INTO `movsRepoOtrasActiv` VALUES (1765,0,0,0,83,'4-1Rc',9.000,56);
INSERT INTO `movsRepoOtrasActiv` VALUES (1766,0,0,0,83,'10-1 EnTGC',9.000,102);
INSERT INTO `movsRepoOtrasActiv` VALUES (1767,0,0,0,83,'9-1 PEmbA',9.300,73);
INSERT INTO `movsRepoOtrasActiv` VALUES (1768,0,0,0,83,'5-4 Mp',3.000,59);
INSERT INTO `movsRepoOtrasActiv` VALUES (1769,0,0,0,83,'6-1 BTrC',5.300,59);
INSERT INTO `movsRepoOtrasActiv` VALUES (1770,0,0,0,83,'9-1 PEmbA',1.000,59);
INSERT INTO `movsRepoOtrasActiv` VALUES (1777,0,153,0,0,'ctIEQ',57.000,60);
INSERT INTO `movsRepoOtrasActiv` VALUES (1778,0,153,0,0,'ct0141D+',94.000,60);
INSERT INTO `movsRepoOtrasActiv` VALUES (1779,0,153,0,0,'ctIEQ',65.000,76);
INSERT INTO `movsRepoOtrasActiv` VALUES (1780,0,153,0,0,'ct0141D+',76.000,76);
INSERT INTO `movsRepoOtrasActiv` VALUES (1781,0,153,0,0,'ct0174D',55.000,70);
INSERT INTO `movsRepoOtrasActiv` VALUES (1782,0,153,0,0,'ct0141D+',72.000,70);
INSERT INTO `movsRepoOtrasActiv` VALUES (1783,0,0,0,84,'4-1Rc',10.300,68);
INSERT INTO `movsRepoOtrasActiv` VALUES (1784,0,0,0,84,'5-4 Mp',2.000,77);
INSERT INTO `movsRepoOtrasActiv` VALUES (1785,0,0,0,84,'6-1 BTrF',7.000,77);
INSERT INTO `movsRepoOtrasActiv` VALUES (1786,0,0,0,84,'8-1 EST',9.000,58);
INSERT INTO `movsRepoOtrasActiv` VALUES (1787,0,0,0,85,'6-1 BTrC',9.000,84);
INSERT INTO `movsRepoOtrasActiv` VALUES (1788,0,0,0,85,'4-1Rc',2.000,66);
INSERT INTO `movsRepoOtrasActiv` VALUES (1789,0,0,0,85,'6-1 BTrC',7.000,66);
INSERT INTO `movsRepoOtrasActiv` VALUES (1791,0,0,0,85,'6-1 BTrD',5.000,63);
INSERT INTO `movsRepoOtrasActiv` VALUES (1792,0,0,0,85,'6-1 BTrC',4.000,63);
INSERT INTO `movsRepoOtrasActiv` VALUES (1793,0,0,0,85,'4-1Rc',9.000,56);
INSERT INTO `movsRepoOtrasActiv` VALUES (1794,0,0,0,85,'10-1 EnTGC',7.000,102);
INSERT INTO `movsRepoOtrasActiv` VALUES (1795,0,0,0,85,'103-MVMat',2.000,102);
INSERT INTO `movsRepoOtrasActiv` VALUES (1796,0,0,0,85,'9-1 PEmbA',9.000,73);
INSERT INTO `movsRepoOtrasActiv` VALUES (1797,0,0,0,85,'9-1 PEmbA',9.000,59);
INSERT INTO `movsRepoOtrasActiv` VALUES (1798,0,0,0,86,'6-1 BTrC',9.000,84);
INSERT INTO `movsRepoOtrasActiv` VALUES (1799,0,0,0,86,'4-1Rc',3.000,66);
INSERT INTO `movsRepoOtrasActiv` VALUES (1800,0,0,0,86,'6-1 BTrC',6.000,66);
INSERT INTO `movsRepoOtrasActiv` VALUES (1801,0,0,0,86,'9-1 PEmbA',9.000,73);
INSERT INTO `movsRepoOtrasActiv` VALUES (1802,0,0,0,86,'6-1 BTrC',7.000,58);
INSERT INTO `movsRepoOtrasActiv` VALUES (1803,0,0,0,86,'9-1 PEmbA',2.000,59);
INSERT INTO `movsRepoOtrasActiv` VALUES (1804,0,0,0,87,'4-1Rc',10.000,68);
INSERT INTO `movsRepoOtrasActiv` VALUES (1805,0,0,0,87,'6-1 BTrC',9.000,77);
INSERT INTO `movsRepoOtrasActiv` VALUES (1806,0,0,0,87,'10-2 AMtM',6.000,58);
INSERT INTO `movsRepoOtrasActiv` VALUES (1807,0,0,0,87,'8-1 EST',3.000,55);
INSERT INTO `movsRepoOtrasActiv` VALUES (1808,0,154,0,0,'10-2  CAvC',9.000,81);
INSERT INTO `movsRepoOtrasActiv` VALUES (1809,0,154,0,0,'10-2  CAvC',9.000,82);
INSERT INTO `movsRepoOtrasActiv` VALUES (1810,0,154,0,0,'10-2  CAvC',9.000,83);
INSERT INTO `movsRepoOtrasActiv` VALUES (1811,0,154,0,0,'ctIEQ',112.000,105);
INSERT INTO `movsRepoOtrasActiv` VALUES (1812,0,155,0,0,'ctIEQ',108.000,105);
INSERT INTO `movsRepoOtrasActiv` VALUES (1813,0,155,0,0,'10-2  CAvC',9.000,81);
INSERT INTO `movsRepoOtrasActiv` VALUES (1814,0,155,0,0,'10-2  CAvC',9.000,82);
INSERT INTO `movsRepoOtrasActiv` VALUES (1815,0,155,0,0,'10-2  CAvC',9.000,83);
INSERT INTO `movsRepoOtrasActiv` VALUES (1816,0,0,0,88,'4-1Rc',8.000,68);
INSERT INTO `movsRepoOtrasActiv` VALUES (1817,0,0,0,88,'6-1 BTrC',9.000,77);
INSERT INTO `movsRepoOtrasActiv` VALUES (1818,0,0,0,88,'103-MVMat',3.000,58);
INSERT INTO `movsRepoOtrasActiv` VALUES (1819,0,0,0,88,'8-1 CrF',6.000,58);
INSERT INTO `movsRepoOtrasActiv` VALUES (1820,0,0,0,89,'6-1 BTrC',4.000,77);
INSERT INTO `movsRepoOtrasActiv` VALUES (1821,0,0,0,89,'8-1 EST',3.000,58);
INSERT INTO `movsRepoOtrasActiv` VALUES (1822,0,156,0,0,'ctIEQ',54.000,105);
INSERT INTO `movsRepoOtrasActiv` VALUES (1823,0,156,0,0,'10-2  CAvC',5.000,81);
INSERT INTO `movsRepoOtrasActiv` VALUES (1824,0,156,0,0,'10-2  CAvC',5.000,82);
INSERT INTO `movsRepoOtrasActiv` VALUES (1825,0,156,0,0,'10-2  CAvC',5.000,83);
INSERT INTO `movsRepoOtrasActiv` VALUES (1826,0,123,0,0,'ct0141D+',128.000,60);
INSERT INTO `movsRepoOtrasActiv` VALUES (1827,0,123,0,0,'ct0141D+',120.000,76);
INSERT INTO `movsRepoOtrasActiv` VALUES (1828,0,123,0,0,'ct0141D+',112.000,70);
INSERT INTO `movsRepoOtrasActiv` VALUES (1829,0,125,0,0,'ct0141D+',37.000,60);
INSERT INTO `movsRepoOtrasActiv` VALUES (1831,0,125,0,0,'ct0141D+',35.000,76);
INSERT INTO `movsRepoOtrasActiv` VALUES (1832,0,125,0,0,'ct0141D+',34.000,70);
INSERT INTO `movsRepoOtrasActiv` VALUES (1833,0,131,0,0,'ct0141D+',115.000,60);
INSERT INTO `movsRepoOtrasActiv` VALUES (1834,0,131,0,0,'ct0141D+',106.000,76);
INSERT INTO `movsRepoOtrasActiv` VALUES (1835,0,131,0,0,'ct0141D+',105.000,70);
INSERT INTO `movsRepoOtrasActiv` VALUES (1836,0,132,0,0,'ct0141D+',54.000,60);
INSERT INTO `movsRepoOtrasActiv` VALUES (1837,0,132,0,0,'ct0141D+',53.000,76);
INSERT INTO `movsRepoOtrasActiv` VALUES (1838,0,132,0,0,'ct0141D+',47.000,70);
INSERT INTO `movsRepoOtrasActiv` VALUES (1839,0,134,0,0,'7-1 AGUI01',4.000,83);
INSERT INTO `movsRepoOtrasActiv` VALUES (1840,0,157,0,0,'ctMAI01',90.000,81);
INSERT INTO `movsRepoOtrasActiv` VALUES (1841,0,157,0,0,'ctMAI01',82.000,82);
INSERT INTO `movsRepoOtrasActiv` VALUES (1842,0,157,0,0,'ctMAI01',94.000,83);
INSERT INTO `movsRepoOtrasActiv` VALUES (1843,0,137,0,0,'ct0236D',124.000,60);
INSERT INTO `movsRepoOtrasActiv` VALUES (1844,0,139,0,0,'ct0236D',79.000,60);
INSERT INTO `movsRepoOtrasActiv` VALUES (1845,0,139,0,0,'ct0141D+',87.000,76);
INSERT INTO `movsRepoOtrasActiv` VALUES (1846,0,139,0,0,'ct0236D',51.000,76);
INSERT INTO `movsRepoOtrasActiv` VALUES (1847,0,139,0,0,'ct0236D',54.000,70);
INSERT INTO `movsRepoOtrasActiv` VALUES (1848,0,158,0,0,'ct0141D+',112.000,60);
INSERT INTO `movsRepoOtrasActiv` VALUES (1849,0,158,0,0,'ct0174D',79.000,60);
INSERT INTO `movsRepoOtrasActiv` VALUES (1850,0,158,0,0,'ct0141D+',126.000,76);
INSERT INTO `movsRepoOtrasActiv` VALUES (1851,0,158,0,0,'ct0174D',77.000,76);
INSERT INTO `movsRepoOtrasActiv` VALUES (1852,0,158,0,0,'ct0174D',39.000,83);
INSERT INTO `movsRepoOtrasActiv` VALUES (1853,0,0,0,90,'6-1 BTrC',11.000,84);
INSERT INTO `movsRepoOtrasActiv` VALUES (1854,0,0,0,90,'4-1Rc',3.000,66);
INSERT INTO `movsRepoOtrasActiv` VALUES (1855,0,0,0,90,'6-1 BTrC',7.300,66);
INSERT INTO `movsRepoOtrasActiv` VALUES (1856,0,0,0,90,'5-4 Mp',6.000,63);
INSERT INTO `movsRepoOtrasActiv` VALUES (1857,0,0,0,90,'6-1 BTrC',3.300,63);
INSERT INTO `movsRepoOtrasActiv` VALUES (1858,0,0,0,90,'4-1Rc',10.000,56);
INSERT INTO `movsRepoOtrasActiv` VALUES (1859,0,0,0,90,'9-1 PEmbA',11.000,73);
INSERT INTO `movsRepoOtrasActiv` VALUES (1860,0,0,0,90,'9-1 PEmbA',2.000,59);
INSERT INTO `movsRepoOtrasActiv` VALUES (1861,0,0,0,90,'6-1 BTrC',7.000,59);
INSERT INTO `movsRepoOtrasActiv` VALUES (1863,0,159,0,0,'ct0174D',30.000,76);
INSERT INTO `movsRepoOtrasActiv` VALUES (1864,0,159,0,0,'ct0141D+',10.000,76);
INSERT INTO `movsRepoOtrasActiv` VALUES (1865,0,159,0,0,'ct0141D+',37.000,70);
INSERT INTO `movsRepoOtrasActiv` VALUES (1866,406,0,0,0,'2-3 AsCJD',4.500,87);
INSERT INTO `movsRepoOtrasActiv` VALUES (1867,406,0,0,0,'2-3 AsCJD',4.500,90);
INSERT INTO `movsRepoOtrasActiv` VALUES (1868,406,0,0,0,'2-3 AsCBZ',4.500,87);
INSERT INTO `movsRepoOtrasActiv` VALUES (1869,406,0,0,0,'2-3 AsCBZ',4.500,90);
INSERT INTO `movsRepoOtrasActiv` VALUES (1870,406,0,0,0,'2-3 AsCJE',2.500,87);
INSERT INTO `movsRepoOtrasActiv` VALUES (1871,406,0,0,0,'2-3 AsCJE',2.500,90);
INSERT INTO `movsRepoOtrasActiv` VALUES (1872,409,0,0,0,'2-3 AsCJD',2.500,88);
INSERT INTO `movsRepoOtrasActiv` VALUES (1873,409,0,0,0,'2-3 AsCJD',2.500,74);
INSERT INTO `movsRepoOtrasActiv` VALUES (1874,409,0,0,0,'2-3 AsCBZ',5.000,88);
INSERT INTO `movsRepoOtrasActiv` VALUES (1875,409,0,0,0,'2-3 AsCBZ',5.000,74);
INSERT INTO `movsRepoOtrasActiv` VALUES (1876,409,0,0,0,'1-2 Rabr',2.500,88);
INSERT INTO `movsRepoOtrasActiv` VALUES (1877,409,0,0,0,'1-2 Rabr',2.500,74);
INSERT INTO `movsRepoOtrasActiv` VALUES (1878,410,0,0,0,'2-3 AsCBZ',15.000,54);
INSERT INTO `movsRepoOtrasActiv` VALUES (1879,410,0,0,0,'2-3 AsCBZ',15.000,55);
INSERT INTO `movsRepoOtrasActiv` VALUES (1880,0,0,0,91,'4-1Rc',2.000,84);
INSERT INTO `movsRepoOtrasActiv` VALUES (1881,0,0,0,91,'6-1 BTrC',2.000,84);
INSERT INTO `movsRepoOtrasActiv` VALUES (1882,0,0,0,91,'4-1Rc',2.000,66);
INSERT INTO `movsRepoOtrasActiv` VALUES (1883,0,0,0,91,'6-1 BTrC',2.000,66);
INSERT INTO `movsRepoOtrasActiv` VALUES (1884,0,0,0,91,'5-4 Mp',2.000,63);
INSERT INTO `movsRepoOtrasActiv` VALUES (1885,0,0,0,91,'6-1 BTrD',2.000,63);
INSERT INTO `movsRepoOtrasActiv` VALUES (1886,0,0,0,91,'9-1 PEmbA',5.000,73);
INSERT INTO `movsRepoOtrasActiv` VALUES (1887,0,0,0,91,'9-1 PEmbA',5.000,59);
INSERT INTO `movsRepoOtrasActiv` VALUES (1888,0,160,0,0,'ct0141D+',33.000,76);
INSERT INTO `movsRepoOtrasActiv` VALUES (1889,0,160,0,0,'ct0174D',2.000,76);
INSERT INTO `movsRepoOtrasActiv` VALUES (1890,0,160,0,0,'ct0141D+',38.000,60);
INSERT INTO `movsRepoOtrasActiv` VALUES (1891,0,160,0,0,'ct0174D',2.000,60);
INSERT INTO `movsRepoOtrasActiv` VALUES (1892,0,160,0,0,'10-2  CAvC',6.000,70);
INSERT INTO `movsRepoOtrasActiv` VALUES (1893,0,160,0,0,'10-2  CAvC',8.300,76);
INSERT INTO `movsRepoOtrasActiv` VALUES (1894,0,119,0,0,'ctIEQ',74.000,82);
INSERT INTO `movsRepoOtrasActiv` VALUES (1895,0,115,0,0,'ctCOR01',15.000,61);
INSERT INTO `movsRepoOtrasActiv` VALUES (1896,0,160,0,0,'10-2  CAvC',8.300,60);
INSERT INTO `movsRepoOtrasActiv` VALUES (1898,0,160,0,0,'ctIEQ',126.000,105);
INSERT INTO `movsRepoOtrasActiv` VALUES (1899,0,160,0,0,'10-2  CAvC',9.000,81);
INSERT INTO `movsRepoOtrasActiv` VALUES (1900,0,160,0,0,'10-2  CAvC',9.000,82);
INSERT INTO `movsRepoOtrasActiv` VALUES (1901,0,160,0,0,'10-2  CAvC',9.000,83);
INSERT INTO `movsRepoOtrasActiv` VALUES (1903,0,0,0,92,'4-1Rc',5.000,68);
INSERT INTO `movsRepoOtrasActiv` VALUES (1904,0,0,0,92,'6-1 BTrB',6.000,68);
INSERT INTO `movsRepoOtrasActiv` VALUES (1905,0,0,0,92,'6-1 BTrC',2.000,77);
INSERT INTO `movsRepoOtrasActiv` VALUES (1906,0,161,0,0,'ctIEQ',134.000,105);
INSERT INTO `movsRepoOtrasActiv` VALUES (1907,0,161,0,0,'10-2  CAvC',9.000,81);
INSERT INTO `movsRepoOtrasActiv` VALUES (1908,0,161,0,0,'10-2  CAvC',9.000,82);
INSERT INTO `movsRepoOtrasActiv` VALUES (1909,0,161,0,0,'10-2  CAvC',9.000,83);
INSERT INTO `movsRepoOtrasActiv` VALUES (1910,0,0,0,93,'4-1Rc',12.000,68);
INSERT INTO `movsRepoOtrasActiv` VALUES (1911,0,0,0,93,'6-1 BTrC',9.000,77);
INSERT INTO `movsRepoOtrasActiv` VALUES (1912,0,0,0,93,'10-2 AMtM',9.000,58);
INSERT INTO `movsRepoOtrasActiv` VALUES (1913,0,162,0,0,'ct0141D+',104.000,60);
INSERT INTO `movsRepoOtrasActiv` VALUES (1914,0,162,0,0,'ct0141D+',94.000,76);
INSERT INTO `movsRepoOtrasActiv` VALUES (1915,0,162,0,0,'ct0141D+',91.000,70);
INSERT INTO `movsRepoOtrasActiv` VALUES (1916,415,0,0,0,'2-3 AsCBZ',21.000,87);
INSERT INTO `movsRepoOtrasActiv` VALUES (1917,415,0,0,0,'2-3 AsCBZ',21.000,90);
INSERT INTO `movsRepoOtrasActiv` VALUES (1918,0,0,0,94,'6-1 BTrC',9.000,84);
INSERT INTO `movsRepoOtrasActiv` VALUES (1919,0,0,0,94,'4-1Rc',2.000,66);
INSERT INTO `movsRepoOtrasActiv` VALUES (1920,0,0,0,94,'6-1 BTrC',7.000,66);
INSERT INTO `movsRepoOtrasActiv` VALUES (1921,0,0,0,94,'5-4 Mp',6.000,63);
INSERT INTO `movsRepoOtrasActiv` VALUES (1922,0,0,0,94,'6-1 BTrC',4.000,63);
INSERT INTO `movsRepoOtrasActiv` VALUES (1923,0,0,0,94,'4-1Rc',9.000,56);
INSERT INTO `movsRepoOtrasActiv` VALUES (1924,0,0,0,94,'9-1 PEmbA',9.000,73);
INSERT INTO `movsRepoOtrasActiv` VALUES (1925,0,0,0,94,'9-1 PEmbA',9.000,59);
INSERT INTO `movsRepoOtrasActiv` VALUES (1927,0,165,0,0,'ct0174D',137.000,60);
INSERT INTO `movsRepoOtrasActiv` VALUES (1928,0,165,0,0,'ct0141D+',2.000,60);
INSERT INTO `movsRepoOtrasActiv` VALUES (1929,0,165,0,0,'ct0174D',111.000,76);
INSERT INTO `movsRepoOtrasActiv` VALUES (1932,0,165,0,0,'ct0141D+',3.000,76);
INSERT INTO `movsRepoOtrasActiv` VALUES (1933,0,165,0,0,'ct0174D',108.000,70);
INSERT INTO `movsRepoOtrasActiv` VALUES (1934,0,165,0,0,'ct0141D+',2.000,70);
INSERT INTO `movsRepoOtrasActiv` VALUES (1935,422,0,0,0,'2-3 AsCJD',15.000,87);
INSERT INTO `movsRepoOtrasActiv` VALUES (1936,422,0,0,0,'2-3 AsCJD',15.000,90);
INSERT INTO `movsRepoOtrasActiv` VALUES (1937,0,0,0,95,'6-1 BTrC',9.000,84);
INSERT INTO `movsRepoOtrasActiv` VALUES (1938,0,0,0,95,'4-1Rc',1.000,66);
INSERT INTO `movsRepoOtrasActiv` VALUES (1941,0,0,0,95,'6-1 BTrB',8.000,66);
INSERT INTO `movsRepoOtrasActiv` VALUES (1942,0,0,0,95,'5-4 Mp',6.000,63);
INSERT INTO `movsRepoOtrasActiv` VALUES (1943,0,0,0,95,'6-1 BTrC',3.000,63);
INSERT INTO `movsRepoOtrasActiv` VALUES (1944,0,0,0,95,'4-1Rc',10.000,56);
INSERT INTO `movsRepoOtrasActiv` VALUES (1945,0,0,0,95,'9-1 PEmbA',9.000,73);
INSERT INTO `movsRepoOtrasActiv` VALUES (1946,0,0,0,95,'9-1 PEmbA',9.000,59);
INSERT INTO `movsRepoOtrasActiv` VALUES (1947,0,166,0,0,'7-1 0259D',53.000,82);
INSERT INTO `movsRepoOtrasActiv` VALUES (1948,0,166,0,0,'7-1 0259D',51.000,81);
INSERT INTO `movsRepoOtrasActiv` VALUES (1949,0,166,0,0,'7-1 0259D',63.000,83);
INSERT INTO `movsRepoOtrasActiv` VALUES (1950,0,0,0,96,'4-1Rc',12.000,68);
INSERT INTO `movsRepoOtrasActiv` VALUES (1951,0,0,0,96,'1-4',9.000,58);
INSERT INTO `movsRepoOtrasActiv` VALUES (1952,0,167,0,0,'7-1 0259D',65.000,82);
INSERT INTO `movsRepoOtrasActiv` VALUES (1953,0,167,0,0,'7-1 0259D',70.000,81);
INSERT INTO `movsRepoOtrasActiv` VALUES (1954,0,167,0,0,'7-1 0259D',86.000,83);
INSERT INTO `movsRepoOtrasActiv` VALUES (1955,0,0,0,97,'4-1Rc',10.000,68);
INSERT INTO `movsRepoOtrasActiv` VALUES (1956,0,0,0,97,'6-1 BTrC',9.000,77);
INSERT INTO `movsRepoOtrasActiv` VALUES (1957,0,0,0,97,'5-4 Mp',3.000,58);
INSERT INTO `movsRepoOtrasActiv` VALUES (1958,0,0,0,97,'1-4',6.000,58);
INSERT INTO `movsRepoOtrasActiv` VALUES (1959,0,168,0,0,'ct0174D',97.000,60);
INSERT INTO `movsRepoOtrasActiv` VALUES (1960,0,168,0,0,'ct0174D',97.000,76);
INSERT INTO `movsRepoOtrasActiv` VALUES (1961,0,168,0,0,'ct0174D',94.000,70);
INSERT INTO `movsRepoOtrasActiv` VALUES (1962,427,0,0,0,'2-3 AsCJD',4.000,87);
INSERT INTO `movsRepoOtrasActiv` VALUES (1963,427,0,0,0,'2-3 AsCJD',4.000,90);
INSERT INTO `movsRepoOtrasActiv` VALUES (1964,427,0,0,0,'1-2 Rabr',2.000,87);
INSERT INTO `movsRepoOtrasActiv` VALUES (1965,427,0,0,0,'1-2 Rabr',2.000,90);
INSERT INTO `movsRepoOtrasActiv` VALUES (1966,0,0,0,98,'6-1 BTrC',10.000,84);
INSERT INTO `movsRepoOtrasActiv` VALUES (1967,0,0,0,98,'6-1 BTrC',10.000,66);
INSERT INTO `movsRepoOtrasActiv` VALUES (1968,0,0,0,98,'5-4 Mp',9.000,63);
INSERT INTO `movsRepoOtrasActiv` VALUES (1969,0,0,0,98,'4-1Rc',10.000,56);
INSERT INTO `movsRepoOtrasActiv` VALUES (1970,0,0,0,98,'9-1 PEmbA',10.000,73);
INSERT INTO `movsRepoOtrasActiv` VALUES (1971,0,0,0,98,'9-1 PEmbA',10.000,59);
INSERT INTO `movsRepoOtrasActiv` VALUES (1972,0,169,0,0,'7-1 0259D',58.000,82);
INSERT INTO `movsRepoOtrasActiv` VALUES (1973,0,169,0,0,'7-1 0259D',63.000,82);
INSERT INTO `movsRepoOtrasActiv` VALUES (1974,0,169,0,0,'7-1 0259D',72.000,83);
INSERT INTO `movsRepoOtrasActiv` VALUES (1975,0,0,0,99,'5-4 Mp',9.000,68);
INSERT INTO `movsRepoOtrasActiv` VALUES (1976,0,0,0,99,'6-1 BTrC',6.000,77);
INSERT INTO `movsRepoOtrasActiv` VALUES (1977,0,0,0,99,'5-4 Mp',3.000,77);
INSERT INTO `movsRepoOtrasActiv` VALUES (1978,0,0,0,99,'103-MVMat',3.000,58);
INSERT INTO `movsRepoOtrasActiv` VALUES (1979,0,0,0,99,'1-4',6.000,58);
INSERT INTO `movsRepoOtrasActiv` VALUES (1980,0,0,0,99,'5-4 Mp',1.000,68);
INSERT INTO `movsRepoOtrasActiv` VALUES (1981,0,170,0,0,'ct0174D',117.000,60);
INSERT INTO `movsRepoOtrasActiv` VALUES (1982,0,170,0,0,'ct0174D',113.000,76);
INSERT INTO `movsRepoOtrasActiv` VALUES (1983,0,170,0,0,'ct0174D',105.000,70);
INSERT INTO `movsRepoOtrasActiv` VALUES (1984,0,170,0,0,'10-2  CAvP',2.000,60);
INSERT INTO `movsRepoOtrasActiv` VALUES (1985,0,170,0,0,'10-2  CAvP',2.000,76);
INSERT INTO `movsRepoOtrasActiv` VALUES (1986,0,170,0,0,'10-2  CAvC',2.300,70);
INSERT INTO `movsRepoOtrasActiv` VALUES (1987,432,0,0,0,'2-3 AsCJE',1.000,87);
INSERT INTO `movsRepoOtrasActiv` VALUES (1988,432,0,0,0,'2-3 AsCJE',1.000,90);
INSERT INTO `movsRepoOtrasActiv` VALUES (1989,0,0,0,100,'6-1 BTrC',9.000,84);
INSERT INTO `movsRepoOtrasActiv` VALUES (1990,0,0,0,100,'4-1Rc',2.000,66);
INSERT INTO `movsRepoOtrasActiv` VALUES (1991,0,0,0,100,'6-1 BTrC',7.000,66);
INSERT INTO `movsRepoOtrasActiv` VALUES (1993,0,0,0,100,'5-4 Mp',7.000,63);
INSERT INTO `movsRepoOtrasActiv` VALUES (1994,0,0,0,100,'6-1 BTrC',2.000,63);
INSERT INTO `movsRepoOtrasActiv` VALUES (1995,0,0,0,100,'4-1Rc',9.000,56);
INSERT INTO `movsRepoOtrasActiv` VALUES (1996,0,0,0,100,'9-1 PEmbA',9.000,73);
INSERT INTO `movsRepoOtrasActiv` VALUES (1997,0,0,0,100,'9-1 PEmbA',9.000,59);
INSERT INTO `movsRepoOtrasActiv` VALUES (1999,0,0,0,101,'4-1Rc',3.000,68);
INSERT INTO `movsRepoOtrasActiv` VALUES (2000,0,0,0,101,'5-4 Mp',2.000,68);
INSERT INTO `movsRepoOtrasActiv` VALUES (2001,0,0,0,101,'6-1 BTrC',2.300,77);
INSERT INTO `movsRepoOtrasActiv` VALUES (2002,0,0,0,101,'1-4',3.000,58);
INSERT INTO `movsRepoOtrasActiv` VALUES (2003,0,172,0,0,'ct0174D',50.000,60);
INSERT INTO `movsRepoOtrasActiv` VALUES (2004,0,172,0,0,'ct0174D',14.000,76);
INSERT INTO `movsRepoOtrasActiv` VALUES (2005,0,172,0,0,'ct0174D',44.000,70);
INSERT INTO `movsRepoOtrasActiv` VALUES (2006,0,0,0,102,'6-1 BTrC',3.000,84);
INSERT INTO `movsRepoOtrasActiv` VALUES (2007,0,0,0,102,'6-1 BTrC',3.000,66);
INSERT INTO `movsRepoOtrasActiv` VALUES (2008,0,0,0,102,'5-4 Mp',3.000,63);
INSERT INTO `movsRepoOtrasActiv` VALUES (2009,0,0,0,102,'9-1 PEmbA',5.000,73);
INSERT INTO `movsRepoOtrasActiv` VALUES (2010,0,0,0,102,'6-1 BTrC',5.000,59);
INSERT INTO `movsRepoOtrasActiv` VALUES (2011,445,0,0,0,'2-3 AsCJD',8.500,87);
INSERT INTO `movsRepoOtrasActiv` VALUES (2012,445,0,0,0,'2-3 AsCJD',8.500,90);
INSERT INTO `movsRepoOtrasActiv` VALUES (2013,0,173,0,0,'ct0260D',70.000,82);
INSERT INTO `movsRepoOtrasActiv` VALUES (2014,0,173,0,0,'ct0260D',71.000,81);
INSERT INTO `movsRepoOtrasActiv` VALUES (2015,0,173,0,0,'ct0260D',62.000,83);
INSERT INTO `movsRepoOtrasActiv` VALUES (2016,0,173,0,0,'ct0174D',23.000,82);
INSERT INTO `movsRepoOtrasActiv` VALUES (2017,0,173,0,0,'ct0174D',23.000,81);
INSERT INTO `movsRepoOtrasActiv` VALUES (2018,0,173,0,0,'ct0174D',26.000,83);
INSERT INTO `movsRepoOtrasActiv` VALUES (2025,0,0,0,103,'4-1Rc',8.000,107);
INSERT INTO `movsRepoOtrasActiv` VALUES (2026,0,0,0,103,'5-4 Mp',3.000,68);
INSERT INTO `movsRepoOtrasActiv` VALUES (2027,0,0,0,103,'6-1 BTrC',7.000,68);
INSERT INTO `movsRepoOtrasActiv` VALUES (2028,0,0,0,103,'6-1 BTrC',9.000,77);
INSERT INTO `movsRepoOtrasActiv` VALUES (2029,0,0,0,103,'1-4',8.300,58);
INSERT INTO `movsRepoOtrasActiv` VALUES (2030,0,0,0,104,'6-1 BTrC',7.000,84);
INSERT INTO `movsRepoOtrasActiv` VALUES (2031,0,0,0,104,'4-1Rc',3.000,66);
INSERT INTO `movsRepoOtrasActiv` VALUES (2032,0,0,0,104,'6-1 BTrC',6.000,66);
INSERT INTO `movsRepoOtrasActiv` VALUES (2033,0,0,0,104,'5-4 Mp',6.000,63);
INSERT INTO `movsRepoOtrasActiv` VALUES (2034,0,0,0,104,'6-1 BTrC',3.000,63);
INSERT INTO `movsRepoOtrasActiv` VALUES (2035,0,0,0,104,'4-1Rc',9.000,56);
INSERT INTO `movsRepoOtrasActiv` VALUES (2036,0,0,0,104,'9-1 PEmbA',9.000,73);
INSERT INTO `movsRepoOtrasActiv` VALUES (2037,0,0,0,104,'1-2 Rabr',9.000,59);
INSERT INTO `movsRepoOtrasActiv` VALUES (2038,453,0,0,0,'1-2 Rabr',5.000,87);
INSERT INTO `movsRepoOtrasActiv` VALUES (2039,453,0,0,0,'1-2 Rabr',5.000,90);
INSERT INTO `movsRepoOtrasActiv` VALUES (2040,453,0,0,0,'2-3 AsCJD',8.500,87);
INSERT INTO `movsRepoOtrasActiv` VALUES (2041,453,0,0,0,'2-3 AsCJD',8.500,90);
INSERT INTO `movsRepoOtrasActiv` VALUES (2042,453,0,0,0,'2-3 AsCBZ',15.000,87);
INSERT INTO `movsRepoOtrasActiv` VALUES (2043,453,0,0,0,'2-3 AsCBZ',15.000,90);
INSERT INTO `movsRepoOtrasActiv` VALUES (2044,0,174,0,0,'ct0174D',83.000,60);
INSERT INTO `movsRepoOtrasActiv` VALUES (2045,0,174,0,0,'ct0174D',81.000,76);
INSERT INTO `movsRepoOtrasActiv` VALUES (2046,0,174,0,0,'ct0174D',81.000,70);
INSERT INTO `movsRepoOtrasActiv` VALUES (2047,0,174,0,0,'ct0174D',26.000,83);
INSERT INTO `movsRepoOtrasActiv` VALUES (2048,0,174,0,0,'ct0174D',23.000,81);
INSERT INTO `movsRepoOtrasActiv` VALUES (2049,0,174,0,0,'ct0174D',23.000,82);
INSERT INTO `movsRepoOtrasActiv` VALUES (2050,0,174,0,0,'10-2  CAvP',2.000,60);
INSERT INTO `movsRepoOtrasActiv` VALUES (2051,0,174,0,0,'10-2  CAvP',2.000,76);
INSERT INTO `movsRepoOtrasActiv` VALUES (2052,0,174,0,0,'10-2  CAvP',2.000,70);
INSERT INTO `movsRepoOtrasActiv` VALUES (2053,0,175,0,0,'ct0174D',132.000,60);
INSERT INTO `movsRepoOtrasActiv` VALUES (2054,0,175,0,0,'ct0174D',131.000,76);
INSERT INTO `movsRepoOtrasActiv` VALUES (2055,0,175,0,0,'ct0174D',115.000,70);
INSERT INTO `movsRepoOtrasActiv` VALUES (2056,0,159,0,0,'ct0224D',49.000,60);
INSERT INTO `movsRepoOtrasActiv` VALUES (2057,0,140,0,0,'ctIEQ',22.000,83);
INSERT INTO `movsRepoOtrasActiv` VALUES (2058,0,0,0,105,'6-1 BTrC',2.000,83);
INSERT INTO `movsRepoOtrasActiv` VALUES (2059,0,0,0,105,'3-1HjPV',7.000,84);
INSERT INTO `movsRepoOtrasActiv` VALUES (2060,0,0,0,105,'4-1Rc',7.000,66);
INSERT INTO `movsRepoOtrasActiv` VALUES (2061,0,0,0,105,'6-1 BTrC',2.000,66);
INSERT INTO `movsRepoOtrasActiv` VALUES (2062,0,0,0,105,'5-4 Mp',5.000,63);
INSERT INTO `movsRepoOtrasActiv` VALUES (2063,0,0,0,105,'6-1 BTrC',4.000,63);
INSERT INTO `movsRepoOtrasActiv` VALUES (2064,0,0,0,105,'9-1 PEmbA',9.000,73);
INSERT INTO `movsRepoOtrasActiv` VALUES (2065,0,0,0,105,'9-1 PEmbA',9.000,59);
INSERT INTO `movsRepoOtrasActiv` VALUES (2075,0,177,0,0,'ctCOR01',85.000,82);
INSERT INTO `movsRepoOtrasActiv` VALUES (2076,0,177,0,0,'ctCOR01',85.000,81);
INSERT INTO `movsRepoOtrasActiv` VALUES (2077,0,177,0,0,'ctCOR01',1.000,83);
INSERT INTO `movsRepoOtrasActiv` VALUES (2078,0,177,0,0,'ctIEQ',110.000,83);
INSERT INTO `movsRepoOtrasActiv` VALUES (2079,0,0,0,106,'6-1 BTrC',3.000,68);
INSERT INTO `movsRepoOtrasActiv` VALUES (2080,0,0,0,106,'5-1- BrA',7.000,68);
INSERT INTO `movsRepoOtrasActiv` VALUES (2081,0,0,0,106,'5-4 Mp',9.000,77);
INSERT INTO `movsRepoOtrasActiv` VALUES (2082,0,0,0,106,'6-1 BTrC',9.000,57);
INSERT INTO `movsRepoOtrasActiv` VALUES (2083,0,0,0,106,'4-1Rc',8.300,107);
INSERT INTO `movsRepoOtrasActiv` VALUES (2084,0,0,0,107,'6-1 BTrC',9.300,68);
INSERT INTO `movsRepoOtrasActiv` VALUES (2085,0,0,0,107,'6-1 BTrC',9.000,57);
INSERT INTO `movsRepoOtrasActiv` VALUES (2086,0,0,0,107,'5-4 Mp',6.000,77);
INSERT INTO `movsRepoOtrasActiv` VALUES (2087,0,0,0,107,'6-1 BTrC',3.000,77);
INSERT INTO `movsRepoOtrasActiv` VALUES (2088,0,0,0,107,'1-4',9.000,58);
INSERT INTO `movsRepoOtrasActiv` VALUES (2089,0,0,0,108,'6-1 BTrC',7.000,84);
INSERT INTO `movsRepoOtrasActiv` VALUES (2090,0,0,0,108,'6-1 BTrC',9.000,66);
INSERT INTO `movsRepoOtrasActiv` VALUES (2091,0,0,0,108,'5-4 Mp',6.000,57);
INSERT INTO `movsRepoOtrasActiv` VALUES (2092,0,0,0,108,'6-1 BTrC',3.000,77);
INSERT INTO `movsRepoOtrasActiv` VALUES (2093,0,0,0,108,'4-1Rc',9.000,56);
INSERT INTO `movsRepoOtrasActiv` VALUES (2094,0,0,0,108,'9-1 PEmbA',9.000,73);
INSERT INTO `movsRepoOtrasActiv` VALUES (2095,0,0,0,108,'1-2 Rabr',9.000,59);
INSERT INTO `movsRepoOtrasActiv` VALUES (2096,0,178,0,0,'ct0043D',122.000,60);
INSERT INTO `movsRepoOtrasActiv` VALUES (2097,0,178,0,0,'ct0043D',118.000,76);
INSERT INTO `movsRepoOtrasActiv` VALUES (2098,0,178,0,0,'ct0043D',117.000,70);
INSERT INTO `movsRepoOtrasActiv` VALUES (2099,0,178,0,0,'1-3 Rarr',2.000,60);
INSERT INTO `movsRepoOtrasActiv` VALUES (2100,0,178,0,0,'1-3 Rarr',2.000,76);
INSERT INTO `movsRepoOtrasActiv` VALUES (2101,0,178,0,0,'1-3 Rarr',2.000,70);
INSERT INTO `movsRepoOtrasActiv` VALUES (2102,462,0,0,0,'2-3 AsCJD',7.000,87);
INSERT INTO `movsRepoOtrasActiv` VALUES (2103,462,0,0,0,'2-3 AsCJD',7.000,90);
INSERT INTO `movsRepoOtrasActiv` VALUES (2104,0,0,0,107,'1-2 Rabr',9.000,108);
INSERT INTO `movsRepoOtrasActiv` VALUES (2105,0,0,0,107,'1-5 Rcort',0.500,108);
INSERT INTO `movsRepoOtrasActiv` VALUES (2106,0,179,0,0,'ctCOR01',24.000,82);
INSERT INTO `movsRepoOtrasActiv` VALUES (2107,0,179,0,0,'ctCOR01',21.000,81);
INSERT INTO `movsRepoOtrasActiv` VALUES (2108,0,179,0,0,'ctIEQ',27.000,83);
INSERT INTO `movsRepoOtrasActiv` VALUES (2109,0,179,0,0,'10-2  CAvC',2.000,81);
INSERT INTO `movsRepoOtrasActiv` VALUES (2110,0,179,0,0,'10-2  CAvC',2.000,82);
INSERT INTO `movsRepoOtrasActiv` VALUES (2111,0,179,0,0,'10-2  CAvC',2.000,83);
INSERT INTO `movsRepoOtrasActiv` VALUES (2112,0,0,0,109,'6-1 BTrC',6.000,68);
INSERT INTO `movsRepoOtrasActiv` VALUES (2114,0,0,0,109,'6-1 BTrC',9.000,57);
INSERT INTO `movsRepoOtrasActiv` VALUES (2115,0,0,0,109,'5-4 Mp',9.000,77);
INSERT INTO `movsRepoOtrasActiv` VALUES (2116,0,0,0,109,'1-4',9.000,58);
INSERT INTO `movsRepoOtrasActiv` VALUES (2117,0,180,0,0,'ct0043D',50.000,60);
INSERT INTO `movsRepoOtrasActiv` VALUES (2118,0,180,0,0,'ct0141D+',77.000,60);
INSERT INTO `movsRepoOtrasActiv` VALUES (2119,0,180,0,0,'ct0043D',47.000,76);
INSERT INTO `movsRepoOtrasActiv` VALUES (2120,0,180,0,0,'ct0141D+',71.000,76);
INSERT INTO `movsRepoOtrasActiv` VALUES (2121,0,180,0,0,'ct0043D',26.000,70);
INSERT INTO `movsRepoOtrasActiv` VALUES (2122,0,180,0,0,'ct0141D+',65.000,70);
INSERT INTO `movsRepoOtrasActiv` VALUES (2123,0,0,0,110,'4-1Rc',1.000,84);
INSERT INTO `movsRepoOtrasActiv` VALUES (2124,0,0,0,110,'6-1 BTrC',8.000,84);
INSERT INTO `movsRepoOtrasActiv` VALUES (2125,0,0,0,110,'6-1 BTrC',9.000,66);
INSERT INTO `movsRepoOtrasActiv` VALUES (2126,0,0,0,110,'5-4 Mp',5.000,63);
INSERT INTO `movsRepoOtrasActiv` VALUES (2127,0,0,0,110,'6-1 BTrC',4.000,63);
INSERT INTO `movsRepoOtrasActiv` VALUES (2128,0,0,0,110,'4-1Rc',9.000,56);
INSERT INTO `movsRepoOtrasActiv` VALUES (2129,0,0,0,110,'9-1 PEmbA',9.000,73);
INSERT INTO `movsRepoOtrasActiv` VALUES (2130,0,0,0,110,'9-1 PEmbA',9.000,59);
INSERT INTO `movsRepoOtrasActiv` VALUES (2131,0,181,0,0,'ctAGUI01',140.000,81);
INSERT INTO `movsRepoOtrasActiv` VALUES (2132,0,181,0,0,'ctAGUI01',132.000,82);
INSERT INTO `movsRepoOtrasActiv` VALUES (2133,0,181,0,0,'ctAGUI01',138.000,83);
INSERT INTO `movsRepoOtrasActiv` VALUES (2134,0,181,0,0,'10-2  CAvC',2.000,81);
INSERT INTO `movsRepoOtrasActiv` VALUES (2135,0,181,0,0,'10-2  CAvC',2.000,82);
INSERT INTO `movsRepoOtrasActiv` VALUES (2136,0,181,0,0,'10-2  CAvC',2.000,83);
INSERT INTO `movsRepoOtrasActiv` VALUES (2137,0,0,0,111,'5-4 Mp',8.000,68);
INSERT INTO `movsRepoOtrasActiv` VALUES (2138,0,0,0,111,'6-1 BTrC',2.000,68);
INSERT INTO `movsRepoOtrasActiv` VALUES (2139,0,0,0,111,'6-1 BTrC',9.000,57);
INSERT INTO `movsRepoOtrasActiv` VALUES (2140,0,0,0,111,'6-1 BTrC',9.000,77);
INSERT INTO `movsRepoOtrasActiv` VALUES (2141,0,0,0,111,'1-4',9.000,58);
INSERT INTO `movsRepoOtrasActiv` VALUES (2144,473,0,0,0,'1-3 Rarr',1.000,88);
INSERT INTO `movsRepoOtrasActiv` VALUES (2145,473,0,0,0,'1-3 Rarr',1.000,74);
INSERT INTO `movsRepoOtrasActiv` VALUES (2146,0,0,0,112,'4-1Rc',1.000,84);
INSERT INTO `movsRepoOtrasActiv` VALUES (2147,0,0,0,112,'6-1 BTrC',8.000,84);
INSERT INTO `movsRepoOtrasActiv` VALUES (2148,0,0,0,112,'4-1Rc',2.000,66);
INSERT INTO `movsRepoOtrasActiv` VALUES (2149,0,0,0,112,'6-1 BTrC',7.000,66);
INSERT INTO `movsRepoOtrasActiv` VALUES (2150,0,0,0,112,'5-4 Mp',6.000,63);
INSERT INTO `movsRepoOtrasActiv` VALUES (2151,0,0,0,112,'6-1 BTrC',3.000,63);
INSERT INTO `movsRepoOtrasActiv` VALUES (2152,0,0,0,112,'4-1Rc',9.300,56);
INSERT INTO `movsRepoOtrasActiv` VALUES (2153,0,0,0,112,'9-1 PEmbA',5.000,73);
INSERT INTO `movsRepoOtrasActiv` VALUES (2154,0,0,0,112,'9-1 PEmbA',5.000,59);
INSERT INTO `movsRepoOtrasActiv` VALUES (2155,0,182,0,0,'ct0043D',66.000,60);
INSERT INTO `movsRepoOtrasActiv` VALUES (2156,0,182,0,0,'ct0043D',58.000,76);
INSERT INTO `movsRepoOtrasActiv` VALUES (2157,0,182,0,0,'ct0043D',55.000,70);
INSERT INTO `movsRepoOtrasActiv` VALUES (2158,477,0,0,0,'2-3 AsCBZ',10.000,87);
INSERT INTO `movsRepoOtrasActiv` VALUES (2159,477,0,0,0,'2-3 AsCBZ',10.000,90);
INSERT INTO `movsRepoOtrasActiv` VALUES (2160,477,0,0,0,'2-3 AsCJD',10.000,87);
INSERT INTO `movsRepoOtrasActiv` VALUES (2161,477,0,0,0,'2-3 AsCJD',10.000,90);
INSERT INTO `movsRepoOtrasActiv` VALUES (2162,479,0,0,0,'2-3 AsCBZ',7.500,88);
INSERT INTO `movsRepoOtrasActiv` VALUES (2163,479,0,0,0,'2-3 AsCBZ',7.500,74);
INSERT INTO `movsRepoOtrasActiv` VALUES (2164,479,0,0,0,'2-3 AsCJD',1.000,88);
INSERT INTO `movsRepoOtrasActiv` VALUES (2165,479,0,0,0,'2-3 AsCJD',1.000,74);
INSERT INTO `movsRepoOtrasActiv` VALUES (2166,0,0,0,113,'4-1Rc',1.000,84);
INSERT INTO `movsRepoOtrasActiv` VALUES (2167,0,0,0,113,'6-1 BTrC',3.000,84);
INSERT INTO `movsRepoOtrasActiv` VALUES (2168,0,0,0,113,'4-1Rc',1.000,66);
INSERT INTO `movsRepoOtrasActiv` VALUES (2169,0,0,0,113,'6-1 BTrC',3.000,66);
INSERT INTO `movsRepoOtrasActiv` VALUES (2170,0,0,0,113,'5-4 Mp',2.000,63);
INSERT INTO `movsRepoOtrasActiv` VALUES (2171,0,0,0,113,'6-1 BTrC',1.000,63);
INSERT INTO `movsRepoOtrasActiv` VALUES (2172,0,0,0,113,'4-1Rc',3.000,56);
INSERT INTO `movsRepoOtrasActiv` VALUES (2173,0,0,0,113,'9-1 PEmbA',5.000,73);
INSERT INTO `movsRepoOtrasActiv` VALUES (2174,0,0,0,113,'9-1 PEmbA',5.000,59);
INSERT INTO `movsRepoOtrasActiv` VALUES (2175,0,0,0,116,'6-1 BTrC',5.000,77);
INSERT INTO `movsRepoOtrasActiv` VALUES (2176,0,0,0,116,'6-1 BTrC',5.300,68);
INSERT INTO `movsRepoOtrasActiv` VALUES (2177,0,0,0,116,'5-4 Mp',5.000,57);
INSERT INTO `movsRepoOtrasActiv` VALUES (2178,0,0,0,116,'4-1Rc',5.000,107);
INSERT INTO `movsRepoOtrasActiv` VALUES (2179,0,183,0,0,'ctAGUI01',60.000,82);
INSERT INTO `movsRepoOtrasActiv` VALUES (2181,0,183,0,0,'ctAGUI01',22.000,81);
INSERT INTO `movsRepoOtrasActiv` VALUES (2182,0,183,0,0,'ctAGUI01',66.000,83);
INSERT INTO `movsRepoOtrasActiv` VALUES (2183,0,184,0,0,'ctIEQ',61.000,82);
INSERT INTO `movsRepoOtrasActiv` VALUES (2184,0,184,0,0,'ctIEQ',61.000,76);
INSERT INTO `movsRepoOtrasActiv` VALUES (2185,0,184,0,0,'ctIEQ',61.000,83);
INSERT INTO `movsRepoOtrasActiv` VALUES (2186,0,0,0,117,'4-1Rc',10.300,68);
INSERT INTO `movsRepoOtrasActiv` VALUES (2187,0,0,0,117,'6-1 BTrC',3.300,57);
INSERT INTO `movsRepoOtrasActiv` VALUES (2188,0,0,0,117,'5-4 Mp',5.300,57);
INSERT INTO `movsRepoOtrasActiv` VALUES (2189,0,0,0,118,'4-1Rc',1.000,84);
INSERT INTO `movsRepoOtrasActiv` VALUES (2190,0,0,0,118,'6-1 BTrC',8.000,84);
INSERT INTO `movsRepoOtrasActiv` VALUES (2191,0,0,0,118,'4-1Rc',1.000,66);
INSERT INTO `movsRepoOtrasActiv` VALUES (2192,0,0,0,118,'6-1 BTrC',8.000,66);
INSERT INTO `movsRepoOtrasActiv` VALUES (2196,0,0,0,118,'5-4 Mp',6.000,63);
INSERT INTO `movsRepoOtrasActiv` VALUES (2197,0,0,0,118,'6-1 BTrC',3.000,59);
INSERT INTO `movsRepoOtrasActiv` VALUES (2198,0,0,0,118,'4-1Rc',9.000,56);
INSERT INTO `movsRepoOtrasActiv` VALUES (2199,0,0,0,118,'9-1 PEmbA',9.000,59);
INSERT INTO `movsRepoOtrasActiv` VALUES (2200,0,0,0,118,'9-1 PembC',9.000,73);
INSERT INTO `movsRepoOtrasActiv` VALUES (2201,489,0,0,0,'2-3 AsCJD',2.000,87);
INSERT INTO `movsRepoOtrasActiv` VALUES (2202,489,0,0,0,'2-3 AsCJD',2.000,90);
INSERT INTO `movsRepoOtrasActiv` VALUES (2203,0,185,0,0,'ct0141D+',134.000,60);
INSERT INTO `movsRepoOtrasActiv` VALUES (2204,0,185,0,0,'ct0141D+',52.000,76);
INSERT INTO `movsRepoOtrasActiv` VALUES (2205,0,185,0,0,'ct0141D+',120.000,70);
INSERT INTO `movsRepoOtrasActiv` VALUES (2206,0,186,0,0,'ct0141D+',93.000,60);
INSERT INTO `movsRepoOtrasActiv` VALUES (2207,0,186,0,0,'ct0043D',85.000,60);
INSERT INTO `movsRepoOtrasActiv` VALUES (2208,0,186,0,0,'ct0043D',27.000,76);
INSERT INTO `movsRepoOtrasActiv` VALUES (2209,0,186,0,0,'ct0141D+',90.000,70);
INSERT INTO `movsRepoOtrasActiv` VALUES (2210,0,186,0,0,'ct0043D',70.000,70);
INSERT INTO `movsRepoOtrasActiv` VALUES (2211,491,0,0,0,'1-3 Rarr',1.000,88);
INSERT INTO `movsRepoOtrasActiv` VALUES (2212,491,0,0,0,'1-3 Rarr',1.000,74);
INSERT INTO `movsRepoOtrasActiv` VALUES (2213,0,0,0,119,'4-1Rc',3.000,84);
INSERT INTO `movsRepoOtrasActiv` VALUES (2214,0,0,0,119,'6-1 BTrC',6.000,84);
INSERT INTO `movsRepoOtrasActiv` VALUES (2215,0,0,0,119,'6-1 BTrC',9.000,66);
INSERT INTO `movsRepoOtrasActiv` VALUES (2216,0,0,0,119,'5-4 Mp',6.000,63);
INSERT INTO `movsRepoOtrasActiv` VALUES (2217,0,0,0,119,'6-1 BTrD',3.000,63);
INSERT INTO `movsRepoOtrasActiv` VALUES (2218,0,0,0,119,'4-1Rc',6.300,56);
INSERT INTO `movsRepoOtrasActiv` VALUES (2219,0,0,0,119,'9-1 PEmbA',9.000,73);
INSERT INTO `movsRepoOtrasActiv` VALUES (2220,0,0,0,119,'9-1 PembC',9.000,59);
INSERT INTO `movsRepoOtrasActiv` VALUES (2226,0,109,0,0,'ct 0085D',60.000,60);
INSERT INTO `movsRepoOtrasActiv` VALUES (2227,0,135,0,0,'ct0236D',35.000,60);
INSERT INTO `movsRepoOtrasActiv` VALUES (2228,0,109,0,0,'ct0043D',47.000,70);
INSERT INTO `movsRepoOtrasActiv` VALUES (2229,0,75,0,0,'ct 0085D',20.000,100);
INSERT INTO `movsRepoOtrasActiv` VALUES (2230,0,187,0,0,'ctCOR01',63.000,82);
INSERT INTO `movsRepoOtrasActiv` VALUES (2231,0,187,0,0,'ctCOR01',74.000,81);
INSERT INTO `movsRepoOtrasActiv` VALUES (2232,0,187,0,0,'ct0207D',126.000,61);
INSERT INTO `movsRepoOtrasActiv` VALUES (2233,0,188,0,0,'ctMAI01',17.000,76);
INSERT INTO `movsRepoOtrasActiv` VALUES (2234,0,188,0,0,'ct0224D',27.000,76);
INSERT INTO `movsRepoOtrasActiv` VALUES (2235,0,188,0,0,'ct0043D',23.000,76);
INSERT INTO `movsRepoOtrasActiv` VALUES (2236,0,188,0,0,'ctMAI01',18.000,60);
INSERT INTO `movsRepoOtrasActiv` VALUES (2237,0,188,0,0,'ct0224D',28.000,60);
INSERT INTO `movsRepoOtrasActiv` VALUES (2238,0,188,0,0,'ct0043D',26.000,60);
INSERT INTO `movsRepoOtrasActiv` VALUES (2239,0,99,0,0,'ct0043D',70.000,61);
INSERT INTO `movsRepoOtrasActiv` VALUES (2240,0,86,0,0,'ct0207D',100.000,61);
INSERT INTO `movsRepoOtrasActiv` VALUES (2241,0,74,0,0,'ct0141D',35.000,100);
INSERT INTO `movsRepoOtrasActiv` VALUES (2242,230,0,0,0,'10-2 AMtM',1.000,88);
INSERT INTO `movsRepoOtrasActiv` VALUES (2243,230,0,0,0,'10-2 AMtM',1.000,74);
INSERT INTO `movsRepoOtrasActiv` VALUES (2244,230,0,0,0,'10-2 AMtM',2.000,88);
INSERT INTO `movsRepoOtrasActiv` VALUES (2245,0,189,0,0,'ctAGUI01',147.000,82);
INSERT INTO `movsRepoOtrasActiv` VALUES (2246,0,189,0,0,'ctAGUI01',160.000,83);
INSERT INTO `movsRepoOtrasActiv` VALUES (2247,497,0,0,0,'2-3 AsCJD',3.500,88);
INSERT INTO `movsRepoOtrasActiv` VALUES (2248,497,0,0,0,'2-3 AsCJD',3.500,74);
INSERT INTO `movsRepoOtrasActiv` VALUES (2249,497,0,0,0,'10-2 AMtM',2.000,88);
INSERT INTO `movsRepoOtrasActiv` VALUES (2250,498,0,0,0,'2-3 AsCJD',12.500,87);
INSERT INTO `movsRepoOtrasActiv` VALUES (2251,498,0,0,0,'2-3 AsCJD',12.500,90);
INSERT INTO `movsRepoOtrasActiv` VALUES (2252,498,0,0,0,'1-3 Rarr',1.000,87);
INSERT INTO `movsRepoOtrasActiv` VALUES (2253,498,0,0,0,'1-3 Rarr',1.000,90);
INSERT INTO `movsRepoOtrasActiv` VALUES (2254,500,0,0,0,'1-3 Rarr',2.000,93);
INSERT INTO `movsRepoOtrasActiv` VALUES (2255,500,0,0,0,'1-3 Rarr',2.000,106);
INSERT INTO `movsRepoOtrasActiv` VALUES (2256,0,190,0,0,'ct0043D',142.000,60);
INSERT INTO `movsRepoOtrasActiv` VALUES (2257,0,190,0,0,'ct0043D',137.000,76);
INSERT INTO `movsRepoOtrasActiv` VALUES (2258,0,190,0,0,'ct0043D',112.000,70);
INSERT INTO `movsRepoOtrasActiv` VALUES (2259,0,191,0,0,'ctAGUI01',67.000,82);
INSERT INTO `movsRepoOtrasActiv` VALUES (2260,0,191,0,0,'ctAGUI02',38.000,82);
INSERT INTO `movsRepoOtrasActiv` VALUES (2261,0,191,0,0,'ct0141D+',100.000,81);
INSERT INTO `movsRepoOtrasActiv` VALUES (2262,0,191,0,0,'ct0141D+',100.000,83);
INSERT INTO `movsRepoOtrasActiv` VALUES (2264,0,191,0,0,'10-2  CAvC',1.000,81);
INSERT INTO `movsRepoOtrasActiv` VALUES (2265,0,191,0,0,'10-2  CAvC',1.000,82);
INSERT INTO `movsRepoOtrasActiv` VALUES (2266,0,191,0,0,'10-2  CAvC',1.000,83);
INSERT INTO `movsRepoOtrasActiv` VALUES (2267,0,192,0,0,'ctIEQ',30.000,82);
INSERT INTO `movsRepoOtrasActiv` VALUES (2268,0,192,0,0,'ctAGUI02',65.000,82);
INSERT INTO `movsRepoOtrasActiv` VALUES (2269,0,192,0,0,'ctIEQ',86.000,81);
INSERT INTO `movsRepoOtrasActiv` VALUES (2270,0,192,0,0,'ct0141D+',65.000,83);
INSERT INTO `movsRepoOtrasActiv` VALUES (2271,0,192,0,0,'ctIEQ',53.000,83);
INSERT INTO `movsRepoOtrasActiv` VALUES (2272,0,193,0,0,'ct0043D',166.000,60);
INSERT INTO `movsRepoOtrasActiv` VALUES (2273,0,193,0,0,'ct0207D',127.000,76);
INSERT INTO `movsRepoOtrasActiv` VALUES (2274,0,193,0,0,'ct0043D',21.000,76);
INSERT INTO `movsRepoOtrasActiv` VALUES (2275,0,193,0,0,'ct0043D',144.000,70);
INSERT INTO `movsRepoOtrasActiv` VALUES (2277,506,0,0,0,'2-3 AsCJD',5.000,93);
INSERT INTO `movsRepoOtrasActiv` VALUES (2278,506,0,0,0,'2-3 AsCJD',5.000,106);
INSERT INTO `movsRepoOtrasActiv` VALUES (2279,507,0,0,0,'2-3 AsCJE',5.000,72);
INSERT INTO `movsRepoOtrasActiv` VALUES (2280,507,0,0,0,'2-3 AsCJE',5.000,79);
INSERT INTO `movsRepoOtrasActiv` VALUES (2285,509,0,0,0,'2-3 AsCJE',5.000,87);
INSERT INTO `movsRepoOtrasActiv` VALUES (2286,509,0,0,0,'2-3 AsCJE',5.000,90);
INSERT INTO `movsRepoOtrasActiv` VALUES (2287,0,194,0,0,'ctAGUI01',15.000,76);
INSERT INTO `movsRepoOtrasActiv` VALUES (2288,0,194,0,0,'ctIEQ',72.000,82);
INSERT INTO `movsRepoOtrasActiv` VALUES (2289,0,194,0,0,'ctIEQ',65.000,81);
INSERT INTO `movsRepoOtrasActiv` VALUES (2290,0,194,0,0,'ctIEQ',80.000,83);
INSERT INTO `movsRepoOtrasActiv` VALUES (2291,0,195,0,0,'ct0043D',75.000,60);
INSERT INTO `movsRepoOtrasActiv` VALUES (2292,0,195,0,0,'ct0043D',66.000,76);
INSERT INTO `movsRepoOtrasActiv` VALUES (2293,0,195,0,0,'ct0043D',65.000,70);
INSERT INTO `movsRepoOtrasActiv` VALUES (2294,511,0,0,0,'2-3 AsCJD',5.500,87);
INSERT INTO `movsRepoOtrasActiv` VALUES (2295,511,0,0,0,'2-3 AsCJD',5.500,90);
INSERT INTO `movsRepoOtrasActiv` VALUES (2296,0,196,0,0,'ct0043D',50.000,60);
INSERT INTO `movsRepoOtrasActiv` VALUES (2297,0,196,0,0,'ct0207D',67.000,60);
INSERT INTO `movsRepoOtrasActiv` VALUES (2298,0,196,0,0,'ct0043D',46.000,76);
INSERT INTO `movsRepoOtrasActiv` VALUES (2299,0,196,0,0,'ct0207D',63.000,76);
INSERT INTO `movsRepoOtrasActiv` VALUES (2300,0,196,0,0,'ct0043D',27.000,70);
INSERT INTO `movsRepoOtrasActiv` VALUES (2301,0,196,0,0,'ct0043D',63.000,70);
INSERT INTO `movsRepoOtrasActiv` VALUES (2303,525,0,0,0,'10-2  SCBC',8.300,79);
INSERT INTO `movsRepoOtrasActiv` VALUES (2304,0,0,0,121,'4-1Rc',3.000,66);
INSERT INTO `movsRepoOtrasActiv` VALUES (2305,0,0,0,121,'6-1 BTrC',6.000,66);
INSERT INTO `movsRepoOtrasActiv` VALUES (2306,0,0,0,121,'6-1 BTrD',9.000,63);
INSERT INTO `movsRepoOtrasActiv` VALUES (2307,0,0,0,121,'9-1 PEmbA',9.000,73);
INSERT INTO `movsRepoOtrasActiv` VALUES (2308,0,0,0,121,'9-1 PembC',9.000,59);
INSERT INTO `movsRepoOtrasActiv` VALUES (2309,0,0,0,121,'5-4 Mp',9.000,58);
INSERT INTO `movsRepoOtrasActiv` VALUES (2310,0,197,0,0,'ct0043D',50.000,60);
INSERT INTO `movsRepoOtrasActiv` VALUES (2311,0,197,0,0,'ct0207D',67.000,60);
INSERT INTO `movsRepoOtrasActiv` VALUES (2312,0,197,0,0,'ct0043D',46.000,76);
INSERT INTO `movsRepoOtrasActiv` VALUES (2313,0,197,0,0,'ct0207D',63.000,76);
INSERT INTO `movsRepoOtrasActiv` VALUES (2314,0,197,0,0,'ct0043D',27.000,70);
INSERT INTO `movsRepoOtrasActiv` VALUES (2315,0,197,0,0,'ct0207D',63.000,70);
INSERT INTO `movsRepoOtrasActiv` VALUES (2316,0,197,0,0,'10-2  CAvP',2.000,60);
INSERT INTO `movsRepoOtrasActiv` VALUES (2317,0,197,0,0,'10-2  CAvP',2.000,76);
INSERT INTO `movsRepoOtrasActiv` VALUES (2318,0,197,0,0,'10-2  CAvP',2.000,70);
INSERT INTO `movsRepoOtrasActiv` VALUES (2319,0,198,0,0,'ctIEQ',42.000,82);
INSERT INTO `movsRepoOtrasActiv` VALUES (2320,0,198,0,0,'ct0141D+',26.000,82);
INSERT INTO `movsRepoOtrasActiv` VALUES (2321,0,198,0,0,'ct0141D+',126.000,81);
INSERT INTO `movsRepoOtrasActiv` VALUES (2322,0,198,0,0,'ctIEQ',90.000,83);
INSERT INTO `movsRepoOtrasActiv` VALUES (2323,0,198,0,0,'10-2CAvE',1.000,82);
INSERT INTO `movsRepoOtrasActiv` VALUES (2324,0,198,0,0,'10-2CAvE',1.000,81);
INSERT INTO `movsRepoOtrasActiv` VALUES (2325,0,198,0,0,'10-2CAvE',1.000,83);
INSERT INTO `movsRepoOtrasActiv` VALUES (2326,0,0,0,122,'4-1Rc',10.500,68);
INSERT INTO `movsRepoOtrasActiv` VALUES (2327,0,0,0,122,'6-1 BTrC',9.000,57);
INSERT INTO `movsRepoOtrasActiv` VALUES (2328,0,0,0,122,'6-1 BTrC',9.000,77);
INSERT INTO `movsRepoOtrasActiv` VALUES (2329,0,0,0,123,'4-1Rc',9.000,68);
INSERT INTO `movsRepoOtrasActiv` VALUES (2330,0,0,0,123,'6-1 BTrC',1.500,68);
INSERT INTO `movsRepoOtrasActiv` VALUES (2331,0,0,0,123,'6-1 BTrC',6.000,57);
INSERT INTO `movsRepoOtrasActiv` VALUES (2332,0,0,0,123,'9-1 PEmbA',3.000,57);
INSERT INTO `movsRepoOtrasActiv` VALUES (2333,0,0,0,123,'5-4 Mp',7.000,77);
INSERT INTO `movsRepoOtrasActiv` VALUES (2334,0,0,0,123,'6-1 BTrD',2.000,77);
INSERT INTO `movsRepoOtrasActiv` VALUES (2335,0,0,0,124,'4-1Rc',6.000,68);
INSERT INTO `movsRepoOtrasActiv` VALUES (2336,0,0,0,124,'5-4 Mp',6.000,57);
INSERT INTO `movsRepoOtrasActiv` VALUES (2337,0,0,0,124,'6-1 BTrD',6.000,77);
INSERT INTO `movsRepoOtrasActiv` VALUES (2338,0,0,0,125,'4-1Rc',10.500,68);
INSERT INTO `movsRepoOtrasActiv` VALUES (2339,0,0,0,125,'5-4 Mp',9.000,57);
INSERT INTO `movsRepoOtrasActiv` VALUES (2340,0,0,0,126,'4-1Rc',10.450,68);
INSERT INTO `movsRepoOtrasActiv` VALUES (2341,0,0,0,126,'6-1 BTrC',9.000,57);
INSERT INTO `movsRepoOtrasActiv` VALUES (2342,0,0,0,126,'5-4 Mp',6.000,77);
INSERT INTO `movsRepoOtrasActiv` VALUES (2343,0,0,0,126,'6-1 BTrD',3.000,77);
/*!40000 ALTER TABLE `movsRepoOtrasActiv` ENABLE KEYS */;
UNLOCK TABLES;

--
-- Table structure for table `repoCL`
--

DROP TABLE IF EXISTS `repoCL`;
/*!40101 SET @saved_cs_client     = @@character_set_client */;
/*!40101 SET character_set_client = utf8 */;
CREATE TABLE `repoCL` (
  `id` int(11) NOT NULL AUTO_INCREMENT,
  `supervisor` int(11) DEFAULT NULL,
  `area` int(11) DEFAULT '0',
  `fecha` date DEFAULT NULL,
  `sierraGemela` char(10) DEFAULT NULL,
  `operador` int(11) DEFAULT NULL,
  `entrego` char(20) DEFAULT NULL,
  `recibio` char(20) DEFAULT NULL,
  `aplicadaEnInventario` char(1) DEFAULT 'n',
  PRIMARY KEY (`id`),
  KEY `fecha` (`fecha`),
  KEY `operador` (`operador`)
) ENGINE=InnoDB AUTO_INCREMENT=120 DEFAULT CHARSET=latin1;
/*!40101 SET character_set_client = @saved_cs_client */;

--
-- Dumping data for table `repoCL`
--

LOCK TABLES `repoCL` WRITE;
/*!40000 ALTER TABLE `repoCL` DISABLE KEYS */;
INSERT INTO `repoCL` VALUES (39,2,0,'2019-01-02','1',56,'56','62','n');
INSERT INTO `repoCL` VALUES (40,2,0,'2019-01-03','1',58,'58','62','n');
INSERT INTO `repoCL` VALUES (41,2,0,'2019-01-04','1',56,'56','62','n');
INSERT INTO `repoCL` VALUES (42,2,0,'2019-01-05','1',56,'56','62','n');
INSERT INTO `repoCL` VALUES (43,2,0,'2019-01-07','1',56,'56','62','n');
INSERT INTO `repoCL` VALUES (44,2,0,'2019-01-08','1',56,'56','62','n');
INSERT INTO `repoCL` VALUES (46,2,0,'2019-01-12','1',56,'56','62','n');
INSERT INTO `repoCL` VALUES (47,2,0,'2019-01-12','1',58,'58','62','n');
INSERT INTO `repoCL` VALUES (48,2,0,'2019-01-12','1',9,'9','62','n');
INSERT INTO `repoCL` VALUES (49,2,0,'2019-01-14','1',56,'56','62','n');
INSERT INTO `repoCL` VALUES (50,2,0,'2019-01-15','1',56,'56','62','n');
INSERT INTO `repoCL` VALUES (51,2,0,'2019-01-16','1',56,'56','62','n');
INSERT INTO `repoCL` VALUES (53,2,0,'2019-01-16','1',94,'94','62','n');
INSERT INTO `repoCL` VALUES (54,2,0,'2019-01-17','1',94,'94','62','n');
INSERT INTO `repoCL` VALUES (55,2,0,'2019-01-17','1',56,'56','62','n');
INSERT INTO `repoCL` VALUES (56,2,0,'2019-01-18','1',56,'56','62','n');
INSERT INTO `repoCL` VALUES (57,2,0,'2019-01-18','1',94,'94','62','n');
INSERT INTO `repoCL` VALUES (58,2,0,'2019-01-19','1',56,'56','62','n');
INSERT INTO `repoCL` VALUES (59,2,0,'2019-01-19','1',94,'94','62','n');
INSERT INTO `repoCL` VALUES (60,2,0,'2019-01-21','1',56,'56','62','n');
INSERT INTO `repoCL` VALUES (62,2,0,'2019-01-22','1',56,'56','62','n');
INSERT INTO `repoCL` VALUES (63,2,0,'2019-01-22','1',94,'94','62','n');
INSERT INTO `repoCL` VALUES (64,2,0,'2019-01-23','1',56,'56','62','n');
INSERT INTO `repoCL` VALUES (65,2,0,'2019-01-23','1',94,'94','62','n');
INSERT INTO `repoCL` VALUES (67,2,0,'2019-01-24','1',56,'56','62','n');
INSERT INTO `repoCL` VALUES (68,2,0,'2019-01-24','1',95,'95','62','n');
INSERT INTO `repoCL` VALUES (69,2,0,'2019-01-25','1',56,'56','62','n');
INSERT INTO `repoCL` VALUES (70,2,0,'2019-01-25','1',94,'94','62','n');
INSERT INTO `repoCL` VALUES (71,2,0,'2019-01-29','1',56,'56','62','n');
INSERT INTO `repoCL` VALUES (72,2,0,'2019-01-30','1',56,'56','62','n');
INSERT INTO `repoCL` VALUES (73,2,0,'2019-02-01','1',56,'56','62','n');
INSERT INTO `repoCL` VALUES (74,2,0,'2019-02-02','1',56,'56','62','n');
INSERT INTO `repoCL` VALUES (75,2,0,'2019-02-04','1',56,'56','62','n');
INSERT INTO `repoCL` VALUES (77,2,0,'2019-02-07','1',56,'56','62','n');
INSERT INTO `repoCL` VALUES (78,2,0,'2019-02-08','1',56,'56','62','n');
INSERT INTO `repoCL` VALUES (80,2,0,'2019-02-11','1',56,'56','62','n');
INSERT INTO `repoCL` VALUES (81,1,0,'2019-02-08','1',67,'61','67','n');
INSERT INTO `repoCL` VALUES (82,1,0,'2019-02-02','1',83,'83','67','n');
INSERT INTO `repoCL` VALUES (83,1,0,'2019-02-04','1',83,'83','67','n');
INSERT INTO `repoCL` VALUES (84,1,0,'2019-02-05','1',83,'83','67','n');
INSERT INTO `repoCL` VALUES (85,1,0,'2019-02-06','1',83,'83','67','n');
INSERT INTO `repoCL` VALUES (86,2,0,'2019-02-18','1',56,'56','62','n');
INSERT INTO `repoCL` VALUES (87,2,0,'2019-02-19','1',56,'56','62','n');
INSERT INTO `repoCL` VALUES (88,2,0,'2019-02-20','1',56,'56','62','n');
INSERT INTO `repoCL` VALUES (89,2,0,'2019-02-21','1',56,'56','62','n');
INSERT INTO `repoCL` VALUES (90,2,0,'2019-02-22','1',56,'56','62','n');
INSERT INTO `repoCL` VALUES (91,2,0,'2019-02-23','1',56,'56','62','n');
INSERT INTO `repoCL` VALUES (92,2,0,'2019-01-09','1',56,'56','62','n');
INSERT INTO `repoCL` VALUES (93,2,0,'2019-01-10','1',56,'56','62','n');
INSERT INTO `repoCL` VALUES (94,2,0,'2019-01-11','1',61,'61','62','n');
INSERT INTO `repoCL` VALUES (95,2,0,'2019-01-31','1',56,'56','62','n');
INSERT INTO `repoCL` VALUES (96,2,0,'2019-02-27','1',56,'56','62','n');
INSERT INTO `repoCL` VALUES (97,2,0,'2019-03-28','1',56,'56','62','n');
INSERT INTO `repoCL` VALUES (98,2,0,'2019-02-09','1',56,'56','62','n');
INSERT INTO `repoCL` VALUES (99,2,0,'2019-02-26','1',56,'56','62','n');
INSERT INTO `repoCL` VALUES (100,2,0,'2019-03-01','1',56,'56','62','n');
INSERT INTO `repoCL` VALUES (101,2,0,'2019-03-05','1',56,'56','62','n');
INSERT INTO `repoCL` VALUES (102,2,0,'2019-03-05','1',56,'56','62','n');
INSERT INTO `repoCL` VALUES (103,2,0,'2019-03-06','1',56,'56','62','n');
INSERT INTO `repoCL` VALUES (104,2,0,'2019-03-07','1',56,'56','62','n');
INSERT INTO `repoCL` VALUES (105,2,0,'2019-03-08','1',56,'56','62','n');
INSERT INTO `repoCL` VALUES (106,2,0,'2019-03-09','1',56,'56','62','n');
INSERT INTO `repoCL` VALUES (107,2,0,'2019-03-11','1',56,'56','62','n');
INSERT INTO `repoCL` VALUES (108,2,0,'2019-03-13','1',56,'56','62','n');
INSERT INTO `repoCL` VALUES (109,2,0,'2019-03-14','1',56,'56','62','n');
INSERT INTO `repoCL` VALUES (110,2,0,'2019-03-15','1',56,'56','62','n');
INSERT INTO `repoCL` VALUES (111,2,0,'2019-03-16','1',56,'56','62','n');
INSERT INTO `repoCL` VALUES (112,2,0,'2019-03-18','1',56,'56','62','n');
INSERT INTO `repoCL` VALUES (113,2,0,'2019-03-19','1',56,'56','62','n');
INSERT INTO `repoCL` VALUES (115,2,0,'2019-03-20','1',56,'56','62','n');
INSERT INTO `repoCL` VALUES (116,2,0,'2019-03-21','1',56,'56','62','n');
INSERT INTO `repoCL` VALUES (117,2,0,'2019-03-22','1',56,'56','62','n');
INSERT INTO `repoCL` VALUES (118,2,0,'2019-03-23','1',56,'56','62','n');
INSERT INTO `repoCL` VALUES (119,1,0,'2019-03-21','9',94,'94','96','n');
/*!40000 ALTER TABLE `repoCL` ENABLE KEYS */;
UNLOCK TABLES;

--
-- Table structure for table `repoCT`
--

DROP TABLE IF EXISTS `repoCT`;
/*!40101 SET @saved_cs_client     = @@character_set_client */;
/*!40101 SET character_set_client = utf8 */;
CREATE TABLE `repoCT` (
  `id` int(11) NOT NULL AUTO_INCREMENT,
  `supervisor` int(11) DEFAULT NULL,
  `fecha` date DEFAULT NULL,
  `aplicadaEnInventario` char(1) DEFAULT 'n',
  PRIMARY KEY (`id`),
  KEY `fecha` (`fecha`)
) ENGINE=InnoDB AUTO_INCREMENT=199 DEFAULT CHARSET=latin1;
/*!40101 SET character_set_client = @saved_cs_client */;

--
-- Dumping data for table `repoCT`
--

LOCK TABLES `repoCT` WRITE;
/*!40000 ALTER TABLE `repoCT` DISABLE KEYS */;
INSERT INTO `repoCT` VALUES (58,2,'2019-01-02','n');
INSERT INTO `repoCT` VALUES (59,2,'2019-01-03','n');
INSERT INTO `repoCT` VALUES (60,2,'2019-01-04','n');
INSERT INTO `repoCT` VALUES (62,2,'2019-01-05','n');
INSERT INTO `repoCT` VALUES (63,2,'2019-01-07','n');
INSERT INTO `repoCT` VALUES (65,2,'2019-01-08','n');
INSERT INTO `repoCT` VALUES (66,2,'2019-01-09','n');
INSERT INTO `repoCT` VALUES (67,2,'2019-01-10','n');
INSERT INTO `repoCT` VALUES (68,2,'2019-01-11','n');
INSERT INTO `repoCT` VALUES (69,2,'2019-01-12','n');
INSERT INTO `repoCT` VALUES (71,1,'2019-01-13','n');
INSERT INTO `repoCT` VALUES (72,2,'2019-01-14','n');
INSERT INTO `repoCT` VALUES (73,2,'2019-01-15','n');
INSERT INTO `repoCT` VALUES (74,2,'2019-01-16','n');
INSERT INTO `repoCT` VALUES (75,2,'2019-01-17','n');
INSERT INTO `repoCT` VALUES (76,2,'2019-01-18','n');
INSERT INTO `repoCT` VALUES (79,2,'2019-01-19','n');
INSERT INTO `repoCT` VALUES (81,1,'2019-01-20','n');
INSERT INTO `repoCT` VALUES (82,2,'2019-01-21','n');
INSERT INTO `repoCT` VALUES (83,2,'2019-01-22','n');
INSERT INTO `repoCT` VALUES (85,2,'2019-01-23','n');
INSERT INTO `repoCT` VALUES (86,1,'2019-01-23','n');
INSERT INTO `repoCT` VALUES (87,2,'2019-01-24','n');
INSERT INTO `repoCT` VALUES (88,1,'2019-01-25','n');
INSERT INTO `repoCT` VALUES (89,2,'2019-01-25','n');
INSERT INTO `repoCT` VALUES (90,2,'2019-01-26','n');
INSERT INTO `repoCT` VALUES (91,1,'2019-01-26','n');
INSERT INTO `repoCT` VALUES (92,1,'2019-01-28','n');
INSERT INTO `repoCT` VALUES (93,1,'2019-01-29','n');
INSERT INTO `repoCT` VALUES (94,2,'2019-01-29','n');
INSERT INTO `repoCT` VALUES (95,2,'2019-01-30','n');
INSERT INTO `repoCT` VALUES (97,1,'2019-01-30','n');
INSERT INTO `repoCT` VALUES (98,2,'2019-01-31','n');
INSERT INTO `repoCT` VALUES (99,1,'2019-01-31','n');
INSERT INTO `repoCT` VALUES (100,2,'2019-02-01','n');
INSERT INTO `repoCT` VALUES (101,1,'2019-02-01','n');
INSERT INTO `repoCT` VALUES (102,2,'2019-02-02','n');
INSERT INTO `repoCT` VALUES (103,1,'2019-02-02','n');
INSERT INTO `repoCT` VALUES (104,2,'2019-02-04','n');
INSERT INTO `repoCT` VALUES (105,1,'2019-02-04','n');
INSERT INTO `repoCT` VALUES (106,1,'2019-02-05','n');
INSERT INTO `repoCT` VALUES (107,2,'2019-02-05','n');
INSERT INTO `repoCT` VALUES (108,1,'2019-02-06','n');
INSERT INTO `repoCT` VALUES (109,2,'2019-02-06','n');
INSERT INTO `repoCT` VALUES (110,2,'2019-02-07','n');
INSERT INTO `repoCT` VALUES (111,1,'2019-02-07','n');
INSERT INTO `repoCT` VALUES (112,2,'2019-02-08','n');
INSERT INTO `repoCT` VALUES (113,1,'2019-02-08','n');
INSERT INTO `repoCT` VALUES (114,2,'2019-02-09','n');
INSERT INTO `repoCT` VALUES (115,1,'2019-02-11','n');
INSERT INTO `repoCT` VALUES (116,1,'2019-02-09','n');
INSERT INTO `repoCT` VALUES (117,2,'2019-02-11','n');
INSERT INTO `repoCT` VALUES (118,2,'2019-02-12','n');
INSERT INTO `repoCT` VALUES (119,1,'2019-02-12','n');
INSERT INTO `repoCT` VALUES (120,1,'2019-02-13','n');
INSERT INTO `repoCT` VALUES (123,2,'2019-02-13','n');
INSERT INTO `repoCT` VALUES (124,1,'2019-02-14','n');
INSERT INTO `repoCT` VALUES (125,2,'2019-02-14','n');
INSERT INTO `repoCT` VALUES (126,1,'2019-02-15','n');
INSERT INTO `repoCT` VALUES (127,2,'2019-02-15','n');
INSERT INTO `repoCT` VALUES (128,2,'2019-02-16','n');
INSERT INTO `repoCT` VALUES (129,1,'2019-02-16','n');
INSERT INTO `repoCT` VALUES (130,1,'2019-02-18','n');
INSERT INTO `repoCT` VALUES (131,2,'2019-02-18','n');
INSERT INTO `repoCT` VALUES (132,2,'2019-02-19','n');
INSERT INTO `repoCT` VALUES (133,1,'2019-02-19','n');
INSERT INTO `repoCT` VALUES (134,1,'2019-02-20','n');
INSERT INTO `repoCT` VALUES (135,2,'2019-02-20','n');
INSERT INTO `repoCT` VALUES (137,2,'2019-02-21','n');
INSERT INTO `repoCT` VALUES (138,1,'2019-02-22','n');
INSERT INTO `repoCT` VALUES (139,2,'2019-02-22','n');
INSERT INTO `repoCT` VALUES (140,1,'2019-02-23','n');
INSERT INTO `repoCT` VALUES (142,2,'2019-02-23','n');
INSERT INTO `repoCT` VALUES (143,1,'2019-02-25','n');
INSERT INTO `repoCT` VALUES (145,1,'2019-02-26','n');
INSERT INTO `repoCT` VALUES (146,2,'2019-02-26','n');
INSERT INTO `repoCT` VALUES (147,1,'2019-02-27','n');
INSERT INTO `repoCT` VALUES (148,2,'2019-02-27','n');
INSERT INTO `repoCT` VALUES (150,2,'2019-02-25','n');
INSERT INTO `repoCT` VALUES (153,2,'2019-02-28','n');
INSERT INTO `repoCT` VALUES (154,1,'2019-02-28','n');
INSERT INTO `repoCT` VALUES (155,1,'2019-03-01','n');
INSERT INTO `repoCT` VALUES (156,1,'2019-03-02','n');
INSERT INTO `repoCT` VALUES (157,1,'2019-02-21','n');
INSERT INTO `repoCT` VALUES (158,2,'2019-03-01','n');
INSERT INTO `repoCT` VALUES (159,2,'2019-03-02','n');
INSERT INTO `repoCT` VALUES (160,1,'2019-03-04','n');
INSERT INTO `repoCT` VALUES (161,1,'2019-03-05','n');
INSERT INTO `repoCT` VALUES (162,2,'2019-03-05','n');
INSERT INTO `repoCT` VALUES (163,1,'2019-03-06','n');
INSERT INTO `repoCT` VALUES (165,2,'2019-03-06','n');
INSERT INTO `repoCT` VALUES (166,1,'2019-03-06','n');
INSERT INTO `repoCT` VALUES (167,1,'2019-03-07','n');
INSERT INTO `repoCT` VALUES (168,2,'2019-03-07','n');
INSERT INTO `repoCT` VALUES (169,1,'2019-03-08','n');
INSERT INTO `repoCT` VALUES (170,2,'2019-03-08','n');
INSERT INTO `repoCT` VALUES (171,1,'2019-03-09','n');
INSERT INTO `repoCT` VALUES (172,2,'2019-03-09','n');
INSERT INTO `repoCT` VALUES (173,1,'2019-03-11','n');
INSERT INTO `repoCT` VALUES (174,2,'2019-03-11','n');
INSERT INTO `repoCT` VALUES (175,2,'2019-03-12','n');
INSERT INTO `repoCT` VALUES (177,1,'2019-03-12','n');
INSERT INTO `repoCT` VALUES (178,2,'2019-03-13','n');
INSERT INTO `repoCT` VALUES (179,1,'2019-03-14','n');
INSERT INTO `repoCT` VALUES (180,2,'2019-03-14','n');
INSERT INTO `repoCT` VALUES (181,1,'2019-03-15','n');
INSERT INTO `repoCT` VALUES (182,2,'2019-03-16','n');
INSERT INTO `repoCT` VALUES (183,1,'2019-03-16','n');
INSERT INTO `repoCT` VALUES (184,1,'2019-03-18','n');
INSERT INTO `repoCT` VALUES (185,2,'2019-03-18','n');
INSERT INTO `repoCT` VALUES (186,2,'2019-03-19','n');
INSERT INTO `repoCT` VALUES (187,1,'2019-01-24','n');
INSERT INTO `repoCT` VALUES (188,2,'2019-01-28','n');
INSERT INTO `repoCT` VALUES (189,1,'2019-03-20','n');
INSERT INTO `repoCT` VALUES (190,2,'2019-03-20','n');
INSERT INTO `repoCT` VALUES (191,1,'2019-03-21','n');
INSERT INTO `repoCT` VALUES (192,1,'2019-03-22','n');
INSERT INTO `repoCT` VALUES (193,2,'2019-03-22','n');
INSERT INTO `repoCT` VALUES (194,1,'2019-03-23','n');
INSERT INTO `repoCT` VALUES (195,2,'2019-03-23','n');
INSERT INTO `repoCT` VALUES (196,2,'2019-03-25','n');
INSERT INTO `repoCT` VALUES (197,2,'2019-03-26','n');
INSERT INTO `repoCT` VALUES (198,1,'2019-03-26','n');
/*!40000 ALTER TABLE `repoCT` ENABLE KEYS */;
UNLOCK TABLES;

--
-- Table structure for table `repoOD`
--

DROP TABLE IF EXISTS `repoOD`;
/*!40101 SET @saved_cs_client     = @@character_set_client */;
/*!40101 SET character_set_client = utf8 */;
CREATE TABLE `repoOD` (
  `id` int(11) NOT NULL AUTO_INCREMENT,
  `supervisor` int(11) DEFAULT NULL,
  `fecha` date DEFAULT NULL,
  `aplicadaEnInventario` char(1) DEFAULT 'n',
  `observaciones` varchar(80) DEFAULT NULL,
  PRIMARY KEY (`id`),
  KEY `fecha` (`fecha`)
) ENGINE=InnoDB AUTO_INCREMENT=127 DEFAULT CHARSET=latin1;
/*!40101 SET character_set_client = @saved_cs_client */;

--
-- Dumping data for table `repoOD`
--

LOCK TABLES `repoOD` WRITE;
/*!40000 ALTER TABLE `repoOD` DISABLE KEYS */;
INSERT INTO `repoOD` VALUES (1,2,'2019-01-02','n','');
INSERT INTO `repoOD` VALUES (2,2,'2019-01-04','n','');
INSERT INTO `repoOD` VALUES (3,2,'2019-01-03','n','');
INSERT INTO `repoOD` VALUES (4,2,'2019-01-05','n','');
INSERT INTO `repoOD` VALUES (5,2,'2019-01-07','n','');
INSERT INTO `repoOD` VALUES (6,2,'2019-01-08','n','');
INSERT INTO `repoOD` VALUES (7,2,'2019-01-09','n','');
INSERT INTO `repoOD` VALUES (8,2,'2019-01-10','n','');
INSERT INTO `repoOD` VALUES (9,2,'2019-01-11','n','');
INSERT INTO `repoOD` VALUES (10,2,'2019-01-12','n','');
INSERT INTO `repoOD` VALUES (11,1,'2019-01-13','n','Trabajos en Dia Domingo');
INSERT INTO `repoOD` VALUES (12,2,'2019-01-14','n','');
INSERT INTO `repoOD` VALUES (13,2,'2019-01-15','n','');
INSERT INTO `repoOD` VALUES (14,2,'2019-01-16','n','');
INSERT INTO `repoOD` VALUES (15,2,'2019-01-17','n','');
INSERT INTO `repoOD` VALUES (22,2,'2019-01-18','n','');
INSERT INTO `repoOD` VALUES (23,2,'2019-01-19','n','');
INSERT INTO `repoOD` VALUES (24,1,'2019-01-20','n','Trabajos en Dia Domingo');
INSERT INTO `repoOD` VALUES (25,2,'2019-01-21','n','');
INSERT INTO `repoOD` VALUES (26,2,'2019-01-22','n','');
INSERT INTO `repoOD` VALUES (27,1,'2019-01-23','n','');
INSERT INTO `repoOD` VALUES (28,2,'2019-01-24','n','');
INSERT INTO `repoOD` VALUES (29,2,'2019-01-25','n','');
INSERT INTO `repoOD` VALUES (30,1,'2019-01-25','n','');
INSERT INTO `repoOD` VALUES (31,1,'2019-01-26','n','');
INSERT INTO `repoOD` VALUES (32,1,'2019-01-28','n','');
INSERT INTO `repoOD` VALUES (33,1,'2019-01-29','n','');
INSERT INTO `repoOD` VALUES (34,2,'2019-01-29','n','');
INSERT INTO `repoOD` VALUES (35,1,'2019-01-30','n','');
INSERT INTO `repoOD` VALUES (36,2,'2019-01-30','n','');
INSERT INTO `repoOD` VALUES (37,1,'2019-01-31','n','');
INSERT INTO `repoOD` VALUES (38,2,'2019-01-31','n','');
INSERT INTO `repoOD` VALUES (39,2,'2019-02-01','n','');
INSERT INTO `repoOD` VALUES (40,1,'2019-02-02','n','');
INSERT INTO `repoOD` VALUES (41,2,'2019-02-02','n','');
INSERT INTO `repoOD` VALUES (42,1,'2019-02-01','n','');
INSERT INTO `repoOD` VALUES (43,2,'2019-02-04','n','');
INSERT INTO `repoOD` VALUES (44,1,'2019-02-04','n','');
INSERT INTO `repoOD` VALUES (45,1,'2019-02-05','n','');
INSERT INTO `repoOD` VALUES (46,2,'2019-02-05','n','');
INSERT INTO `repoOD` VALUES (47,2,'2019-02-06','n','');
INSERT INTO `repoOD` VALUES (48,2,'2019-02-07','n','');
INSERT INTO `repoOD` VALUES (49,1,'2019-02-07','n','');
INSERT INTO `repoOD` VALUES (50,2,'2019-02-08','n','');
INSERT INTO `repoOD` VALUES (51,1,'2019-02-08','n','');
INSERT INTO `repoOD` VALUES (52,2,'2019-02-09','n','');
INSERT INTO `repoOD` VALUES (53,1,'2019-02-09','n','');
INSERT INTO `repoOD` VALUES (54,1,'2019-02-11','n','');
INSERT INTO `repoOD` VALUES (55,2,'2019-02-11','n','');
INSERT INTO `repoOD` VALUES (56,2,'2019-02-12','n','');
INSERT INTO `repoOD` VALUES (57,1,'2019-02-12','n','');
INSERT INTO `repoOD` VALUES (58,1,'2019-02-13','n','');
INSERT INTO `repoOD` VALUES (59,2,'2019-02-13','n','');
INSERT INTO `repoOD` VALUES (60,2,'2019-02-14','n','');
INSERT INTO `repoOD` VALUES (61,2,'2019-02-14','n','');
INSERT INTO `repoOD` VALUES (62,1,'2019-02-15','n','');
INSERT INTO `repoOD` VALUES (63,2,'2019-02-15','n','');
INSERT INTO `repoOD` VALUES (64,1,'2019-02-16','n','');
INSERT INTO `repoOD` VALUES (65,2,'2019-02-16','n','');
INSERT INTO `repoOD` VALUES (66,1,'2019-02-18','n','');
INSERT INTO `repoOD` VALUES (67,2,'2019-02-18','n','');
INSERT INTO `repoOD` VALUES (69,1,'2019-02-19','n','');
INSERT INTO `repoOD` VALUES (70,2,'2019-02-19','n','');
INSERT INTO `repoOD` VALUES (71,1,'2019-02-20','n','');
INSERT INTO `repoOD` VALUES (72,2,'2019-02-20','n','');
INSERT INTO `repoOD` VALUES (73,2,'2019-02-21','n','');
INSERT INTO `repoOD` VALUES (74,1,'2019-02-21','n','');
INSERT INTO `repoOD` VALUES (75,2,'2019-02-22','n','');
INSERT INTO `repoOD` VALUES (76,1,'2019-02-22','n','');
INSERT INTO `repoOD` VALUES (78,2,'2019-02-23','n','');
INSERT INTO `repoOD` VALUES (79,1,'2019-03-23','n','');
INSERT INTO `repoOD` VALUES (80,2,'2019-02-25','n','');
INSERT INTO `repoOD` VALUES (81,1,'2019-02-25','n','');
INSERT INTO `repoOD` VALUES (82,1,'2019-03-26','n','');
INSERT INTO `repoOD` VALUES (83,1,'2019-02-26','n','');
INSERT INTO `repoOD` VALUES (84,1,'2019-02-27','n','');
INSERT INTO `repoOD` VALUES (85,2,'2019-02-27','n','');
INSERT INTO `repoOD` VALUES (86,2,'2019-03-28','n','');
INSERT INTO `repoOD` VALUES (87,1,'2019-02-28','n','');
INSERT INTO `repoOD` VALUES (88,1,'2019-03-01','n','');
INSERT INTO `repoOD` VALUES (89,1,'2019-03-02','n','');
INSERT INTO `repoOD` VALUES (90,2,'2019-03-01','n','');
INSERT INTO `repoOD` VALUES (91,2,'2019-03-02','n','');
INSERT INTO `repoOD` VALUES (92,1,'2019-03-04','n','');
INSERT INTO `repoOD` VALUES (93,1,'2019-03-05','n','');
INSERT INTO `repoOD` VALUES (94,2,'2019-03-05','n','');
INSERT INTO `repoOD` VALUES (95,2,'2019-03-06','n','');
INSERT INTO `repoOD` VALUES (96,1,'2019-03-06','n','');
INSERT INTO `repoOD` VALUES (97,1,'2019-03-07','n','');
INSERT INTO `repoOD` VALUES (98,2,'2019-03-07','n','');
INSERT INTO `repoOD` VALUES (99,1,'2019-03-08','n','');
INSERT INTO `repoOD` VALUES (100,2,'2019-03-08','n','');
INSERT INTO `repoOD` VALUES (101,1,'2019-03-09','n','');
INSERT INTO `repoOD` VALUES (102,2,'2019-03-09','n','');
INSERT INTO `repoOD` VALUES (103,1,'2019-03-11','n','');
INSERT INTO `repoOD` VALUES (104,2,'2019-03-11','n','');
INSERT INTO `repoOD` VALUES (105,2,'2019-03-12','n','');
INSERT INTO `repoOD` VALUES (106,1,'2019-03-12','n','');
INSERT INTO `repoOD` VALUES (107,1,'2019-03-13','n','');
INSERT INTO `repoOD` VALUES (108,2,'2019-03-13','n','');
INSERT INTO `repoOD` VALUES (109,1,'2019-03-14','n','');
INSERT INTO `repoOD` VALUES (110,2,'2019-03-14','n','');
INSERT INTO `repoOD` VALUES (111,1,'2019-03-15','n','');
INSERT INTO `repoOD` VALUES (112,2,'2019-03-15','n','');
INSERT INTO `repoOD` VALUES (113,2,'2019-03-16','n','');
INSERT INTO `repoOD` VALUES (116,1,'2019-03-16','n','');
INSERT INTO `repoOD` VALUES (117,1,'2019-03-16','n','');
INSERT INTO `repoOD` VALUES (118,2,'2019-03-18','n','');
INSERT INTO `repoOD` VALUES (119,2,'2019-03-19','n','');
INSERT INTO `repoOD` VALUES (121,2,'2019-03-26','n','');
INSERT INTO `repoOD` VALUES (122,1,'2019-03-21','n','');
INSERT INTO `repoOD` VALUES (123,1,'2019-03-22','n','');
INSERT INTO `repoOD` VALUES (124,1,'2019-03-23','n','');
INSERT INTO `repoOD` VALUES (125,1,'2019-03-25','n','');
INSERT INTO `repoOD` VALUES (126,1,'2019-03-26','n','');
/*!40000 ALTER TABLE `repoOD` ENABLE KEYS */;
UNLOCK TABLES;

--
-- Table structure for table `repoProd`
--

DROP TABLE IF EXISTS `repoProd`;
/*!40101 SET @saved_cs_client     = @@character_set_client */;
/*!40101 SET character_set_client = utf8 */;
CREATE TABLE `repoProd` (
  `id` int(11) NOT NULL AUTO_INCREMENT,
  `supervisor` int(11) DEFAULT NULL,
  `fecha` date DEFAULT NULL,
  `sierraCinta` char(10) DEFAULT NULL,
  `operador` int(11) DEFAULT NULL,
  `pctjOp` int(11) DEFAULT NULL,
  `ayudante` int(11) DEFAULT NULL,
  `pctjAyu` int(11) DEFAULT NULL,
  `entrego` char(20) DEFAULT NULL,
  `recibio` char(20) DEFAULT NULL,
  `aplicadaEnInventario` char(1) DEFAULT 'n',
  PRIMARY KEY (`id`),
  KEY `fecha` (`fecha`),
  KEY `operador` (`operador`),
  KEY `ayudante` (`ayudante`)
) ENGINE=InnoDB AUTO_INCREMENT=526 DEFAULT CHARSET=latin1;
/*!40101 SET character_set_client = @saved_cs_client */;

--
-- Dumping data for table `repoProd`
--

LOCK TABLES `repoProd` WRITE;
/*!40000 ALTER TABLE `repoProd` DISABLE KEYS */;
INSERT INTO `repoProd` VALUES (176,2,'2019-01-02','3',88,50,74,50,'88','62','n');
INSERT INTO `repoProd` VALUES (177,2,'2019-01-02','4',54,50,55,50,'54','62','n');
INSERT INTO `repoProd` VALUES (178,2,'2019-01-02','1',87,50,90,50,'87','62','n');
INSERT INTO `repoProd` VALUES (179,2,'2019-01-02','2',69,50,79,50,'62','69','n');
INSERT INTO `repoProd` VALUES (180,2,'2019-01-03','4',54,50,55,50,'54','62','n');
INSERT INTO `repoProd` VALUES (181,2,'2019-01-03','6',72,50,93,50,'72','62','n');
INSERT INTO `repoProd` VALUES (182,2,'2019-01-03','1',87,50,90,50,'87','62','n');
INSERT INTO `repoProd` VALUES (183,2,'2019-01-03','2',69,50,79,50,'69','62','n');
INSERT INTO `repoProd` VALUES (184,2,'2019-01-04','1',87,50,90,50,'87','62','n');
INSERT INTO `repoProd` VALUES (185,2,'2019-01-04','2',69,50,58,50,'69','62','n');
INSERT INTO `repoProd` VALUES (186,2,'2019-01-04','3',88,50,74,50,'88','62','n');
INSERT INTO `repoProd` VALUES (187,2,'2019-01-04','4',54,50,55,50,'54','62','n');
INSERT INTO `repoProd` VALUES (189,2,'2019-01-05','1',87,50,90,50,'87','62','n');
INSERT INTO `repoProd` VALUES (190,2,'2019-01-05','2',69,50,79,50,'69','62','n');
INSERT INTO `repoProd` VALUES (191,2,'2019-01-05','3',88,50,74,50,'88','62','n');
INSERT INTO `repoProd` VALUES (192,2,'2019-01-05','4',54,50,55,50,'54','62','n');
INSERT INTO `repoProd` VALUES (193,2,'2019-01-05','6',93,50,72,50,'93','62','n');
INSERT INTO `repoProd` VALUES (194,2,'2019-01-07','1',87,50,90,50,'87','62','n');
INSERT INTO `repoProd` VALUES (195,2,'2019-01-07','2',69,50,79,50,'69','62','n');
INSERT INTO `repoProd` VALUES (196,2,'2019-01-07','3',88,50,74,50,'88','62','n');
INSERT INTO `repoProd` VALUES (197,2,'2019-01-07','4',54,50,55,50,'54','62','n');
INSERT INTO `repoProd` VALUES (198,2,'2019-01-04','6',93,50,72,50,'93','62','n');
INSERT INTO `repoProd` VALUES (199,2,'2019-01-07','6',72,50,58,50,'72','62','n');
INSERT INTO `repoProd` VALUES (200,2,'2019-01-08','1',87,50,90,50,'87','62','n');
INSERT INTO `repoProd` VALUES (201,2,'2019-01-08','2',69,50,79,50,'69','62','n');
INSERT INTO `repoProd` VALUES (202,2,'2019-01-08','3',88,50,74,50,'88','62','n');
INSERT INTO `repoProd` VALUES (203,2,'2019-01-08','4',54,50,55,50,'54','62','n');
INSERT INTO `repoProd` VALUES (204,2,'2019-01-08','6',72,50,58,50,'72','62','n');
INSERT INTO `repoProd` VALUES (205,2,'2019-01-09','1',87,50,90,50,'87','62','n');
INSERT INTO `repoProd` VALUES (206,2,'2019-01-09','2',69,50,79,50,'69','62','n');
INSERT INTO `repoProd` VALUES (207,2,'2019-01-11','1',87,50,90,50,'87','62','n');
INSERT INTO `repoProd` VALUES (208,2,'2019-01-11','4',54,50,55,50,'54','62','n');
INSERT INTO `repoProd` VALUES (209,2,'2019-01-11','3',88,50,74,50,'88','62','n');
INSERT INTO `repoProd` VALUES (210,2,'2019-01-11','2',69,50,79,50,'69','62','n');
INSERT INTO `repoProd` VALUES (211,2,'2019-01-11','6',72,50,58,50,'72','62','n');
INSERT INTO `repoProd` VALUES (212,2,'2019-01-12','1',87,50,90,50,'87','62','n');
INSERT INTO `repoProd` VALUES (213,2,'2019-01-12','1',87,50,90,50,'87','62','n');
INSERT INTO `repoProd` VALUES (214,2,'2019-01-12','4',54,50,55,50,'54','62','n');
INSERT INTO `repoProd` VALUES (215,2,'2019-01-12','2',72,50,58,50,'72','62','n');
INSERT INTO `repoProd` VALUES (216,2,'2019-01-12','3',88,50,74,50,'88','62','n');
INSERT INTO `repoProd` VALUES (217,2,'2019-01-12','2',69,50,79,50,'69','62','n');
INSERT INTO `repoProd` VALUES (219,2,'2019-01-14','1',87,50,90,50,'87','62','n');
INSERT INTO `repoProd` VALUES (220,2,'2019-01-14','3',54,50,55,50,'54','62','n');
INSERT INTO `repoProd` VALUES (221,2,'2019-01-14','2',69,50,79,50,'69','62','n');
INSERT INTO `repoProd` VALUES (222,2,'2019-01-14','3',88,50,74,50,'88','62','n');
INSERT INTO `repoProd` VALUES (224,2,'2019-01-15','4',54,50,55,50,'54','62','n');
INSERT INTO `repoProd` VALUES (225,2,'2019-01-15','2',69,50,79,50,'69','62','n');
INSERT INTO `repoProd` VALUES (226,2,'2019-01-15','3',88,50,74,50,'88','62','n');
INSERT INTO `repoProd` VALUES (227,2,'2019-01-16','1',87,50,90,50,'87','62','n');
INSERT INTO `repoProd` VALUES (228,2,'2019-01-16','3',54,50,55,50,'54','62','n');
INSERT INTO `repoProd` VALUES (229,2,'2019-01-16','2',69,50,79,50,'69','62','n');
INSERT INTO `repoProd` VALUES (230,2,'2019-01-16','3',88,50,74,50,'88','62','n');
INSERT INTO `repoProd` VALUES (231,2,'2019-01-17','1',87,50,90,50,'87','62','n');
INSERT INTO `repoProd` VALUES (232,2,'2019-01-17','3',88,50,74,50,'88','62','n');
INSERT INTO `repoProd` VALUES (233,2,'2019-01-17','2',69,50,79,50,'69','62','n');
INSERT INTO `repoProd` VALUES (234,2,'2019-01-18','1',87,50,90,50,'87','62','n');
INSERT INTO `repoProd` VALUES (235,2,'2019-01-18','4',54,50,55,50,'54','62','n');
INSERT INTO `repoProd` VALUES (236,2,'2019-01-18','3',88,50,74,50,'88','62','n');
INSERT INTO `repoProd` VALUES (238,2,'2019-01-19','1',87,50,90,50,'87','62','n');
INSERT INTO `repoProd` VALUES (239,2,'2019-01-19','4',54,50,55,50,'54','62','n');
INSERT INTO `repoProd` VALUES (240,2,'2019-01-19','2',69,50,79,50,'69','62','n');
INSERT INTO `repoProd` VALUES (241,2,'2019-01-19','3',88,50,74,50,'88','62','n');
INSERT INTO `repoProd` VALUES (242,2,'2019-01-21','1',87,50,90,50,'87','62','n');
INSERT INTO `repoProd` VALUES (243,2,'2019-01-21','4',54,50,55,50,'54','62','n');
INSERT INTO `repoProd` VALUES (244,2,'2019-01-21','2',69,50,79,50,'69','62','n');
INSERT INTO `repoProd` VALUES (245,2,'2019-01-21','3',88,50,74,50,'88','62','n');
INSERT INTO `repoProd` VALUES (246,2,'2019-01-21','6',72,100,0,0,'72','62','n');
INSERT INTO `repoProd` VALUES (247,2,'2019-01-22','1',87,50,90,50,'87','62','n');
INSERT INTO `repoProd` VALUES (248,2,'2019-01-22','4',54,50,55,50,'54','62','n');
INSERT INTO `repoProd` VALUES (249,2,'2019-01-22','2',69,50,79,50,'69','62','n');
INSERT INTO `repoProd` VALUES (250,2,'2019-01-22','6',72,50,74,50,'72','62','n');
INSERT INTO `repoProd` VALUES (251,2,'2019-01-23','1',87,50,90,50,'87','62','n');
INSERT INTO `repoProd` VALUES (252,2,'2019-01-23','2',69,50,79,50,'62','','n');
INSERT INTO `repoProd` VALUES (253,2,'2019-01-23','3',88,50,74,50,'88','62','n');
INSERT INTO `repoProd` VALUES (254,2,'2019-01-23','4',54,50,55,50,'54','62','n');
INSERT INTO `repoProd` VALUES (255,2,'2019-01-23','6',72,50,95,50,'72','62','n');
INSERT INTO `repoProd` VALUES (256,2,'2019-01-24','1',87,50,90,50,'87','62','n');
INSERT INTO `repoProd` VALUES (257,2,'2019-01-24','2',69,50,79,50,'69','62','n');
INSERT INTO `repoProd` VALUES (259,2,'2019-01-24','4',54,50,55,50,'54','62','n');
INSERT INTO `repoProd` VALUES (260,2,'2019-01-24','6',74,50,95,50,'74','62','n');
INSERT INTO `repoProd` VALUES (261,2,'2019-01-25','1',87,50,90,50,'87','62','n');
INSERT INTO `repoProd` VALUES (262,2,'2019-01-25','2',69,50,79,50,'69','62','n');
INSERT INTO `repoProd` VALUES (263,2,'2019-01-25','3',88,50,74,50,'88','62','n');
INSERT INTO `repoProd` VALUES (264,2,'2019-01-25','4',54,50,55,50,'54','62','n');
INSERT INTO `repoProd` VALUES (265,2,'2019-01-25','6',72,50,95,50,'72','62','n');
INSERT INTO `repoProd` VALUES (267,2,'2019-01-26','1',87,50,90,50,'87','62','n');
INSERT INTO `repoProd` VALUES (268,2,'2019-01-26','3',88,50,74,50,'88','62','n');
INSERT INTO `repoProd` VALUES (269,2,'2019-01-26','4',54,50,55,50,'54','62','n');
INSERT INTO `repoProd` VALUES (270,2,'2019-01-26','3',72,50,95,50,'72','62','n');
INSERT INTO `repoProd` VALUES (272,1,'2019-01-28','4',54,50,55,50,'54','62','n');
INSERT INTO `repoProd` VALUES (273,1,'2019-01-28','1',87,50,90,50,'87','62','n');
INSERT INTO `repoProd` VALUES (274,1,'2019-01-28','3',88,50,74,50,'88','62','n');
INSERT INTO `repoProd` VALUES (275,2,'2019-01-29','2',69,50,79,50,'69','62','n');
INSERT INTO `repoProd` VALUES (276,2,'2019-01-29','3',88,50,74,50,'88','62','n');
INSERT INTO `repoProd` VALUES (278,2,'2019-01-30','1',87,50,90,50,'87','62','n');
INSERT INTO `repoProd` VALUES (279,2,'2019-01-30','2',69,50,79,50,'69','62','n');
INSERT INTO `repoProd` VALUES (280,2,'2019-01-30','3',88,50,74,50,'88','62','n');
INSERT INTO `repoProd` VALUES (282,2,'2019-01-31','1',87,50,90,50,'62','','n');
INSERT INTO `repoProd` VALUES (283,2,'2019-01-31','3',88,50,74,50,'88','62','n');
INSERT INTO `repoProd` VALUES (284,2,'2019-01-31','2',69,50,79,50,'69','62','n');
INSERT INTO `repoProd` VALUES (286,2,'2019-01-31','4',54,50,55,50,'54','62','n');
INSERT INTO `repoProd` VALUES (287,2,'2019-02-01','1',87,50,90,50,'87','90','n');
INSERT INTO `repoProd` VALUES (288,2,'2019-01-01','4',54,50,55,50,'54','62','n');
INSERT INTO `repoProd` VALUES (289,2,'2019-02-01','2',69,50,79,50,'69','62','n');
INSERT INTO `repoProd` VALUES (290,2,'2019-02-01','3',88,50,74,50,'88','62','n');
INSERT INTO `repoProd` VALUES (291,2,'2019-02-02','1',87,50,90,50,'87','62','n');
INSERT INTO `repoProd` VALUES (292,2,'2019-02-02','2',69,50,79,50,'69','62','n');
INSERT INTO `repoProd` VALUES (293,2,'2019-02-02','3',88,50,74,50,'88','62','n');
INSERT INTO `repoProd` VALUES (294,2,'2019-02-02','4',54,50,55,50,'54','62','n');
INSERT INTO `repoProd` VALUES (295,2,'2019-02-04','1',87,50,90,50,'87','62','n');
INSERT INTO `repoProd` VALUES (296,2,'2019-02-04','2',69,50,79,50,'69','62','n');
INSERT INTO `repoProd` VALUES (297,2,'2019-02-04','3',88,50,74,50,'88','62','n');
INSERT INTO `repoProd` VALUES (298,2,'2019-02-05','1',87,50,90,50,'87','62','n');
INSERT INTO `repoProd` VALUES (299,2,'2019-03-05','2',69,50,79,50,'69','62','n');
INSERT INTO `repoProd` VALUES (300,2,'2019-02-05','3',88,50,74,50,'88','62','n');
INSERT INTO `repoProd` VALUES (301,2,'2019-02-05','4',72,50,56,50,'72','62','n');
INSERT INTO `repoProd` VALUES (302,2,'2019-02-05','3',54,50,55,50,'54','62','n');
INSERT INTO `repoProd` VALUES (303,2,'2019-02-06','1',87,50,90,50,'87','62','n');
INSERT INTO `repoProd` VALUES (304,2,'2019-02-06','3',88,50,74,50,'88','62','n');
INSERT INTO `repoProd` VALUES (305,2,'2019-02-06','4',72,50,56,50,'72','62','n');
INSERT INTO `repoProd` VALUES (306,2,'2019-02-06','4',54,50,55,50,'54','62','n');
INSERT INTO `repoProd` VALUES (307,2,'2019-02-07','1',87,50,90,50,'87','62','n');
INSERT INTO `repoProd` VALUES (308,2,'2019-02-07','2',69,50,79,50,'69','62','n');
INSERT INTO `repoProd` VALUES (309,2,'2019-02-07','3',88,50,74,50,'88','62','n');
INSERT INTO `repoProd` VALUES (310,2,'2019-02-07','4',72,50,98,50,'72','62','n');
INSERT INTO `repoProd` VALUES (311,2,'2019-02-07','4',54,50,55,50,'54','62','n');
INSERT INTO `repoProd` VALUES (312,2,'2019-02-08','1',87,50,90,50,'87','62','n');
INSERT INTO `repoProd` VALUES (313,2,'2019-02-08','2',69,50,79,50,'69','62','n');
INSERT INTO `repoProd` VALUES (314,2,'2019-02-08','3',88,50,74,50,'88','62','n');
INSERT INTO `repoProd` VALUES (316,2,'2019-02-08','4',72,50,98,50,'72','62','n');
INSERT INTO `repoProd` VALUES (318,2,'2019-02-09','1',87,50,90,50,'87','62','n');
INSERT INTO `repoProd` VALUES (319,2,'2019-02-09','2',69,50,79,50,'69','62','n');
INSERT INTO `repoProd` VALUES (320,2,'2019-02-09','3',88,50,74,50,'88','62','n');
INSERT INTO `repoProd` VALUES (321,2,'2019-02-09','4',72,50,98,50,'72','62','n');
INSERT INTO `repoProd` VALUES (322,2,'2019-02-09','3',54,50,55,50,'54','62','n');
INSERT INTO `repoProd` VALUES (323,2,'2019-02-11','1',87,50,90,50,'87','62','n');
INSERT INTO `repoProd` VALUES (324,2,'2019-02-11','2',69,50,79,50,'69','62','n');
INSERT INTO `repoProd` VALUES (325,2,'2019-02-11','3',88,50,74,50,'88','62','n');
INSERT INTO `repoProd` VALUES (326,2,'2019-02-11','4',72,50,98,50,'72','62','n');
INSERT INTO `repoProd` VALUES (327,2,'2019-02-11','4',54,50,55,50,'54','62','n');
INSERT INTO `repoProd` VALUES (330,2,'2019-02-12','3',88,50,74,50,'88','62','n');
INSERT INTO `repoProd` VALUES (331,2,'2019-02-12','4',72,50,98,50,'72','62','n');
INSERT INTO `repoProd` VALUES (332,2,'2019-02-13','1',87,50,90,50,'87','62','n');
INSERT INTO `repoProd` VALUES (333,2,'2019-02-13','2',79,100,0,0,'79','62','n');
INSERT INTO `repoProd` VALUES (334,2,'2019-02-13','3',88,50,74,50,'88','62','n');
INSERT INTO `repoProd` VALUES (335,2,'2019-02-13','4',72,50,98,50,'72','62','n');
INSERT INTO `repoProd` VALUES (337,2,'2019-02-14','3',54,50,55,50,'54','62','n');
INSERT INTO `repoProd` VALUES (338,2,'2019-02-14','1',87,50,90,50,'87','62','n');
INSERT INTO `repoProd` VALUES (339,2,'2019-02-14','2',79,50,56,50,'79','62','n');
INSERT INTO `repoProd` VALUES (340,2,'2019-02-14','3',88,50,74,50,'88','62','n');
INSERT INTO `repoProd` VALUES (341,2,'2019-02-14','4',72,50,98,50,'72','62','n');
INSERT INTO `repoProd` VALUES (342,2,'2019-02-15','1',87,50,90,50,'87','62','n');
INSERT INTO `repoProd` VALUES (344,2,'2019-02-15','2',79,50,56,50,'79','62','n');
INSERT INTO `repoProd` VALUES (345,2,'2019-02-15','3',88,50,74,50,'88','62','n');
INSERT INTO `repoProd` VALUES (346,2,'2019-02-15','4',72,50,98,50,'72','62','n');
INSERT INTO `repoProd` VALUES (347,2,'2019-02-15','3',54,50,55,50,'54','62','n');
INSERT INTO `repoProd` VALUES (348,2,'2019-02-16','1',87,50,90,50,'87','62','n');
INSERT INTO `repoProd` VALUES (349,2,'2019-02-16','3',88,50,74,50,'88','62','n');
INSERT INTO `repoProd` VALUES (350,2,'2019-02-16','4',72,50,98,50,'72','','n');
INSERT INTO `repoProd` VALUES (351,2,'2019-02-16','2',54,50,55,50,'54','62','n');
INSERT INTO `repoProd` VALUES (352,2,'2019-02-18','1',87,50,90,50,'87','62','n');
INSERT INTO `repoProd` VALUES (353,2,'2019-02-18','2',72,50,79,50,'72','62','n');
INSERT INTO `repoProd` VALUES (354,2,'2019-02-18','3',88,50,74,50,'88','62','n');
INSERT INTO `repoProd` VALUES (355,2,'2019-02-18','3',54,50,55,50,'54','62','n');
INSERT INTO `repoProd` VALUES (356,2,'2019-02-19','1',87,50,90,50,'87','62','n');
INSERT INTO `repoProd` VALUES (357,2,'2019-02-19','3',88,50,74,50,'88','62','n');
INSERT INTO `repoProd` VALUES (358,2,'2019-02-19','4',72,50,79,50,'72','62','n');
INSERT INTO `repoProd` VALUES (359,2,'2019-02-19','3',54,50,55,50,'54','62','n');
INSERT INTO `repoProd` VALUES (360,2,'2019-02-20','1',87,50,90,50,'87','62','n');
INSERT INTO `repoProd` VALUES (361,2,'2019-02-20','3',88,50,74,50,'88','62','n');
INSERT INTO `repoProd` VALUES (362,2,'2019-02-20','4',72,50,79,50,'72','62','n');
INSERT INTO `repoProd` VALUES (363,2,'2019-02-21','1',87,50,90,50,'87','62','n');
INSERT INTO `repoProd` VALUES (364,2,'2019-02-21','3',88,50,74,50,'88','62','n');
INSERT INTO `repoProd` VALUES (365,2,'2019-02-21','4',72,50,79,50,'72','62','n');
INSERT INTO `repoProd` VALUES (366,2,'2019-02-21','3',54,50,55,50,'54','62','n');
INSERT INTO `repoProd` VALUES (367,2,'2019-02-22','1',87,50,90,50,'87','62','n');
INSERT INTO `repoProd` VALUES (368,2,'2019-02-22','3',88,50,74,50,'88','62','n');
INSERT INTO `repoProd` VALUES (369,2,'2019-02-22','4',72,50,79,50,'72','62','n');
INSERT INTO `repoProd` VALUES (370,2,'2019-02-22','3',54,50,55,50,'54','62','n');
INSERT INTO `repoProd` VALUES (371,2,'2019-02-23','1',87,50,90,50,'87','62','n');
INSERT INTO `repoProd` VALUES (372,2,'2019-02-23','3',88,50,74,50,'88','62','n');
INSERT INTO `repoProd` VALUES (373,2,'2019-02-23','4',72,50,79,50,'72','62','n');
INSERT INTO `repoProd` VALUES (374,2,'2019-02-23','3',54,50,55,50,'54','62','n');
INSERT INTO `repoProd` VALUES (375,2,'2019-02-25','1',87,50,90,50,'87','62','n');
INSERT INTO `repoProd` VALUES (376,2,'2019-02-25','3',88,50,74,50,'88','62','n');
INSERT INTO `repoProd` VALUES (377,2,'2019-02-25','4',72,50,79,50,'72','62','n');
INSERT INTO `repoProd` VALUES (378,2,'2019-02-25','3',54,50,55,50,'54','62','n');
INSERT INTO `repoProd` VALUES (379,2,'2019-02-26','1',87,50,90,50,'87','62','n');
INSERT INTO `repoProd` VALUES (380,2,'2019-02-26','4',72,50,79,50,'72','62','n');
INSERT INTO `repoProd` VALUES (382,2,'2019-01-09','1',87,50,90,50,'87','62','n');
INSERT INTO `repoProd` VALUES (384,2,'2019-01-09','3',88,50,74,50,'88','62','n');
INSERT INTO `repoProd` VALUES (385,2,'2019-01-09','4',54,50,55,50,'54','62','n');
INSERT INTO `repoProd` VALUES (386,2,'2019-01-09','6',72,50,58,50,'72','62','n');
INSERT INTO `repoProd` VALUES (387,2,'2019-01-10','1',87,50,90,50,'87','62','n');
INSERT INTO `repoProd` VALUES (388,2,'2019-01-10','2',69,50,79,50,'69','62','n');
INSERT INTO `repoProd` VALUES (389,2,'2019-01-10','3',88,50,74,50,'88','62','n');
INSERT INTO `repoProd` VALUES (390,2,'2019-01-10','4',54,50,55,50,'54','62','n');
INSERT INTO `repoProd` VALUES (391,2,'2019-01-10','6',72,50,58,50,'72','62','n');
INSERT INTO `repoProd` VALUES (392,2,'2019-02-27','1',87,50,90,50,'87','62','n');
INSERT INTO `repoProd` VALUES (393,2,'2019-02-27','2',72,50,79,50,'72','62','n');
INSERT INTO `repoProd` VALUES (394,2,'2019-02-27','3',88,50,74,50,'88','62','n');
INSERT INTO `repoProd` VALUES (395,2,'2019-02-27','6',93,50,104,50,'93','62','n');
INSERT INTO `repoProd` VALUES (396,2,'2019-03-28','1',87,50,90,50,'87','62','n');
INSERT INTO `repoProd` VALUES (397,2,'2019-02-28','2',72,50,79,50,'72','62','n');
INSERT INTO `repoProd` VALUES (398,2,'2019-02-28','3',88,50,74,50,'88','62','n');
INSERT INTO `repoProd` VALUES (399,2,'2019-02-28','4',93,50,104,50,'93','62','n');
INSERT INTO `repoProd` VALUES (400,2,'2019-02-28','3',54,50,55,50,'54','62','n');
INSERT INTO `repoProd` VALUES (401,2,'2019-02-26','6',93,50,104,50,'93','62','n');
INSERT INTO `repoProd` VALUES (403,2,'2019-03-01','4',72,50,79,50,'72','62','n');
INSERT INTO `repoProd` VALUES (404,2,'2019-03-01','3',54,50,55,50,'54','62','n');
INSERT INTO `repoProd` VALUES (405,2,'2019-03-01','3',88,50,74,50,'88','62','n');
INSERT INTO `repoProd` VALUES (406,2,'2019-03-02','1',87,50,90,50,'87','62','n');
INSERT INTO `repoProd` VALUES (409,2,'2019-03-02','3',88,50,74,50,'88','62','n');
INSERT INTO `repoProd` VALUES (410,2,'2019-03-02','2',54,50,55,50,'54','62','n');
INSERT INTO `repoProd` VALUES (411,2,'2019-03-04','1',87,50,90,50,'87','62','n');
INSERT INTO `repoProd` VALUES (412,2,'2019-03-04','3',88,50,74,50,'88','62','n');
INSERT INTO `repoProd` VALUES (413,2,'2019-03-02','2',72,50,79,50,'72','62','n');
INSERT INTO `repoProd` VALUES (414,2,'2019-03-01','1',87,50,90,50,'87','62','n');
INSERT INTO `repoProd` VALUES (415,2,'2019-03-05','1',87,50,90,50,'87','62','n');
INSERT INTO `repoProd` VALUES (416,2,'2019-03-05','2',72,50,79,50,'72','62','n');
INSERT INTO `repoProd` VALUES (417,2,'2019-03-05','3',88,50,74,50,'88','62','n');
INSERT INTO `repoProd` VALUES (420,2,'2019-03-05','2',54,50,55,50,'54','62','n');
INSERT INTO `repoProd` VALUES (422,2,'2019-03-06','1',87,50,90,50,'87','62','n');
INSERT INTO `repoProd` VALUES (423,2,'2019-03-06','3',88,50,106,50,'88','62','n');
INSERT INTO `repoProd` VALUES (424,2,'2019-03-06','3',54,50,55,50,'54','62','n');
INSERT INTO `repoProd` VALUES (425,2,'2019-03-06','6',88,50,74,50,'88','62','n');
INSERT INTO `repoProd` VALUES (426,2,'2019-03-07','2',54,50,55,50,'54','62','n');
INSERT INTO `repoProd` VALUES (427,2,'2019-03-07','1',87,50,90,50,'87','62','n');
INSERT INTO `repoProd` VALUES (428,2,'2019-03-07','3',88,50,74,50,'88','62','n');
INSERT INTO `repoProd` VALUES (429,2,'2019-03-07','2',72,50,79,50,'72','62','n');
INSERT INTO `repoProd` VALUES (430,2,'2019-03-07','6',93,50,106,50,'93','62','n');
INSERT INTO `repoProd` VALUES (431,2,'2019-03-08','4',54,50,55,50,'54','62','n');
INSERT INTO `repoProd` VALUES (432,2,'2019-03-08','1',87,50,90,50,'87','62','n');
INSERT INTO `repoProd` VALUES (433,2,'2019-03-08','3',88,50,74,50,'88','62','n');
INSERT INTO `repoProd` VALUES (434,2,'2019-03-08','2',72,50,79,50,'72','62','n');
INSERT INTO `repoProd` VALUES (435,2,'2019-03-08','6',93,50,106,50,'93','62','n');
INSERT INTO `repoProd` VALUES (436,2,'2019-03-09','2',54,50,55,50,'54','62','n');
INSERT INTO `repoProd` VALUES (437,2,'2019-03-09','1',87,50,90,50,'87','62','n');
INSERT INTO `repoProd` VALUES (439,2,'2019-03-09','3',88,50,74,50,'88','62','n');
INSERT INTO `repoProd` VALUES (440,2,'2019-03-09','6',93,50,106,50,'93','62','n');
INSERT INTO `repoProd` VALUES (441,2,'2019-01-09','2',69,50,79,50,'69','62','n');
INSERT INTO `repoProd` VALUES (442,2,'2019-02-08','2',54,50,55,50,'54','62','n');
INSERT INTO `repoProd` VALUES (443,2,'2019-02-12','2',79,100,0,0,'79','62','n');
INSERT INTO `repoProd` VALUES (444,2,'2019-01-30','4',54,50,55,50,'54','62','n');
INSERT INTO `repoProd` VALUES (445,2,'2019-01-29','1',87,50,90,50,'87','62','n');
INSERT INTO `repoProd` VALUES (446,2,'2019-01-24','3',88,50,74,50,'88','62','n');
INSERT INTO `repoProd` VALUES (447,2,'2019-01-18','2',69,50,79,50,'69','62','n');
INSERT INTO `repoProd` VALUES (448,2,'2019-01-02','6',72,50,93,50,'72','62','n');
INSERT INTO `repoProd` VALUES (449,2,'2019-02-12','1',87,50,90,50,'87','62','n');
INSERT INTO `repoProd` VALUES (450,2,'2019-02-13','2',54,50,55,50,'54','62','n');
INSERT INTO `repoProd` VALUES (451,2,'2019-02-28','1',87,50,90,50,'87','62','n');
INSERT INTO `repoProd` VALUES (452,2,'2019-03-11','6',93,50,106,50,'93','62','n');
INSERT INTO `repoProd` VALUES (453,2,'2019-03-11','1',87,50,90,50,'87','62','n');
INSERT INTO `repoProd` VALUES (454,2,'2019-03-11','3',88,50,74,50,'88','62','n');
INSERT INTO `repoProd` VALUES (455,2,'2019-03-11','4',54,50,55,50,'54','62','n');
INSERT INTO `repoProd` VALUES (456,2,'2019-03-12','4',54,50,55,50,'54','55','n');
INSERT INTO `repoProd` VALUES (457,2,'2019-03-12','6',93,50,106,50,'93','','n');
INSERT INTO `repoProd` VALUES (458,2,'2019-03-12','2',72,50,79,50,'72','62','n');
INSERT INTO `repoProd` VALUES (459,2,'2019-01-15','1',87,50,90,50,'87','62','n');
INSERT INTO `repoProd` VALUES (460,2,'2019-03-12','3',88,50,74,50,'88','62','n');
INSERT INTO `repoProd` VALUES (461,2,'2019-03-12','1',87,50,90,50,'87','62','n');
INSERT INTO `repoProd` VALUES (462,2,'2019-03-13','1',87,50,90,50,'87','62','n');
INSERT INTO `repoProd` VALUES (463,2,'2019-03-13','2',72,50,79,50,'72','62','n');
INSERT INTO `repoProd` VALUES (464,2,'2019-03-13','3',88,50,74,50,'88','62','n');
INSERT INTO `repoProd` VALUES (465,2,'2019-03-13','6',93,50,106,50,'93','62','n');
INSERT INTO `repoProd` VALUES (466,2,'2019-03-13','2',54,50,55,50,'54','62','n');
INSERT INTO `repoProd` VALUES (467,2,'2019-03-14','1',87,50,90,50,'87','62','n');
INSERT INTO `repoProd` VALUES (468,2,'2019-03-14','2',72,50,79,50,'72','62','n');
INSERT INTO `repoProd` VALUES (469,2,'2019-03-14','3',88,50,74,50,'88','62','n');
INSERT INTO `repoProd` VALUES (470,2,'2019-03-14','2',54,50,55,50,'54','62','n');
INSERT INTO `repoProd` VALUES (471,2,'2019-03-14','3',93,50,106,50,'93','62','n');
INSERT INTO `repoProd` VALUES (472,2,'2019-03-15','1',87,50,90,50,'87','62','n');
INSERT INTO `repoProd` VALUES (473,2,'2019-03-15','3',88,50,74,50,'88','62','n');
INSERT INTO `repoProd` VALUES (474,2,'2019-03-15','3',93,50,106,50,'93','62','n');
INSERT INTO `repoProd` VALUES (475,2,'2019-03-15','4',54,50,55,50,'54','62','n');
INSERT INTO `repoProd` VALUES (476,2,'2019-03-15','2',72,50,79,50,'72','62','n');
INSERT INTO `repoProd` VALUES (477,2,'2019-03-16','1',87,50,90,50,'87','62','n');
INSERT INTO `repoProd` VALUES (479,2,'2019-03-16','3',88,50,74,50,'88','62','n');
INSERT INTO `repoProd` VALUES (480,2,'2019-03-16','4',54,50,55,50,'54','62','n');
INSERT INTO `repoProd` VALUES (481,2,'2019-03-16','3',93,50,106,50,'93','62','n');
INSERT INTO `repoProd` VALUES (483,2,'2019-03-16','2',72,50,79,50,'72','62','n');
INSERT INTO `repoProd` VALUES (485,2,'2019-03-18','2',72,50,79,50,'72','62','n');
INSERT INTO `repoProd` VALUES (486,2,'2019-03-18','4',54,50,55,50,'54','62','n');
INSERT INTO `repoProd` VALUES (487,2,'2019-03-18','3',93,50,106,50,'93','62','n');
INSERT INTO `repoProd` VALUES (488,2,'2019-03-18','3',88,50,74,50,'88','62','n');
INSERT INTO `repoProd` VALUES (489,2,'2019-03-18','1',87,50,90,50,'87','62','n');
INSERT INTO `repoProd` VALUES (490,2,'2019-03-19','1',87,50,90,50,'87','62','n');
INSERT INTO `repoProd` VALUES (491,2,'2019-03-19','3',88,50,74,50,'88','62','n');
INSERT INTO `repoProd` VALUES (492,2,'2019-03-19','3',93,50,106,50,'93','62','n');
INSERT INTO `repoProd` VALUES (493,2,'2019-03-19','4',54,50,55,50,'54','62','n');
INSERT INTO `repoProd` VALUES (494,2,'2019-03-19','2',72,50,79,50,'72','62','n');
INSERT INTO `repoProd` VALUES (497,2,'2019-03-20','3',88,50,74,50,'88','62','n');
INSERT INTO `repoProd` VALUES (498,2,'2019-03-20','1',87,50,90,50,'87','62','n');
INSERT INTO `repoProd` VALUES (499,2,'2019-03-20','2',72,50,79,50,'72','62','n');
INSERT INTO `repoProd` VALUES (500,2,'2019-03-20','3',93,50,106,50,'93','62','n');
INSERT INTO `repoProd` VALUES (501,2,'2019-03-20','2',54,50,55,50,'54','62','n');
INSERT INTO `repoProd` VALUES (502,2,'2019-03-21','1',87,50,90,50,'87','62','n');
INSERT INTO `repoProd` VALUES (503,2,'2019-03-21','3',88,50,74,50,'88','62','n');
INSERT INTO `repoProd` VALUES (504,2,'2019-03-21','3',93,50,106,50,'93','62','n');
INSERT INTO `repoProd` VALUES (505,2,'2019-03-21','2',72,50,79,50,'72','62','n');
INSERT INTO `repoProd` VALUES (506,2,'2019-03-22','3',93,50,106,50,'93','62','n');
INSERT INTO `repoProd` VALUES (507,2,'2019-03-22','2',72,50,79,50,'72','62','n');
INSERT INTO `repoProd` VALUES (509,2,'2019-03-22','1',87,50,90,50,'87','62','n');
INSERT INTO `repoProd` VALUES (510,2,'2019-03-22','3',88,50,74,50,'88','62','n');
INSERT INTO `repoProd` VALUES (511,2,'2019-03-23','1',87,50,90,50,'87','62','n');
INSERT INTO `repoProd` VALUES (513,2,'2019-03-23','3',88,50,74,50,'88','62','n');
INSERT INTO `repoProd` VALUES (514,2,'2019-03-23','4',54,50,55,50,'54','62','n');
INSERT INTO `repoProd` VALUES (515,2,'2019-03-23','6',93,50,106,50,'93','62','n');
INSERT INTO `repoProd` VALUES (516,2,'2019-03-23','2',72,50,79,50,'72','62','n');
INSERT INTO `repoProd` VALUES (517,2,'2019-03-25','3',88,50,74,50,'88','62','n');
INSERT INTO `repoProd` VALUES (518,2,'2019-03-25','1',87,50,90,50,'87','62','n');
INSERT INTO `repoProd` VALUES (519,2,'2019-03-25','4',54,50,55,50,'54','62','n');
INSERT INTO `repoProd` VALUES (522,2,'2019-03-26','3',88,50,74,50,'88','62','n');
INSERT INTO `repoProd` VALUES (523,2,'2019-03-26','1',87,50,90,50,'87','62','n');
INSERT INTO `repoProd` VALUES (524,2,'2019-03-26','4',54,50,55,50,'54','62','n');
INSERT INTO `repoProd` VALUES (525,2,'2019-03-26','3',72,50,79,50,'79','62','n');
/*!40000 ALTER TABLE `repoProd` ENABLE KEYS */;
UNLOCK TABLES;

--
-- Table structure for table `supervisores`
--

DROP TABLE IF EXISTS `supervisores`;
/*!40101 SET @saved_cs_client     = @@character_set_client */;
/*!40101 SET character_set_client = utf8 */;
CREATE TABLE `supervisores` (
  `id` int(11) NOT NULL AUTO_INCREMENT,
  `nombre` char(60) DEFAULT NULL,
  `baja` char(1) DEFAULT '',
  PRIMARY KEY (`id`),
  KEY `nombre` (`nombre`)
) ENGINE=InnoDB AUTO_INCREMENT=3 DEFAULT CHARSET=latin1;
/*!40101 SET character_set_client = @saved_cs_client */;

--
-- Dumping data for table `supervisores`
--

LOCK TABLES `supervisores` WRITE;
/*!40000 ALTER TABLE `supervisores` DISABLE KEYS */;
INSERT INTO `supervisores` VALUES (1,'Rosa Elena Hernandez','');
INSERT INTO `supervisores` VALUES (2,'Arturo Diaz Ibañez','');
/*!40000 ALTER TABLE `supervisores` ENABLE KEYS */;
UNLOCK TABLES;

--
-- Table structure for table `tablas`
--

DROP TABLE IF EXISTS `tablas`;
/*!40101 SET @saved_cs_client     = @@character_set_client */;
/*!40101 SET character_set_client = utf8 */;
CREATE TABLE `tablas` (
  `id` int(11) NOT NULL AUTO_INCREMENT,
  `especie` char(20) DEFAULT NULL,
  `descrip` char(50) NOT NULL,
  `grueso` decimal(9,4) NOT NULL,
  `ugrueso` char(1) NOT NULL DEFAULT 'i',
  `ancho` decimal(9,4) NOT NULL,
  `uancho` char(1) NOT NULL DEFAULT 'i',
  `largo` decimal(9,4) NOT NULL,
  `ulargo` char(1) NOT NULL DEFAULT 'i',
  `volpt` decimal(9,4) NOT NULL,
  `existen` int(11) DEFAULT NULL,
  PRIMARY KEY (`id`),
  KEY `descrip` (`descrip`),
  KEY `especie` (`especie`,`descrip`),
  KEY `especie_2` (`especie`,`grueso`)
) ENGINE=InnoDB AUTO_INCREMENT=335 DEFAULT CHARSET=latin1;
/*!40101 SET character_set_client = @saved_cs_client */;

--
-- Dumping data for table `tablas`
--

LOCK TABLES `tablas` WRITE;
/*!40000 ALTER TABLE `tablas` DISABLE KEYS */;
INSERT INTO `tablas` VALUES (176,'CEDRO BLANCO','1/2x3x105',0.5000,'I',3.0000,'I',105.0000,'C',0.4306,0);
INSERT INTO `tablas` VALUES (177,'CEDRO BLANCO','1/2x3x115',0.5000,'I',3.0000,'I',115.0000,'C',0.4716,0);
INSERT INTO `tablas` VALUES (178,'CEDRO BLANCO','1/2x3x125',0.5000,'I',3.0000,'I',125.0000,'C',0.5126,0);
INSERT INTO `tablas` VALUES (179,'CEDRO BLANCO','1/2x3 1/2x105',0.5000,'I',3.5000,'I',105.0000,'C',0.5024,0);
INSERT INTO `tablas` VALUES (180,'CEDRO BLANCO','1/2x3 1/2x115',0.5000,'I',3.5000,'I',115.0000,'C',0.5502,0);
INSERT INTO `tablas` VALUES (181,'CEDRO BLANCO','1/2x4x105',0.5000,'I',4.0000,'I',105.0000,'C',0.5741,0);
INSERT INTO `tablas` VALUES (182,'CEDRO BLANCO','1/2x4x115',0.5000,'I',4.0000,'I',115.0000,'C',0.6288,0);
INSERT INTO `tablas` VALUES (183,'CEDRO BLANCO','1 1/2x3 1/2x105',1.5000,'I',3.5000,'I',105.0000,'C',1.5071,0);
INSERT INTO `tablas` VALUES (184,'CEDRO BLANCO','1 1/2x3 1/2x125',1.5000,'I',3.5000,'I',125.0000,'C',1.7942,0);
INSERT INTO `tablas` VALUES (185,'CEDRO BLANCO','1 1/4x3 1/2x105',1.2500,'I',3.5000,'I',105.0000,'C',1.2559,0);
INSERT INTO `tablas` VALUES (186,'CEDRO BLANCO','1 1/4x3 1/2x115',1.2500,'I',3.5000,'I',115.0000,'C',1.3756,0);
INSERT INTO `tablas` VALUES (187,'CEDRO BLANCO','1 1/4x3 1/2x125',1.2500,'I',3.5000,'I',125.0000,'C',1.4952,0);
INSERT INTO `tablas` VALUES (188,'CEDRO BLANCO','5/8x3 1/2x105',0.6250,'I',3.5000,'I',105.0000,'C',0.6280,0);
INSERT INTO `tablas` VALUES (189,'CEDRO BLANCO','5/8x3 1/2x125',0.6250,'I',3.5000,'I',125.0000,'C',0.7476,0);
INSERT INTO `tablas` VALUES (190,'CEDRO BLANCO','5/8x3 1/2x115',0.6250,'I',3.5000,'I',115.0000,'C',0.6878,0);
INSERT INTO `tablas` VALUES (191,'CEDRO BLANCO','5/8x3x105',0.6250,'I',3.0000,'I',105.0000,'C',0.5383,0);
INSERT INTO `tablas` VALUES (192,'CEDRO BLANCO','5/8x3x115',0.6250,'I',3.0000,'I',115.0000,'C',0.5895,0);
INSERT INTO `tablas` VALUES (193,'CEDRO BLANCO','5/8x3x125',0.6250,'I',3.0000,'I',125.0000,'C',0.6408,0);
INSERT INTO `tablas` VALUES (194,'CEDRO BLANCO','5/8x4x105',0.6250,'I',4.0000,'I',105.0000,'C',0.7177,0);
INSERT INTO `tablas` VALUES (195,'CEDRO BLANCO','5/8x4x115',0.6250,'I',4.0000,'I',115.0000,'C',0.7860,0);
INSERT INTO `tablas` VALUES (196,'CEDRO BLANCO','5/8x5x105',0.6250,'I',5.0000,'I',105.0000,'C',0.8971,0);
INSERT INTO `tablas` VALUES (197,'CEDRO BLANCO','3/4x3x105',0.7500,'I',3.0000,'I',105.0000,'C',0.6459,0);
INSERT INTO `tablas` VALUES (198,'CEDRO BLANCO','3/4x3x115',0.7500,'I',3.0000,'I',115.0000,'C',0.7074,0);
INSERT INTO `tablas` VALUES (199,'CEDRO BLANCO','3/4x3x125',0.7500,'I',3.0000,'I',125.0000,'C',0.7689,0);
INSERT INTO `tablas` VALUES (200,'CEDRO BLANCO','3/4x3 1/2x105',0.7500,'I',3.5000,'I',105.0000,'C',0.7536,0);
INSERT INTO `tablas` VALUES (201,'CEDRO BLANCO','3/4x4x115',0.7500,'I',4.0000,'I',115.0000,'C',0.9432,0);
INSERT INTO `tablas` VALUES (202,'CEDRO BLANCO','3/4x5x105',0.7500,'I',5.0000,'I',105.0000,'C',1.0765,0);
INSERT INTO `tablas` VALUES (203,'CEDRO BLANCO','3/4x5x125',0.7500,'I',5.0000,'I',125.0000,'C',1.2816,0);
INSERT INTO `tablas` VALUES (204,'CEDRO BLANCO','3 1/2x5x6 1/2',3.5000,'I',5.0000,'I',6.5000,'I',0.7899,0);
INSERT INTO `tablas` VALUES (205,'CEDRO BLANCO','3 1/2x3 1/2x3 1/2',3.5000,'I',3.5000,'I',3.5000,'I',0.2977,0);
INSERT INTO `tablas` VALUES (206,'CEDRO BLANCO','3 1/2x3 1/2x5',3.5000,'I',3.5000,'I',5.0000,'I',0.4253,0);
INSERT INTO `tablas` VALUES (208,'CEDRO BLANCO','3/4x3 1/2x115',0.7500,'I',3.5000,'I',115.0000,'C',0.8253,0);
INSERT INTO `tablas` VALUES (209,'CEDRO BLANCO','3/4x3 1/2x125',0.7500,'I',3.5000,'I',125.0000,'C',0.8971,0);
INSERT INTO `tablas` VALUES (210,'PINO','1/2x3x125',0.5000,'I',3.0000,'I',125.0000,'C',0.5126,0);
INSERT INTO `tablas` VALUES (211,'PINO','1/2x3 1/2x105',0.5000,'I',3.5000,'I',105.0000,'C',0.5024,0);
INSERT INTO `tablas` VALUES (212,'PINO','1/2x4x105',0.5000,'I',4.0000,'I',105.0000,'C',0.5741,0);
INSERT INTO `tablas` VALUES (213,'PINO','1 1/4x3 1/2x105',1.2500,'I',3.5000,'I',105.0000,'C',1.2559,0);
INSERT INTO `tablas` VALUES (214,'PINO','1 1/4x3 1/2x125',1.2500,'I',3.5000,'I',125.0000,'C',1.4952,0);
INSERT INTO `tablas` VALUES (215,'PINO','5/8x3x115',0.6250,'I',3.0000,'I',115.0000,'C',0.5895,0);
INSERT INTO `tablas` VALUES (216,'PINO','5/8x3x125',0.6250,'I',3.0000,'I',125.0000,'C',0.6408,0);
INSERT INTO `tablas` VALUES (217,'PINO','5/8x3 1/2x115',0.6250,'I',3.5000,'I',115.0000,'C',0.6878,0);
INSERT INTO `tablas` VALUES (218,'PINO','5/8x4x115',0.6250,'I',4.0000,'I',115.0000,'C',0.7860,0);
INSERT INTO `tablas` VALUES (219,'PINO','5/8x4x125',0.6250,'I',4.0000,'I',125.0000,'C',0.8544,0);
INSERT INTO `tablas` VALUES (220,'PINO','3/4x3 1/2x105',0.7500,'I',3.5000,'I',105.0000,'C',0.7536,0);
INSERT INTO `tablas` VALUES (221,'PINO','3/4x3 1/2x125',0.7500,'I',3.5000,'I',125.0000,'C',0.8971,0);
INSERT INTO `tablas` VALUES (222,'PINO','3 1/2x3 1/2x5',3.5000,'I',3.5000,'I',5.0000,'I',0.4253,0);
INSERT INTO `tablas` VALUES (223,'PINO','3 1/2x3 1/2x3 1/2',3.5000,'I',3.5000,'I',3.5000,'I',0.2977,0);
INSERT INTO `tablas` VALUES (224,'CEDRO BLANCO','1/2x5x42 1/2',0.5000,'I',5.0000,'I',42.5000,'I',0.7378,0);
INSERT INTO `tablas` VALUES (225,'CEDRO BLANCO','1/2x3x42 1/2',0.5000,'I',3.0000,'I',42.5000,'I',0.4427,0);
INSERT INTO `tablas` VALUES (226,'CEDRO BLANCO','5/8x5x38',0.6250,'I',5.0000,'I',38.0000,'I',0.8247,0);
INSERT INTO `tablas` VALUES (227,'CEDRO BLANCO','5/8x3x38',0.6250,'I',3.0000,'I',38.0000,'I',0.4948,0);
INSERT INTO `tablas` VALUES (228,'CEDRO BLANCO','3/4x4x43 1/4',0.7500,'I',4.0000,'I',43.2500,'I',0.9010,0);
INSERT INTO `tablas` VALUES (229,'CEDRO BLANCO','1 1/4x3 1/2x43 1/4',1.2500,'I',3.5000,'I',43.2500,'I',1.3140,0);
INSERT INTO `tablas` VALUES (230,'CEDRO BLANCO','5/8x4x44',0.6250,'I',4.0000,'I',44.0000,'I',0.7639,0);
INSERT INTO `tablas` VALUES (231,'CEDRO BLANCO','5/8x3x44',0.6250,'I',3.0000,'I',44.0000,'I',0.5729,0);
INSERT INTO `tablas` VALUES (232,'CEDRO BLANCO','1 1/4x3 1/2x46',1.2500,'I',3.5000,'I',46.0000,'I',1.3976,0);
INSERT INTO `tablas` VALUES (233,'CEDRO BLANCO','5/8x3.5x44',0.6250,'I',3.5000,'C',44.0000,'I',0.2632,0);
INSERT INTO `tablas` VALUES (235,'CEDRO BLANCO','3/4x3 1/2x40',0.7500,'I',3.5000,'I',40.0000,'I',0.7292,0);
INSERT INTO `tablas` VALUES (236,'CEDRO BLANCO','3/4x3 1/2x48',0.7500,'I',3.5000,'I',48.0000,'I',0.8750,0);
INSERT INTO `tablas` VALUES (237,'CEDRO BLANCO','3/4x3 1/2x41',0.7500,'I',3.5000,'I',41.0000,'I',0.7474,0);
INSERT INTO `tablas` VALUES (238,'CEDRO BLANCO','3/4x5x40',0.7500,'I',5.0000,'I',40.0000,'I',1.0417,0);
INSERT INTO `tablas` VALUES (239,'CEDRO BLANCO','3/4x3 1/2x38',0.7500,'I',3.5000,'I',38.0000,'I',0.6927,0);
INSERT INTO `tablas` VALUES (240,'CEDRO BLANCO','1 1/2x3 1/2x31',1.5000,'I',3.5000,'I',31.0000,'I',1.1302,0);
INSERT INTO `tablas` VALUES (241,'CEDRO BLANCO','1 1/2x3 1/2x34',1.5000,'I',3.5000,'I',34.0000,'I',1.2396,0);
INSERT INTO `tablas` VALUES (242,'CEDRO BLANCO','3/4x3 1/2x31',0.7500,'I',3.5000,'I',31.0000,'I',0.5651,0);
INSERT INTO `tablas` VALUES (243,'CEDRO BLANCO','5/8x4x36',0.6250,'I',4.0000,'I',36.0000,'I',0.6250,0);
INSERT INTO `tablas` VALUES (244,'PINO','1 1/4x3 1/2x36',1.2500,'I',3.5000,'I',36.0000,'I',1.0938,0);
INSERT INTO `tablas` VALUES (245,'CEDRO BLANCO','1 1/4x3 1/2x48',1.2500,'I',3.5000,'I',48.0000,'I',1.4583,0);
INSERT INTO `tablas` VALUES (246,'CEDRO BLANCO','5/8x4x43 1/4',0.6250,'I',4.0000,'I',43.2500,'I',0.7509,0);
INSERT INTO `tablas` VALUES (247,'CEDRO BLANCO','1 1/4x3 1/2x38 1/2',1.2500,'I',3.5000,'I',38.5000,'I',1.1697,0);
INSERT INTO `tablas` VALUES (248,'CEDRO BLANCO','1 1/4x3 1/2x38',1.2500,'I',3.5000,'I',38.0000,'I',1.1545,0);
INSERT INTO `tablas` VALUES (249,'CEDRO BLANCO','1 1/4x3 1/2x36',1.2500,'I',3.5000,'I',36.0000,'I',1.0938,0);
INSERT INTO `tablas` VALUES (250,'CEDRO BLANCO','1/2x4x38',0.5000,'I',4.0000,'I',38.0000,'I',0.5278,0);
INSERT INTO `tablas` VALUES (251,'CEDRO BLANCO','1/2x3 1/2x38',0.5000,'I',3.5000,'I',38.0000,'I',0.4618,0);
INSERT INTO `tablas` VALUES (252,'CEDRO BLANCO','1 1/4x3 1/2x31',1.2500,'I',3.5000,'I',31.0000,'I',0.9418,0);
INSERT INTO `tablas` VALUES (253,'CEDRO BLANCO','1 1/4x3 1/2x34',1.2500,'I',3.5000,'I',34.0000,'I',1.0330,0);
INSERT INTO `tablas` VALUES (254,'CEDRO BLANCO','5/8x3 1/2x44',0.6250,'I',3.5000,'I',44.0000,'I',0.6684,0);
INSERT INTO `tablas` VALUES (255,'CEDRO BLANCO','3/4x3x40',0.7500,'I',3.0000,'I',40.0000,'I',0.6250,0);
INSERT INTO `tablas` VALUES (256,'CEDRO BLANCO','3 1/2x3 1/2x6 1/2',3.5000,'I',3.5000,'I',6.5000,'I',0.5530,0);
INSERT INTO `tablas` VALUES (257,'PINO','3/4x3 1/2x48',0.7500,'I',3.5000,'I',48.0000,'I',0.8750,0);
INSERT INTO `tablas` VALUES (258,'PINO','1 1/4x3 1/2x48',1.2500,'I',3.5000,'I',48.0000,'I',1.4583,0);
INSERT INTO `tablas` VALUES (259,'PINO','5/8x4x36',0.6250,'I',4.0000,'I',36.0000,'I',0.6250,0);
INSERT INTO `tablas` VALUES (260,'PINO','3/4x3 1/2x40',0.7500,'I',3.5000,'I',40.0000,'I',0.7292,0);
INSERT INTO `tablas` VALUES (261,'PINO','3/4x3 1/2x41',0.7500,'I',3.5000,'I',41.0000,'I',0.7474,0);
INSERT INTO `tablas` VALUES (262,'CEDRO BLANCO','5/8x4x125',0.6250,'I',4.0000,'I',125.0000,'C',0.8544,0);
INSERT INTO `tablas` VALUES (263,'PINO','1 1/2x3 1/2x34',1.5000,'I',3.5000,'I',34.0000,'I',1.2396,0);
INSERT INTO `tablas` VALUES (264,'PINO','1 1/2x3 1/2x31',1.5000,'I',3.5000,'I',31.0000,'I',1.1302,0);
INSERT INTO `tablas` VALUES (265,'PINO','3/4x3 1/2x31',0.7500,'I',3.5000,'I',31.0000,'I',0.5651,0);
INSERT INTO `tablas` VALUES (266,'PINO','3/4x3 1/2x38',0.7500,'I',3.5000,'I',38.0000,'I',0.6927,0);
INSERT INTO `tablas` VALUES (267,'CEDRO BLANCO','1/2x5x115',0.5000,'I',5.0000,'I',115.0000,'C',0.7860,0);
INSERT INTO `tablas` VALUES (268,'PINO','5/8x4x43 1/4',0.6250,'I',4.0000,'I',43.2500,'I',0.7509,0);
INSERT INTO `tablas` VALUES (269,'PINO','3/4x3x40',0.7500,'I',3.0000,'I',40.0000,'I',0.6250,0);
INSERT INTO `tablas` VALUES (270,'PINO','1/2x3x42 1/2',0.5000,'I',3.0000,'I',42.5000,'I',0.4427,0);
INSERT INTO `tablas` VALUES (271,'PINO','1 1/4x3 1/2x38',1.2500,'I',3.5000,'I',38.0000,'I',1.1545,0);
INSERT INTO `tablas` VALUES (272,'PINO','1/2x4x38',0.5000,'I',4.0000,'I',38.0000,'I',0.5278,0);
INSERT INTO `tablas` VALUES (273,'PINO','1/2x3 1/2x38',0.5000,'I',3.5000,'I',38.0000,'I',0.4618,0);
INSERT INTO `tablas` VALUES (274,'PINO','3/4x5x40',0.7500,'I',5.0000,'I',40.0000,'I',1.0417,0);
INSERT INTO `tablas` VALUES (275,'PINO','5/8x4x44',0.6250,'I',4.0000,'I',44.0000,'I',0.7639,0);
INSERT INTO `tablas` VALUES (276,'PINO','1 1/2x3 1/2x125',1.5000,'I',3.5000,'I',125.0000,'C',1.7942,0);
INSERT INTO `tablas` VALUES (277,'PINO','3/4x5x125',0.7500,'I',5.0000,'I',125.0000,'C',1.2816,0);
INSERT INTO `tablas` VALUES (278,'PINO','3/4x3x125',0.7500,'I',3.0000,'I',125.0000,'C',0.7689,0);
INSERT INTO `tablas` VALUES (279,'PINO','1 1/4x3 1/2x115',1.2500,'I',3.5000,'I',115.0000,'C',1.3756,0);
INSERT INTO `tablas` VALUES (280,'PINO','1/2x3 1/2x115',0.5000,'I',3.5000,'I',115.0000,'C',0.5502,0);
INSERT INTO `tablas` VALUES (281,'PINO','1 1/4x3 1/2x38 1/2',1.2500,'I',3.5000,'I',38.5000,'I',1.1697,0);
INSERT INTO `tablas` VALUES (282,'PINO','3/4x3x105',0.7500,'I',3.0000,'I',105.0000,'C',0.6459,0);
INSERT INTO `tablas` VALUES (283,'PINO','3/4x4x125',0.7500,'I',4.0000,'I',125.0000,'C',1.0253,0);
INSERT INTO `tablas` VALUES (284,'PINO','3/4x4x115',0.7500,'I',4.0000,'I',115.0000,'C',0.9432,0);
INSERT INTO `tablas` VALUES (285,'PINO','5/8x3 1/2x44',0.6250,'I',3.5000,'I',44.0000,'I',0.6684,0);
INSERT INTO `tablas` VALUES (286,'PINO','1/2x3x105',0.5000,'I',3.0000,'I',105.0000,'C',0.4306,0);
INSERT INTO `tablas` VALUES (287,'CEDRO BLANCO','3 1/2x3 1/2x115',3.5000,'I',3.5000,'I',115.0000,'C',3.8516,0);
INSERT INTO `tablas` VALUES (288,'PINO','3 1/2x3 1/2x6 1/2',3.5000,'I',3.5000,'I',6.5000,'I',0.5530,0);
INSERT INTO `tablas` VALUES (289,'CEDRO BLANCO','1/2x3 1/2x125',0.5000,'I',3.5000,'I',125.0000,'C',0.5981,0);
INSERT INTO `tablas` VALUES (290,'PINO','1/2x5x115',0.5000,'I',5.0000,'I',115.0000,'C',0.7860,0);
INSERT INTO `tablas` VALUES (291,'PINO','1/2x3x115',0.5000,'I',3.0000,'I',115.0000,'C',0.4716,0);
INSERT INTO `tablas` VALUES (292,'PINO','3/4x3 1/2x120',0.7500,'I',3.5000,'I',120.0000,'C',0.8612,0);
INSERT INTO `tablas` VALUES (293,'PINO','5/8x3x120',0.6250,'I',3.0000,'I',120.0000,'C',0.6152,0);
INSERT INTO `tablas` VALUES (294,'PINO','3/4x3 1/2x115',0.7500,'I',3.5000,'I',115.0000,'C',0.8253,0);
INSERT INTO `tablas` VALUES (295,'PINO','5/8x3x38',0.6250,'I',3.0000,'I',38.0000,'I',0.4948,0);
INSERT INTO `tablas` VALUES (296,'CEDRO BLANCO','1 1/4x3 1/2x39',1.2500,'I',3.5000,'I',39.0000,'I',1.1849,0);
INSERT INTO `tablas` VALUES (297,'PINO','5/8x3x105',0.6250,'I',3.0000,'I',105.0000,'C',0.5383,0);
INSERT INTO `tablas` VALUES (298,'PINO','1 1/4x3 1/2x39',1.2500,'I',3.5000,'I',39.0000,'I',1.1849,0);
INSERT INTO `tablas` VALUES (299,'CEDRO BLANCO','5/8x3 1/2x31',0.6250,'I',3.5000,'I',31.0000,'I',0.4709,0);
INSERT INTO `tablas` VALUES (300,'CEDRO BLANCO','1 1/4x3 1/2x42',1.2500,'I',3.5000,'I',42.0000,'I',1.2760,0);
INSERT INTO `tablas` VALUES (301,'CEDRO BLANCO','5/8x3 1/2x100',0.6250,'I',3.5000,'I',100.0000,'C',0.5981,0);
INSERT INTO `tablas` VALUES (302,'CEDRO BLANCO','1/2x2 1/2x115',0.5000,'I',2.5000,'I',115.0000,'C',0.3930,0);
INSERT INTO `tablas` VALUES (303,'PINO','5/8x4x31',0.6250,'I',4.0000,'I',31.0000,'I',0.5382,0);
INSERT INTO `tablas` VALUES (304,'CEDRO BLANCO','5/8x3 1/2x33',0.6250,'I',3.5000,'I',33.0000,'I',0.5013,0);
INSERT INTO `tablas` VALUES (305,'CEDRO BLANCO','1/2x2 1/2x105',0.5000,'I',2.5000,'I',105.0000,'C',0.3588,0);
INSERT INTO `tablas` VALUES (306,'CEDRO BLANCO','3x4x3',3.0000,'I',4.0000,'I',3.0000,'I',0.2500,0);
INSERT INTO `tablas` VALUES (307,'CEDRO BLANCO','1 1/4x3 1/2x49',1.2500,'I',3.5000,'I',49.0000,'I',1.4887,0);
INSERT INTO `tablas` VALUES (308,'PINO','1/2x2 1/2x105',0.5000,'I',2.5000,'I',105.0000,'C',0.3588,0);
INSERT INTO `tablas` VALUES (309,'CEDRO BLANCO','5/8x3 1/2x8 1/4',0.6250,'I',3.5000,'I',8.2500,'I',0.1253,0);
INSERT INTO `tablas` VALUES (310,'CEDRO BLANCO','1/2x4x36',0.5000,'I',4.0000,'I',36.0000,'I',0.5000,0);
INSERT INTO `tablas` VALUES (311,'PINO','1/2x2 1/2x40',0.5000,'I',2.5000,'I',40.0000,'I',0.3472,0);
INSERT INTO `tablas` VALUES (312,'PINO','1/2x3x40',0.5000,'I',3.0000,'I',40.0000,'I',0.4167,0);
INSERT INTO `tablas` VALUES (313,'PINO','1/2x3 1/2x48',0.5000,'I',3.5000,'I',48.0000,'I',0.5833,0);
INSERT INTO `tablas` VALUES (314,'PINO','1 1/2x3 1/2x48',1.5000,'I',3.5000,'I',48.0000,'I',1.7500,0);
INSERT INTO `tablas` VALUES (315,'PINO','5/8x4x105',0.6250,'I',4.0000,'I',105.0000,'C',0.7177,0);
INSERT INTO `tablas` VALUES (316,'CEDRO BLANCO','3/4x4x105',0.7500,'I',4.0000,'I',105.0000,'C',0.8612,0);
INSERT INTO `tablas` VALUES (317,'CEDRO BLANCO','7/16x4x105',0.4375,'I',4.0000,'I',105.0000,'C',0.5024,0);
INSERT INTO `tablas` VALUES (318,'PINO','1/2x2 1/2x125',0.5000,'I',2.5000,'I',125.0000,'C',0.4272,0);
INSERT INTO `tablas` VALUES (319,'PINO','1/2x2 1/2x115',0.5000,'I',2.5000,'I',115.0000,'C',0.3930,0);
INSERT INTO `tablas` VALUES (320,'PINO','3/4x4x105',0.7500,'I',4.0000,'I',105.0000,'C',0.8612,0);
INSERT INTO `tablas` VALUES (321,'CEDRO BLANCO','3/4x4x36',0.7500,'I',4.0000,'I',36.0000,'I',0.7500,0);
INSERT INTO `tablas` VALUES (322,'PINO','1/2x4x36',0.5000,'I',4.0000,'I',36.0000,'I',0.5000,0);
INSERT INTO `tablas` VALUES (323,'PINO','3/4x3 1/2x36',0.7500,'I',3.5000,'I',36.0000,'I',0.6563,0);
INSERT INTO `tablas` VALUES (324,'CEDRO BLANCO','3/4x3 1/2x36',0.7500,'I',3.5000,'I',36.0000,'I',0.6563,0);
INSERT INTO `tablas` VALUES (325,'CEDRO BLANCO','3/4x3 1/2x39',0.7500,'I',3.5000,'I',39.0000,'I',0.7109,0);
INSERT INTO `tablas` VALUES (326,'CEDRO BLANCO','3/4x5x39',0.7500,'I',5.0000,'I',39.0000,'I',1.0156,0);
INSERT INTO `tablas` VALUES (327,'CEDRO BLANCO','3/4x3 1/2x42',0.7500,'I',3.5000,'I',42.0000,'I',0.7656,0);
INSERT INTO `tablas` VALUES (328,'PINO','3/4x4x36',0.7500,'I',4.0000,'I',36.0000,'I',0.7500,0);
INSERT INTO `tablas` VALUES (329,'CEDRO BLANCO','1/2x3x120',0.5000,'I',3.0000,'I',120.0000,'C',0.4921,0);
INSERT INTO `tablas` VALUES (330,'CEDRO BLANCO','5/8x4x120',0.6250,'I',4.0000,'I',120.0000,'C',0.8202,0);
INSERT INTO `tablas` VALUES (331,'PINO','1/2x3 1/2x125',0.5000,'I',3.5000,'I',125.0000,'C',0.5981,0);
INSERT INTO `tablas` VALUES (332,'CEDRO BLANCO','1/2x3 1/2x100',0.5000,'I',3.5000,'I',100.0000,'C',0.4785,0);
INSERT INTO `tablas` VALUES (333,'CEDRO BLANCO','3/4x3 1/2x120',0.7500,'I',3.5000,'I',120.0000,'C',0.8612,0);
INSERT INTO `tablas` VALUES (334,'CEDRO BLANCO','1/2x3 1/2x102',0.5000,'I',3.5000,'I',102.0000,'C',0.4880,0);
/*!40000 ALTER TABLE `tablas` ENABLE KEYS */;
UNLOCK TABLES;

--
-- Table structure for table `tablasIO`
--

DROP TABLE IF EXISTS `tablasIO`;
/*!40101 SET @saved_cs_client     = @@character_set_client */;
/*!40101 SET character_set_client = utf8 */;
CREATE TABLE `tablasIO` (
  `id` int(11) NOT NULL AUTO_INCREMENT,
  `idtabla` int(11) NOT NULL,
  `cantidad` int(11) NOT NULL COMMENT 'positivo o neg, p.e. compras y ventas directas',
  `fecha` date DEFAULT NULL,
  `observaciones` char(50) DEFAULT NULL,
  `aplicadaEnInventario` char(1) DEFAULT 'n',
  PRIMARY KEY (`id`),
  KEY `fecha` (`fecha`)
) ENGINE=InnoDB DEFAULT CHARSET=latin1;
/*!40101 SET character_set_client = @saved_cs_client */;

--
-- Dumping data for table `tablasIO`
--

LOCK TABLES `tablasIO` WRITE;
/*!40000 ALTER TABLE `tablasIO` DISABLE KEYS */;
/*!40000 ALTER TABLE `tablasIO` ENABLE KEYS */;
UNLOCK TABLES;

--
-- Table structure for table `tarimas`
--

DROP TABLE IF EXISTS `tarimas`;
/*!40101 SET @saved_cs_client     = @@character_set_client */;
/*!40101 SET character_set_client = utf8 */;
CREATE TABLE `tarimas` (
  `id` int(11) NOT NULL AUTO_INCREMENT,
  `tarima` char(10) DEFAULT NULL,
  `descripcion` char(50) DEFAULT NULL,
  `editable` char(1) DEFAULT 's' COMMENT 'si !=s ya no se puede editar componentes',
  PRIMARY KEY (`id`),
  KEY `tarima` (`tarima`)
) ENGINE=InnoDB AUTO_INCREMENT=48 DEFAULT CHARSET=latin1;
/*!40101 SET character_set_client = @saved_cs_client */;

--
-- Dumping data for table `tarimas`
--

LOCK TABLES `tarimas` WRITE;
/*!40000 ALTER TABLE `tarimas` DISABLE KEYS */;
INSERT INTO `tarimas` VALUES (27,' 0085D','Daltile-38\" x 42.5\"','s');
INSERT INTO `tarimas` VALUES (29,'0174D','Daltile- 36\" x 48\"','s');
INSERT INTO `tarimas` VALUES (30,'0141D','Daltile-38.5\" x 43.25\"','s');
INSERT INTO `tarimas` VALUES (31,'0139D','Daltile- 43.25 x 43.25 CON 3/4','s');
INSERT INTO `tarimas` VALUES (32,'0043D','Daltile- 38\" x 38\"','s');
INSERT INTO `tarimas` VALUES (33,'0203D','Daltile- 31\"  X  34\"','s');
INSERT INTO `tarimas` VALUES (34,'0207D','Daltile- 44\" x 46\"','s');
INSERT INTO `tarimas` VALUES (35,'0224D','Daltile-44\"x49\"','s');
INSERT INTO `tarimas` VALUES (36,'COR01','Corona- 40 x 48 Euro','s');
INSERT INTO `tarimas` VALUES (37,'MAI01','MAINLAND- 40 x 48 CON TAQUETE DE  9 TABLAS','s');
INSERT INTO `tarimas` VALUES (38,'IEQ','IEQSA  40\" x 48\"','s');
INSERT INTO `tarimas` VALUES (39,'0141D+','Daltile- 39\" x 44\"','s');
INSERT INTO `tarimas` VALUES (40,'0236D','Daltile- 31\"  X  42\"','s');
INSERT INTO `tarimas` VALUES (43,'AGUI01','Aguilares 40\"x48\" Americana','s');
INSERT INTO `tarimas` VALUES (44,'0259D','39\"x39\"','s');
INSERT INTO `tarimas` VALUES (46,'0260D','Daltile-42\"x42\"','s');
INSERT INTO `tarimas` VALUES (47,'AGUI02','Aguilares 1.00x1.20 Euro','s');
/*!40000 ALTER TABLE `tarimas` ENABLE KEYS */;
UNLOCK TABLES;

--
-- Table structure for table `ventasMA`
--

DROP TABLE IF EXISTS `ventasMA`;
/*!40101 SET @saved_cs_client     = @@character_set_client */;
/*!40101 SET character_set_client = utf8 */;
CREATE TABLE `ventasMA` (
  `id` int(11) NOT NULL AUTO_INCREMENT,
  `fecha` date DEFAULT NULL,
  `cliente` char(80) DEFAULT NULL,
  `observ` char(80) DEFAULT NULL,
  `editable` char(1) DEFAULT 's' COMMENT 'al cambiar a no editable se aplica al inventario',
  PRIMARY KEY (`id`)
) ENGINE=InnoDB AUTO_INCREMENT=2 DEFAULT CHARSET=latin1;
/*!40101 SET character_set_client = @saved_cs_client */;

--
-- Dumping data for table `ventasMA`
--

LOCK TABLES `ventasMA` WRITE;
/*!40000 ALTER TABLE `ventasMA` DISABLE KEYS */;
INSERT INTO `ventasMA` VALUES (1,NULL,'','','s');
/*!40000 ALTER TABLE `ventasMA` ENABLE KEYS */;
UNLOCK TABLES;

--
-- Table structure for table `ventasMAmovs`
--

DROP TABLE IF EXISTS `ventasMAmovs`;
/*!40101 SET @saved_cs_client     = @@character_set_client */;
/*!40101 SET character_set_client = utf8 */;
CREATE TABLE `ventasMAmovs` (
  `id` int(11) NOT NULL AUTO_INCREMENT,
  `idVentasMA` int(11) NOT NULL,
  `idtabla` int(11) NOT NULL,
  `cantidad` int(11) NOT NULL,
  PRIMARY KEY (`id`),
  KEY `idVentasMA` (`idVentasMA`)
) ENGINE=InnoDB DEFAULT CHARSET=latin1;
/*!40101 SET character_set_client = @saved_cs_client */;

--
-- Dumping data for table `ventasMAmovs`
--

LOCK TABLES `ventasMAmovs` WRITE;
/*!40000 ALTER TABLE `ventasMAmovs` DISABLE KEYS */;
/*!40000 ALTER TABLE `ventasMAmovs` ENABLE KEYS */;
UNLOCK TABLES;
/*!40103 SET TIME_ZONE=@OLD_TIME_ZONE */;

/*!40101 SET SQL_MODE=@OLD_SQL_MODE */;
/*!40014 SET FOREIGN_KEY_CHECKS=@OLD_FOREIGN_KEY_CHECKS */;
/*!40014 SET UNIQUE_CHECKS=@OLD_UNIQUE_CHECKS */;
/*!40101 SET CHARACTER_SET_CLIENT=@OLD_CHARACTER_SET_CLIENT */;
/*!40101 SET CHARACTER_SET_RESULTS=@OLD_CHARACTER_SET_RESULTS */;
/*!40101 SET COLLATION_CONNECTION=@OLD_COLLATION_CONNECTION */;
/*!40111 SET SQL_NOTES=@OLD_SQL_NOTES */;

-- Dump completed on 2019-03-27 17:10:52
